CODPROD;DESCRICAO;CODFORNEC;J5_FORNECEDOR;CODEPTO;J6_DESCRICAO;CODSEC;J8_DESCRICAO;CODMARCA;J9_MARCA;CODCATEGORIA;J11_CATEGORIA;CODLINHAPROD;J31_DESCRICAO;TIPOMERC;NATUREZAPRODUTO;EMBALAGEM;UNIDADE;J20_DESCRICAO;QTUNIT;EMBALAGEMMASTER;UNIDADEMASTER;J27_DESCRICAO;QTUNITCX;PESOLIQ;PESOBRUTO;CODNCMEX;J1_DESCRICAO;NBM;EXTIPI;GTINCODAUXILIAR;GTINCODAUXILIAR2;GTINCODAUXILIARTRIB;CODAUXILIAR;CODAUXILIAR2;CODAUXILIARTRIB;CODFAB;DV;CODPRODMASTER;J22_DESCRICAO;NUMORIGINAL;CODPRODPRINC;J4_DESCRICAO;CODSUBMARCA;J23_DESCSUBMARCA;UNIDADEPADRAO;J26_DESCRICAO;ENVIAINFTECNICANFE;CODTABLIT;INFORMACOESTECNICAS;DADOSTECNICOS;CODGRULIT;CODPRODFORNEC;CODINFNUTRI;J32_PORCAO;CODPRODANTUTICAD;CODVASILHAME;J33_DESCRICAO;CODCOR;J34_DESCRICAO;DTINICODPRODANTUTICAD;DTPRIMOVNOVCODPROD;DIRFOTOPROD;CODFILIALRETIRA;J36_RAZAOSOCIAL;OBS2;CODGRADE;J37_DESCRICAO;SEQPAGINA;OBS;UTILIZARVASILHAME;QTDEMAXSEPARPEDIDO;REVENDA;SEQTABPRECO;STATUS;CODSUBCATEGORIA;J15_SUBCATEGORIA;COLUNAGRADE;USACLASSIFICACAO;VLMAODEOBRA;DESCRICAO1;DESCRICAO2;DESCRICAO3;DESCRICAO4;DESCRICAO5;DESCRICAO6;DESCRICAO7;REGISTROPECA;DTFINUTICODPRODANTUTICAD;IDEMBALAGEM;DSCPRODANTUTICAD;CODFUNCCADASTRO;J17_NOME;CODFUNCULTALTER;J21_NOME;CODFUNCULTALTCAD;DTEXCLUSAO;DTULTALTCOM;DTULTALTER;DTULTALTCAD;DTCADASTRO;CLASSEMC;CHECARMULTIPLOVENDABNF;ENVIARFORCAVENDAS;ACEITAVENDAFRACAO;PERCBONIFICVENDA;CLASSEVENDA;CLASSE;MARGEMMIN;PRECOFIXO;PRECOMAXCONSUMTAB;PRECOMAXCONSUM;MULTIPLO;PCOMEXT1;PCOMINT1;PCOMREP1;TIPOCOMISSAO;VLBONIFIC;CODPRAZOENT;J19_DESCRICAO;CUSTOREP;CUSTOREPTAB;MULTIPLOCOMPRAS;PERCBONOUTRAS;TEMREPOS;QTMINSUGCOMPRA;DESTAQUEFICHATECNICA;SUGVENDA;CODFILIAL;J13_RAZAOSOCIAL;CONCILIAIMPORTACAO;IMPORTADO;USALICENCAIMPORTACAO;MOEDA;PERCDESC1;PERCDESC2;PERCDESC3;PERCDESC4;PERCDESC5;PERCDESC6;PERCDESC7;PERCDESC8;PERCDESC9;PERCDESC10;TIPOEMBARQUEIMP;PERCFRETE;PERCFRETEFOB;PASSELIVRE;CAMPANHA;CODPASSEFISCAL;CONTROLAPATRIMONIO;CONTROLADOIBAMA;IDDESTAQUE;J16_DESCRICAO;VERIFCRAMOATIVCALCST;NUMPAG;LETRAPAGINA;PRECOFABRICA;PRECIFICESTRANGEIRA;DIASCONSECENT;PRAZOMAXINDENIZACAO;CLASSECOMISSAO;J7_IDENTIFICADOR;PERMITIRBROKERTV5;PERCBON;CLASSECOMPRA;DTDOLAR;ANTIDUMPING;COMPRACONSIGNADO;CODFORMATOPAPEL;GRAMATURA;UNIDADETRIB;J2_DESCRICAO;CESTABASICALEGIS;UNIDADETRIBEX;FATORCONVTRIB;FATORCONVTRIBEX;ISENTOTCIF;LICITUSARDESONERAICM;LICITPERCDESONERAICM;PERCALIQEXT;PERCALIQINT;PERCPRODEIC;PERCOFINS;LICITPERCDESONERACAP;PERICM;PERICMSANTECIPADO;PERCICMRED;PERCIPI;PERCIVA;PERCOUTRASDESP;PERPIS;PERCDESPADICIONAL;PERCVENDA;PERCSUFRAMA;ALIQUOTATCIF;ICMSRESSARC;IVARESSARC;PISCOFINSRETIDO;VPART;VLPAUTA;OBSCONTXCAMPO;OBSFISCOXCAMPO;CLASSIFICFISCAL;CODUNIDMEDIDANF;CODAGREGACAO;CODINTERNO;LICITCONVENIOISENCAOICMS;DESCANP;FUNDAPIANO;IMUNETRIB;PERINDENIZ;ISENTOSTCOZINHAINDUSTRIAL;PREDOMINANCIA;OBSCONTXTEXTO;OBSFISCOXTEXTO;PERCDESC;LICITUSARCAP;UTILIZASELO;USACODAGREGACAO;DENSIDADE;DESCPAPEL;CONCENTRACAO;CODPRODSINTEGRA;COMODATO;NUMREGAGRMAP;PAISORIGEM;CODDISTRIB;J3_DESCRICAO;USAWMS;CONFERENOCHECKOUT;RESTRICAOTRANSP;EXPORTABALANCA;PRAZOVAL;TIPOESTOQUE;APTO;MODULO;LASTROPAL;TIPOPROD;TIPOVOLUMEDESCARGA;VOLUME;ALTURA;PESOBRUTOMASTER;PESOEMBALAGEM;PESOPECA;PESOVARIAVEL;PERCPERDAKG;PERCDIFERENCAKGFRIO;FATORCONVERSAOKG;CODPRODENGRADADO;PRODUSAENGRADADO;FATCONVPRODENGRAD;PROXNUMLOTE;PREFIXOLOTE;INDUZLOTE;NORMAFORNECEDOR;PERMITEMULTIPLICACAOPDV;PESOMINIMO;PESOLIQDI;PESOMAXIMO;CODRISCO;J28_MENSAGEM;PESOBRUTOFRETE;VALORTARAPORPECA;TARAPORPECA;CODONU;J18_MENSAGEM;DTVENC;CODACONDICIONAMENTO;J25_MENSAGEM;TAMANHOPECA;PRAZOMAXVALIDADE;PRAZOMINVALIDADE;CONTROLAVALIDADEDOLOTE;DTINICONTLOTE;NUMLISTAINVENTROT;NUMLOTE;NUMSEQINVENTROT;ESTOQUEPORLOTE;ALTURAPAL;ALTURATOTAL;CLASSEESTOQUE;DIAMETROEXTERNO;DIAMETROINTERNO;CODPRODEMBALAGEM;J30_DESCRICAO;LITRAGEM;NUMERO;QTTOTPAL;QTMETROS;RUA;TIPOALTURAPALETE;CODAGRUPMAPASEP;PRAZOMEDIOVENDA;TIPODESCARGA;FRETEESPECIAL;NUMDIASVALIDADEMIN;PRAZOMAXVENDA;PRAZOGARANTIA;BLOQUEIOACORDOPARCERIA;CODCLASSETERAPEUTSNGPC;CODSAZONALIDADEMED;J10_DESCRICAO;CODLINHAPRAZO;J29_DESCRICAO;ANVISA;SIMPRO;GRAMATURALICIT;GRUPOFATURAMENTO;CODMOTISENCAOANVISA;REGISTROMSMED;PMPFMEDICAMENTO;CODPRINCIPATIVO;J35_DESCRICAO;CODPRINCIPATIVO2;J14_DESCRICAO;FARMACIAPOPULAR;PSICOTROPICO;RETINOICO;TIPOCUSTOTRANSF;TIPOMEDICAMENTO;TIPOTRIBUTMEDIC;USOPROLONGADOSNGPC;UTILIZAPRECOFABRICA;UTILIZAPRECOMAXCONSUMIDOR;FORMAESTERILIZACAO;CODSALMED;J38_DESCRICAO;CONVENIOISENCAOICMSMED;ACEITATROCAINSERVIVEL;CARCACABATERIA;CODINSERVIVEL;J24_AMPERAGEM;STATUSSUCATA;PGNI;PGNN;PGLP;ANP;SUBTITULOECOMMERCE;CODCAMPLOMADEE;CODADWORDS;DIRETORIOFOTOS;MYFROTA;EXIBESEMESTOQUEECOMMERCE;FATORCONVERSAOBIONEXO;NOMEECOMMERCE;EMBVENDAECOMMERCEUNILEVER;TIPOINTEGRACAOB2B;J12_NOME;TITULOECOMMERCE;LINKID;USAECOMMERCEUNILEVER;UTILIZAINTEGRACAOKIBON;ENVIAECOMMERCE;FLDSELECAO
67;BEB CACHACA TROPICAL 490ML;4218;GBS COMERCIO LTDA;15;BEB ALCOOLICA;1511;CANA E CACHACA;;;151101;CANA E CACHACA;;;L;OT;1UNX490ML;UN;UNIDADE;1,00;12X490ML;CX;CAIXA;12,00;0,49;0,49;22084000.;RUM E OUTRAS AGUARDENTES DE CANA;22084000;;13;14;13;7898043100053,00;17898034100050,00;7898043100053,00;67;1;67;BEB CACHACA TROPICAL 490ML;;67;BEB CACHACA TROPICAL 490ML;;;;;N;;;;;;;;;;;;;;;P:\IMAGENS PRODUTOS\67.JPG;;;  ;;;;;N;;S;;;1;FOOD;;N;;;;;;;;;;;;;15;FERNANDO FREIRE;217;COMPRADOR - CRISTIANO;1275;;17/01/2025 11:30:03;25/11/2025 12:16:56;03/11/2025 16:02:03;08/04/2015;;S;S;N;;A;A;;N;;;1,00;0,50;0,50;0,50;P;0,00;;;2,50;0,00;;0,00;21;;S;0;;;N;N;N;R;0,00;0,00;0,00;0,00;0,00;0,00;0,00;0,00;0,00;0,00;;0,00;0,00;N;N;;S;N;;;N;;;;N;;;;;S;0,00;;;N;N;;;;;N;;;;N;N;;0,00;0,00;;0,00;;0,00;0,00;0,00;0,00;0,00;0,00;0,00;0,00;;;;;;N;;0,00;;;;;;;;;N;N;;N;;;;0,00;N;N;N;;;;;N;;;;;S;S;N;E;;PA;1;1;;1;;0,00;;5,93;;1,00;N;0,00;;;;N;;;;N;;S;;0,00;;;;;;;;;;;;;;;N;;20;;;N;;;;;;;;;1,00;100,00;;1;;;;V;N;;;;N;;;;;;;;;N;;;;;;;;;N;;;N;OM;;N;N;;;;N;N;N;;;0;;;;;;;;;N;;1,00;;U;;;;;N;N;N;0
68;BEB CATUABA DUELO 490ML;76;LUGPET DISTRIBUIDORA DE BEBIDAS LTDA;15;BEB ALCOOLICA;1513;CATUABA;;;151301;CATUABA ;;;L;OT;1UNX490ML;UN;UNIDADE;1,00;12X490ML;CX;CAIXA;12,00;0,53;0,53;22060090.;OUTS.BEBIDAS FERM.,MISTURAS D/BEBIDAS FERM. ;22060090;;13;14;13;7896718200398,00;17896718200398,00;7896718200398,00;0202079;0;68;BEB CATUABA DUELO 490ML;;68;BEB CATUABA DUELO 490ML;;;;;N;;;;;;;;;;;;;;;P:\IMAGENS PRODUTOS\68.JPG;;;  ;;;;;N;;S;;;;;;N;;;;;;;;;;;;;15;FERNANDO FREIRE;217;COMPRADOR - CRISTIANO;1275;;11/11/2023 11:40:34;02/10/2025 11:22:43;14/03/2025 15:21:01;08/04/2015;;S;S;N;;C;C;;N;;;1,00;0,50;0,50;0,50;P;0,00;;;2,76;0,00;;0,00;21;;S;0;;;N;N;N;R;0,00;0,00;0,00;0,00;0,00;0,00;0,00;0,00;0,00;0,00;;0,00;0,00;N;N;;S;N;;;N;;;;N;;;;;S;0,00;;;N;N;;;;;N;;;;N;N;;0,00;0,00;;0,00;;0,00;0,00;0,00;0,00;0,00;0,00;0,00;0,00;;;;;;N;;0,00;;;;;;;;;N;N;;N;;;;0,00;N;N;N;;;;;N;;;;;S;S;N;E;;PA;1;1;;1;;0,00;;6,30;;;N;0,00;;;;N;;;;N;;;;0,00;;;;;;;;;21/01/2018;;;;;;N;;20;;;N;;;;;;;;;1,00;100,00;;1;;;;V;N;;;;N;;;;;;;;;N;;;;;;;;;N;;;N;OM;;N;N;;;;N;N;N;;;0;;;;;;;;;N;;1,00;;U;;;;;N;N;N;0
69;ZZ;176;DIST BELEM DE ALIMENTOS LTDA;1;MIGRACAO;1;MIGRACAO;;;1;MIGRACAO;;;L;OT;1;UN;UNIDADE;1,00;1;CX;CAIXA;1,00;0,52;0,52;22060090.;OUTS.BEBIDAS FERM.,MISTURAS D/BEBIDAS FERM. ;22060090;;0;0;0;0,00;0,00;0,00;;8;17036;TESTE WINTHOR INDUSTRIA;;17036;TESTE WINTHOR INDUSTRIA;;;;;N;;;;;;;;;;;;;;;;;;FL;;;;;N;;N;;;;;;N;;;;;;;;;;;;;15;FERNANDO FREIRE;453;AMF CONSULTA;453;19/08/2024 11:26:20;19/08/2024 11:26:20;19/08/2024 11:27:01;17/11/2022 17:35:43;08/04/2015;;S;S;N;;C;;;N;;;1,00;0,50;0,50;0,50;P;0,00;;;0,00;0,00;;0,00;21;;N;0;;;N;N;N;R;0,00;0,00;0,00;0,00;0,00;0,00;0,00;0,00;0,00;0,00;;0,00;0,00;N;N;;S;N;;;N;;;;N;;;;;S;0,00;;;N;N;;;;;N;;;;N;N;;0,00;0,00;;0,00;;0,00;0,00;0,00;0,00;0,00;0,00;0,00;0,00;;;;;;N;;0,00;;;;;;;;;N;N;;N;;;;;N;N;N;;;;;N;;;;;N;S;N;E;;PA;1;1;;1;;;;;;;N;0,00;;;;N;;;;N;;;;;;;;;;;;;;;;;;;N;;;;;N;;;;;;;;;1,00;100,00;;1;;;;V;N;;;;N;;;;;;;;;N;;;;;;;;;N;;;N;OM;;N;N;;;;;N;N;;;0;;;;;;;;;N;;1,00;;U;;;;;N;N;N;0
70;BEB CERV DRAFT PILSEN LT 350ML;14;CERPA CERVEJARIA PARAENSE S/A;15;BEB ALCOOLICA;1501;CERVEJA;;;150101;CERVEJA LATA;;;L;OT;350ML;LT;LATA;1,00;CX C/ 12;CX;CAIXA;12,00;0,37;0,37;22030000.;"CERVEJAS DE MALTE

";22030000;;13;0;13;7896388000342,00;0,00;7896388000342,00;009017;1;70;BEB CERV DRAFT PILSEN LT 350ML;;70;BEB CERV DRAFT PILSEN LT 350ML;;;;;N;;;;;;;;;;;;;;;;;;FL;;;;;N;;S;;;;;;N;;;;;;;;;;;;;15;FERNANDO FREIRE;340;CEZAR DE MELO GUIMAREES;340;16/12/1992;03/05/2022 15:38:34;07/05/2025 13:44:58;03/05/2022 15:38:34;08/04/2015;;S;S;N;;C;A;;N;;;1,00;0,50;0,50;0,50;P;0,00;;;1,87;0,00;;0,00;21;;S;0;;;N;N;N;R;0,00;0,00;0,00;0,00;0,00;0,00;0,00;0,00;0,00;0,00;;0,00;0,00;N;N;;S;N;;;N;;;;N;;;;;S;0,00;;;N;N;;;;;N;;;;N;N;;0,00;0,00;;0,00;;0,00;0,00;0,00;0,00;0,00;0,00;0,00;0,00;;0,00;;;;N;;0,00;;;;;;;;;N;N;;N;;;;0,00;N;N;N;;;;;N;;;;;S;S;N;E;;PA;1;1;;1;;0,00;;4,42;;;N;0,00;;;;N;;;;N;;;;0,00;;;;;;;;;06/08/2017;;;;;;N;;;;;N;;;;;;;;;1,00;100,00;;1;;;;V;N;;;;N;;;;;;;;;N;;;;;;;;;N;;;N;OM;;N;N;;;;;N;N;;;0;;;;;;;;;N;;1,00;;U;;;;;N;N;N;0
71;BEB CERV GLACIAL PILSEN LT 350ML;19;HNK BR BEBIDAS LTDA;15;BEB ALCOOLICA;1501;CERVEJA;;;150101;CERVEJA LATA;;;L;OT;350ML;LT;LATA;1,00;1X12;PC;PACOTE;12,00;0,37;0,37;22030000.6;CERVEJAS DE MALTE ;22030000;06;13;14;13;7896052601882,00;7896052601899,00;7896052601882,00;900089PR;0;71;BEB CERV GLACIAL PILSEN LT 350ML;;71;BEB CERV GLACIAL PILSEN LT 350ML;;;;;N;;;;;;;;;;;;;;;;;;  ;;;;;N;;S;;;;;;N;;;;;;;;;;;;;15;FERNANDO FREIRE;156;JOSUE CONCEICAO DE OLIVEIRA;340;;03/05/2022 15:38:34;06/06/2025 14:59:51;03/05/2022 15:38:34;08/04/2015;;S;S;N;;C;A;;N;;;1,00;0,50;0,50;0,50;P;0,00;;;2,27;0,00;;0,00;21;;S;0;;;N;N;N;R;0,00;0,00;0,00;0,00;0,00;0,00;0,00;0,00;0,00;0,00;;0,00;0,00;N;N;;S;N;;;N;;;;N;;;;;S;0,00;;;N;N;;;;;N;;;;N;N;;0,00;0,00;;0,00;;0,00;0,00;0,00;6,00;0,00;0,00;0,00;0,00;;;;;;N;;0,00;;;;;;;;;N;N;;N;;;;0,00;N;N;N;;;;;N;;;;;S;S;N;E;;PA;1;1;;1;;0,00;;4,46;;1,00;N;0,00;;;;N;;;;N;;;;0,00;;;;;;;;;27/04/2017;;;;;;N;;20;;;N;;;;;;;;;1,00;100,00;;1;;;;V;N;;;;N;;;;;;;;;N;;;;;;;;;N;;;N;OM;;N;N;;;;;N;N;;;0;;;;;;;;;N;;1,00;;U;;;;;N;N;N;0
26207;ZZ;176;DIST BELEM DE ALIMENTOS LTDA;1;MIGRACAO;1;MIGRACAO;;;1;MIGRACAO;;;L;OT;1;UN;UNIDADE;1,00;1;CX;CAIXA;1,00;0,26;0,26;09012100.;"CAFE TORRADO,NAO DESCAFEINADO
";09012100;;0;0;0;0,00;0,00;0,00;;2;17036;TESTE WINTHOR INDUSTRIA;;17036;TESTE WINTHOR INDUSTRIA;;;;;N;;;;;;;;;;;;;;;;;;FL;;;;;N;;S;;;;;;N;;;;;;;;;;;;;435;COMPRADOR 15 - OLIVER;436;FAIVES.TEC;436;22/12/2022 17:30:38;26/07/2024 13:54:47;07/05/2025 13:44:58;26/07/2024 13:54:47;15/02/2022;;S;S;S;;C;A;;N;;;0,00;0,50;0,50;0,50;P;0,00;;;6,05;0,00;;0,00;21;;S;0;;;N;N;N;R;0,00;0,00;0,00;0,00;0,00;0,00;0,00;0,00;0,00;0,00;;0,00;0,00;N;N;;S;N;;;N;;;;N;;;;;S;0,00;;;N;N;;;;;S;;;;N;N;;0,00;0,00;;0,00;;0,00;0,00;0,00;0,00;0,00;0,00;0,00;0,00;;;;;;N;;0,00;;;;;;;;;N;N;;N;;;;0,00;N;N;N;;;;;N;;;;;S;S;N;E;;PA;1;1;1,00;1;;0,00;;5,14;0,00;0,00;N;0,00;;;;N;;;;N;;S;;0,00;;;;;;;;;14/05/2017;;;;;;N;;;;;N;1,00;;;;;;;;1,00;1,00;;1;1;;;V;N;;;;N;;;;;;;;;N;;;;;;;;;N;;;N;OM;;N;N;;;;N;N;N;;;0;;;;;;;;;N;;1,00;;U;;;;;N;N;N;0
72;BEB CERV SCHIN PILSEN LT 269ML;62;JAPIIM DISTRIBUIDORA DE BEBIDAS LTDA ;15;BEB ALCOOLICA;1501;CERVEJA;;;150101;CERVEJA LATA;;;L;OT;269ML;UN;UNIDADE;1,00;PC C/ 15UN;PC;PACOTE;15,00;0,29;0,29;22030000.;"CERVEJAS DE MALTE

";22030000;;13;14;13;7898605260525,00;7896052605262,00;7898605260525,00;72;8;72;BEB CERV SCHIN PILSEN LT 269ML;;72;BEB CERV SCHIN PILSEN LT 269ML;;;;;N;;;;;;;;;;;;;;;;;;FL;;;;;N;;N;;;;;;N;;;;;;;;;;;;;15;FERNANDO FREIRE;217;COMPRADOR - CRISTIANO;217;15/12/1992;03/11/2022 10:31:55;07/05/2025 13:44:58;03/11/2022 10:31:55;08/04/2015;;S;S;N;;C;A;;N;;;1,00;0,50;0,50;0,50;P;0,00;;;1,07;0,00;;0,00;21;;S;0;;;N;N;N;R;0,00;0,00;0,00;0,00;0,00;0,00;0,00;0,00;0,00;0,00;;0,00;0,00;N;N;;S;N;;;N;;;;N;;;;;S;0,00;;;N;N;;;;;N;;;;N;N;;0,00;0,00;;0,00;;0,00;0,00;0,00;0,00;0,00;0,03;0,00;0,00;;;;;;N;;0,00;;;;;;;;;N;N;;N;;;;0,00;N;N;N;;;;;N;;;;;S;S;N;E;;PA;1;1;;1;;0,00;;4,32;;;N;0,00;;;;N;;;;N;;;;;;;;;;;;;;;;;;;N;;;;;N;;;;;;;;;1,00;100,00;;1;;;;V;N;;;;N;;;;;;;;;N;;;;;;;;;N;;;N;OM;;N;N;;;;;N;N;;;0;;;;;;;;;N;;1,00;;U;;;;;N;N;N;0
73;BEB CERV SCHIN PILSEN LT 350ML;62;JAPIIM DISTRIBUIDORA DE BEBIDAS LTDA ;15;BEB ALCOOLICA;1501;CERVEJA;;;150101;CERVEJA LATA;;;L;OT;350ML;LT;LATA;1,00;PC C/ 12UN;PC;PACOTE;12,00;0,37;0,37;22030000.;"CERVEJAS DE MALTE

";22030000;;13;14;13;7896052605279,00;7896052605286,00;7896052605279,00;73;6;73;BEB CERV SCHIN PILSEN LT 350ML;;73;BEB CERV SCHIN PILSEN LT 350ML;;;;;N;;;;;;;;;;;;;;;;1;DISTRIBUIDORA FREITAS LOPES LTDA;FL;;;;;N;;S;;;;;;N;;;;;;;;;;;;;15;FERNANDO FREIRE;453;AMF CONSULTA;453;15/12/1992;10/10/2022 14:16:23;07/05/2025 13:44:58;10/10/2022 14:16:23;08/04/2015;;S;S;N;;C;A;;N;;;1,00;0,50;0,50;0,50;P;0,00;;;1,35;0,00;;0,00;21;;S;0;;;N;N;N;R;0,00;0,00;0,00;0,00;0,00;0,00;0,00;0,00;0,00;0,00;;0,00;0,00;N;N;;S;N;;;N;;;;N;;;;;S;0,00;;;N;N;;;;;N;;;;N;N;;0,00;0,00;;0,00;;0,00;0,00;0,00;0,00;0,00;0,00;0,00;0,00;;;;;;N;;0,00;;;;;;;;;N;N;;N;;;;0,00;N;N;N;;;;;N;;;;;S;S;N;E;;PA;1;1;;1;;0,00;;4,42;;;N;0,00;;;;N;;;;N;;;;0,00;;;;;;;;;02/05/2017;;;;;;N;;;;;N;;;;;;;;;1,00;100,00;;1;;;;V;N;;;;N;;;;;;;;;N;;;;;;;;;N;;;N;OM;;N;N;;;;;N;N;;;0;;;;;;;;;N;;1,00;;U;;;1;;N;N;N;0
75;BEB CONH DOMUS 900ML;4218;GBS COMERCIO LTDA;15;BEB ALCOOLICA;1512;CONHAQUE;;;151201;CONHAQUE;;;L;OT;1UNX1L;UN;UNIDADE;1,00;CX C/ 06UN;CX;CAIXA;6,00;1,40;1,40;22089000.;OUTRAS BEBIDAS ALCOOLICAS;22089000;;13;14;13;7896002108034,00;17896002111918,00;7896002108034,00;75;2;75;BEB CONH DOMUS 900ML;;75;BEB CONH DOMUS 900ML;;;;;N;;;;;;;;;;;;;;;P:\IMAGENS PRODUTOS\75.PNG;;;  ;;;;;N;;S;;;1;FOOD;;N;;;;;;;;;;;;;15;FERNANDO FREIRE;1275;BRUNO FREIRE DE SOUZA;1275;;30/04/2024;27/11/2025 15:11:36;27/11/2025 15:11:36;08/04/2015;;S;S;S;;C;C;;N;;;1,00;0,50;0,50;0,50;P;0,00;;;11,50;0,00;;0,00;21;;S;0;;;N;N;N;R;0,00;0,00;0,00;0,00;0,00;0,00;0,00;0,00;0,00;0,00;;0,00;0,00;N;N;;S;N;;;N;;;;N;;;;;S;0,00;;;N;N;;;;;N;;;;N;N;;0,00;0,00;;0,00;;0,00;0,00;0,00;0,00;0,00;0,00;0,00;0,00;;;;;;N;;0,00;;;;;;;;;N;N;;N;;;;0,00;N;N;N;;;;;N;;;;;S;S;N;E;;PA;1;1;20,00;1;;0,00;;8,40;;1,00;N;0,00;;;;N;;;;N;;;;0,00;;;;;;;;;;;;;;;N;;20;;;N;5,00;;;;;;;;1,00;100,00;;1;1;;;V;N;;;;N;;;;;;;;;N;;;;;;;;;N;;;N;OM;;N;N;;;;N;N;N;;;0;;;;;;;;;N;;1,00;;U;;;;;N;N;N;0
76;BEB CONH ALCAT SAO JOAO DA BARRA 900ML;4218;GBS COMERCIO LTDA;15;BEB ALCOOLICA;1512;CONHAQUE;;;151201;CONHAQUE;;;L;OT;1UNX900ML;UN;UNIDADE;1,00;CX C/ 06UN;CX;CAIXA;6,00;1,80;1,40;22089000.;OUTRAS BEBIDAS ALCOOLICAS;22089000;;13;14;13;7896022610005,00;27896022610001,00;7896022610005,00;76;0;76;BEB CONH ALCAT SAO JOAO DA BARRA 900ML;;76;BEB CONH ALCAT SAO JOAO DA BARRA 900ML;;;;;N;;;;;;;;;;;;;;;P:\IMAGENS PRODUTOS\76.JPEG;;;  ;;;;;N;;S;;;1;FOOD;;N;;;;;;;;;;;;;15;FERNANDO FREIRE;217;COMPRADOR - CRISTIANO;1275;;06/05/2025;26/11/2025 14:06:01;03/11/2025 16:01:19;08/04/2015;;S;S;N;;A;A;;N;;;1,00;0,50;0,50;0,50;P;0,00;;;16,00;0,00;;0,00;21;;S;0;;;N;N;N;R;0,00;0,00;0,00;0,00;0,00;0,00;0,00;0,00;0,00;0,00;;0,00;0,00;N;N;;S;N;;;N;;;;N;;;;;S;0,00;;;N;N;;;;;N;;;;N;N;;0,00;0,00;;0,00;;0,00;0,00;0,00;0,00;0,00;0,00;0,00;0,00;;;;;;N;;0,00;;;;;;;;;N;N;;N;;;;0,00;N;N;N;;;;;N;;;;;S;S;N;E;;PA;1;1;;1;;0,00;;8,40;;1,00;N;0,00;;;;N;;;;N;;S;;0,00;;;;;;;;;;;;;;;N;;20;;;N;;;;;;;;;1,00;100,00;;1;;;;V;N;;;;N;;;;;;;;;N;;;;;;;;;N;;;N;OM;;N;N;;;;N;N;N;;;0;;;;;;;;;N;;1,00;;U;;;;;N;N;N;0
77;BEB CONH PRESIDENTE 900ML;4218;GBS COMERCIO LTDA;15;BEB ALCOOLICA;1512;CONHAQUE;;;151201;CONHAQUE;;;L;OT;1UNX900ML;UN;UNIDADE;1,00;CX C/ 06UN;CX;CAIXA;6,00;1,35;1,36;22089000.1;(IPI 8% / INTERESTADUAL)OUTRAS BEBIDAS ALCOOLICAS;22089000;01;13;14;13;7896023080487,00;7896023080029,00;7896023080487,00;77;9;77;BEB CONH PRESIDENTE 900ML;;77;BEB CONH PRESIDENTE 900ML;;;;;N;;;;;;;;;;;;;;;P:\IMAGENS PRODUTOS\77.JPG;;;  ;;;;;N;;S;;;1;FOOD;;N;;;;;;;;;;;;;15;FERNANDO FREIRE;177;ROSANE DUARTE DOS SANTOS;1275;;14/11/2023 12:25:33;10/11/2025 16:24:03;03/11/2025 16:11:33;08/04/2015;;S;S;N;;C;B;;N;;;1,00;0,50;0,50;0,50;P;0,00;;;15,00;0,00;;0,00;21;;S;0;;;N;N;N;R;0,00;0,00;0,00;0,00;0,00;0,00;0,00;0,00;0,00;0,00;;0,00;0,00;N;N;;S;N;;;N;;;;N;;;;;S;0,00;;;N;N;;;;;N;;;;N;N;;0,00;0,00;;0,00;;0,00;0,00;0,00;0,00;0,00;0,00;0,00;0,00;;;;;;N;;0,00;;;;;;;;;N;N;;N;;;;0,00;N;N;N;;;;;N;;;;;S;S;N;E;;PA;1;1;;1;;0,00;;8,17;;1,00;N;0,00;;;;N;;;;N;;;;0,00;;;;;;;;;;;;;;;N;;20;;;N;;;;;;;;;1,00;100,00;;1;;;;V;N;;;;N;;;;;;;;;N;;;;;;;;;N;;;N;OM;;N;N;;;;N;N;N;;;0;;;;;;;;;N;;1,00;;U;;;;;N;N;N;0
27753;EMB BAND COPOBRAS CF-001 PRETA PREMIUM;649;COPOBRAS S/A IND E COM DE EMBALAGENS;1;MIGRACAO;1;MIGRACAO;353;DESCARTAVEL;1;MIGRACAO;;;L;OT;UNIDADE;UN;UNIDADE;1,00;400X1;UN;UNIDADE;400,00;1,00;1,00;39239090.;"ARTIGOS DE TRANSPORTE OU DE EMBALAGEM, DE PLASTICO; ROLHAS, TAMPAS, CAPSULAS E OUTROS DISPOSITIVOS PARA FECHAR RECIPIENTES, DE PLASTICO.";39239090;;8;0;8;27753,00;0,00;27753,00;400207;;27753;EMB BAND COPOBRAS CF-001 PRETA PREMIUM;;27751;EMB BAND COPOBRAS CF-001 AMAR PREMIUM;;;;;N;;;;;;;;;;;;;;;;;;FL;;;;;N;;S;;;;;;N;;;;;;;;;;;;;335;COMPRADOR 13 - RONALDO DIAS;453;AMF CONSULTA;453;15/12/1992;03/03/2023 08:54:32;05/03/2024 12:05:53;03/03/2023 08:54:32;23/04/2022;;S;N;N;;;;;N;;;1,00;0,50;0,50;0,50;P;0,00;;;0,32;0,00;;0,00;28;;N;0;;;N;N;N;R;0,00;0,00;0,00;0,00;0,00;0,00;0,00;0,00;0,00;0,00;;0,00;0,00;N;N;;S;N;;;N;;;;N;;;;;S;0,00;;;N;N;;;;;N;;;;N;N;;0,00;0,00;;0,00;;0,00;0,00;0,00;0,00;0,00;0,00;0,00;0,00;;;;;;N;;0,00;;;;;;;;;N;N;;N;;;;0,00;N;N;S;;;;;N;;;;;N;S;N;E;;PA;1;1;;1;;;;;;;N;0,00;;;;N;;;;N;;;;0,00;;;;;;;;;;;;;;;N;;;;;N;;;;;;;;;1,00;1,00;;1;;;;V;N;;;;N;;;;;;;;;N;;;;;;;;;N;;;N;OM;;N;N;;;;;N;N;;;0;;;;;;;;;N;;1,00;;U;;;;;N;N;N;0
27754;EMB BAND COPOBRAS CF-002 ROSA PREM C/400;649;COPOBRAS S/A IND E COM DE EMBALAGENS;1;MIGRACAO;1;MIGRACAO;353;DESCARTAVEL;1;MIGRACAO;;;L;OT;UNIDADE;UN;UNIDADE;1,00;1X1;FD;FARDO;1,00;1,00;1,00;39239090.;"ARTIGOS DE TRANSPORTE OU DE EMBALAGEM, DE PLASTICO; ROLHAS, TAMPAS, CAPSULAS E OUTROS DISPOSITIVOS PARA FECHAR RECIPIENTES, DE PLASTICO.";39239090;;14;0;14;27754,00;0,00;27754,00;400181;;27754;EMB BAND COPOBRAS CF-002 ROSA PREM C/400;;24977;EMB BAND COPOBRAS CF-002 AMAR PREM C/400;;;;;N;;;;;;;;;;;;;;;;;;FL;;;;;N;;S;;;;;;N;;;;;;;;;;;;;335;COMPRADOR 13 - RONALDO DIAS;453;AMF CONSULTA;453;16/12/1992;03/03/2023 08:54:32;05/03/2024 12:05:53;03/03/2023 08:54:32;23/04/2022;;S;N;N;;;;;N;;;1,00;0,50;0,50;0,50;P;0,00;;;50,40;0,00;;0,00;28;;N;0;;;N;N;N;R;0,00;0,00;0,00;0,00;0,00;0,00;0,00;0,00;0,00;0,00;;0,00;0,00;N;N;;S;N;;;N;;;;N;;;;;S;0,00;;;N;N;;;;;N;;;;N;N;;0,00;0,00;;0,00;;0,00;0,00;0,00;0,00;0,00;0,00;0,00;0,00;;;;;;N;;0,00;;;;;;;;;N;N;;N;;;;0,00;N;N;S;;;;;N;;;;;N;S;N;E;;PA;1;1;;1;;;;;;;N;0,00;;;;N;;;;N;;;;0,00;;;;;;;;;;;;;;;N;;;;;N;;;;;;;;;1,00;1,00;;1;;;;V;N;;;;N;;;;;;;;;N;;;;;;;;;N;;;N;OM;;N;N;;;;;N;N;;;0;;;;;;;;;N;;1,00;;U;;;;;N;N;N;0
78;BEB CATUABA TROPICAL 490ML;4218;GBS COMERCIO LTDA;15;BEB ALCOOLICA;1513;CATUABA;;;151301;CATUABA ;;;L;OT;490ML;UN;UNIDADE;1,00;12X490ML;CX;CAIXA;12,00;0,50;0,52;22089000.;OUTRAS BEBIDAS ALCOOLICAS;22089000;;13;14;13;7898043100114,00;17898043100111,00;7898043100114,00;78;7;67;BEB CACHACA TROPICAL 490ML;;67;BEB CACHACA TROPICAL 490ML;;;;;N;;;;;;;;;;;;;;;P:\IMAGENS PRODUTOS\78.JPG;;;  ;;;;;N;;S;;;;;;N;;;;;;;;;;;;;15;FERNANDO FREIRE;217;COMPRADOR - CRISTIANO;1275;;20/02/2025 13:58:17;25/11/2025 12:16:56;03/11/2025 16:02:23;08/04/2015;;S;S;N;;B;C;;N;;;1,00;0,50;0,50;0,50;P;0,00;;;2,50;0,00;;0,00;21;;S;0;;;N;N;N;R;0,00;0,00;0,00;0,00;0,00;0,00;0,00;0,00;0,00;0,00;;0,00;0,00;N;N;;S;N;;;N;;;;N;;;;;S;0,00;;;N;N;;;;;N;;;;N;N;;0,00;0,00;;0,00;;0,00;0,00;0,00;0,00;0,00;0,00;0,00;0,00;;;;;;N;;0,00;;;;;;;;;N;N;;N;;;;0,00;N;N;N;;;;;N;;;;;S;S;N;E;;PA;1;1;;1;;0,00;;6,20;;1,00;N;0,00;;;;N;;;;N;;S;;0,00;;;;;;;;;;;;;;;N;;20;;;N;;;;;;;;;1,00;100,00;;1;;;;V;N;;;;N;;;;;;;;;N;;;;;;;;;N;;;N;OM;;N;N;;;;N;N;N;;;0;;;;;;;;;N;;1,00;;U;;;;;N;N;N;0
79;BEB ICE DUELO NIGHT LIMAO 275ML;76;LUGPET DISTRIBUIDORA DE BEBIDAS LTDA;15;BEB ALCOOLICA;1509;ICE E ABSINTRO;;;150901;ICE E ABSINTRO;;;L;OT;1UNX275ML;UN;UNIDADE;1,00;PC C/ 12 UND;CX;CAIXA;12,00;0,28;0,31;22060090.1;(IPI / INTERESTADUAL)OUTS.BEBIDAS FERM.,MISTURAS D/BEBIDAS FERM. ;22060090;01;13;14;13;7896718201241,00;17896718201241,00;7896718201241,00;0202084;5;79;BEB ICE DUELO NIGHT LIMAO 275ML;;79;BEB ICE DUELO NIGHT LIMAO 275ML;;;;;N;;;;;;;;;;;;;;;P:\IMAGENS PRODUTOS\79.PNG;;;  ;;;;;N;;S;;;;;;N;;;;;;;;;;;;;15;FERNANDO FREIRE;217;COMPRADOR - CRISTIANO;103;;30/12/2024 13:23:43;02/10/2025 11:22:43;30/12/2024 13:23:43;08/04/2015;;S;S;N;;C;C;;N;;;1,00;0,50;0,50;0,50;P;0,00;;;1,84;0,00;;0,00;21;;S;0;;;N;N;N;R;0,00;0,00;0,00;0,00;0,00;0,00;0,00;0,00;0,00;0,00;;0,00;0,00;N;N;;S;N;;;N;;;;N;;;;;S;0,00;;;N;N;;;;;N;;;;N;N;;0,00;0,00;;0,00;;0,00;0,00;0,00;0,00;0,00;0,00;0,00;0,00;;;;;;N;;0,00;;;;;;;;;N;N;;N;;;;0,00;N;N;N;;;;;N;;;;;S;S;N;E;;PA;1;1;;1;;0,00;;3,67;;1,00;N;0,00;;;;N;;;;N;;S;;0,00;;;;;;;;;15/07/2017;;;;;;N;;20;;;N;;;;;;;;;1,00;100,00;;1;;;;V;N;;;;N;;;;;;;;;N;;;;;;;;;N;;;N;OM;;N;N;;;;N;N;N;;;0;;;;;;;;;N;;1,00;;U;;;;;N;N;N;0
80;ZZ;176;DIST BELEM DE ALIMENTOS LTDA;1;MIGRACAO;1;MIGRACAO;;;1;MIGRACAO;;;L;OT;1;UN;UNIDADE;1,00;1;CX;CAIXA;1,00;0,95;0,95;22060090.;OUTS.BEBIDAS FERM.,MISTURAS D/BEBIDAS FERM. ;22060090;;0;0;0;0,00;0,00;0,00;;9;17036;TESTE WINTHOR INDUSTRIA;;17036;TESTE WINTHOR INDUSTRIA;;;;;N;;;;;;;;;;;;;;;;;;FL;;;;;N;;N;;;;;;N;;;;;;;;;;;;;15;FERNANDO FREIRE;453;AMF CONSULTA;453;03/01/2016;17/11/2022 17:35:43;07/05/2025 13:44:58;17/11/2022 17:35:43;08/04/2015;;S;S;N;;C;C;;N;;;1,00;0,50;0,50;0,50;P;0,00;;;0,00;0,00;;0,00;21;;S;0;;;N;N;N;R;0,00;0,00;0,00;0,00;0,00;0,00;0,00;0,00;0,00;0,00;;0,00;0,00;N;N;;S;N;;;N;;;;N;;;;;S;0,00;;;N;N;;;;;N;;;;N;N;;0,00;0,00;;0,00;;0,00;0,00;0,00;0,00;0,00;0,00;0,00;0,00;;;;;;N;;0,00;;;;;;;;;N;N;;N;;;;;N;N;N;;;;;N;;;;;N;S;N;E;;PA;1;1;;1;;;;;;;N;0,00;;;;N;;;;N;;;;;;;;;;;;;;;;;;;N;;;;;N;;;;;;;;;1,00;100,00;;1;;;;V;N;;;;N;;;;;;;;;N;;;;;;;;;N;;;N;OM;;N;N;;;;;N;N;;;0;;;;;;;;;N;;1,00;;U;;;;;N;N;N;0
81;BEB VIN TIN SANG TROPICAL 1,5L;121;INDUSTRIA E COMERCIO DE BEBIDAS BRASIL TROPICAL LTDA;15;BEB ALCOOLICA;1506;VINHO SANGRIA NACIONAL;;;150601;VINHO SANGRIA PEQ;;;L;OT;1UNX1,5L;UN;UNIDADE;1,00;CX C/ 6UN;CX;CAIXA;6,00;1,56;1,56;22042100.;"(ORIG ICMS 7%/ IPI 6,5%) - VINHOS E ESPUMANTES

";22042100;;13;14;13;7898043100626,00;17898043100626,00;7898043100626,00;81;7;81;BEB VIN TIN SANG TROPICAL 1,5L;;81;BEB VIN TIN SANG TROPICAL 1,5L;;;;;N;;;;;;;;;;;;;;;;;;FL;;;;;N;;S;;;;;;N;;;;;;;;;;;;;15;FERNANDO FREIRE;453;AMF CONSULTA;453;15/12/1992;10/10/2022 14:17:39;07/05/2025 13:44:58;10/10/2022 14:17:39;08/04/2015;;S;S;N;;C;C;;N;;;1,00;0,50;0,50;0,50;P;0,00;;;4,00;0,00;;0,00;21;;S;0;;;N;N;N;R;0,00;0,00;0,00;0,00;0,00;0,00;0,00;0,00;0,00;0,00;;0,00;0,00;N;N;;S;N;;;N;;;;N;;;;;S;0,00;;;N;N;;;;;N;;;;N;N;;0,00;0,00;;0,00;;0,00;0,00;0,00;0,00;0,00;0,00;0,00;0,00;;;;;;N;;0,00;;;;;;;;;N;N;;N;;;;0,00;N;N;N;;;;;N;;;;;S;S;N;E;;PA;1;1;;1;;0,00;;9,55;;;N;0,00;;;;N;;;;N;;;;0,00;;;;;;;;;;;;;;;N;;;;;N;;;;;;;;;1,00;100,00;;1;;;;V;N;;;;N;;;;;;;;;N;;;;;;;;;N;;;N;OM;;N;N;;;;;N;N;;;0;;;;;;;;;N;;1,00;;U;;;;;N;N;N;0
82;BEB VIN TIN SANG TROPICAL 4,06L;121;INDUSTRIA E COMERCIO DE BEBIDAS BRASIL TROPICAL LTDA;15;BEB ALCOOLICA;1506;VINHO SANGRIA NACIONAL;;;150601;VINHO SANGRIA PEQ;;;L;OT;1UNX4,06L;UN;UNIDADE;1,00;CX C/ 2UN;CX;CAIXA;2,00;4,19;4,19;22042100.;"(ORIG ICMS 7%/ IPI 6,5%) - VINHOS E ESPUMANTES

";22042100;;13;14;13;7898043100633,00;17898043100678,00;7898043100633,00;82;5;82;BEB VIN TIN SANG TROPICAL 4,06L;;82;BEB VIN TIN SANG TROPICAL 4,06L;;;;;N;;;;;;;;;;;;;;;;1;DISTRIBUIDORA FREITAS LOPES LTDA;FL;;;;;N;;S;;;;;;N;;;;;;;;;;;;;15;FERNANDO FREIRE;453;AMF CONSULTA;453;16/12/1992;10/10/2022 14:17:49;07/05/2025 13:44:58;10/10/2022 14:17:49;08/04/2015;;S;S;N;;C;C;;N;;;1,00;0,50;0,50;0,50;P;0,00;;;15,45;0,00;;0,00;21;;S;0;;;N;N;N;R;5,00;0,00;0,00;0,00;0,00;0,00;0,00;0,00;0,00;0,00;;0,00;0,00;N;N;;S;N;;;N;;;;N;;;;;S;0,00;;;N;N;;;;;N;;;;N;N;;0,00;0,00;;0,00;;0,00;0,00;0,00;0,00;0,00;0,00;0,00;0,00;;;;;;N;;0,00;;;;;;;;;N;N;;N;;;;5,00;N;N;N;;;;;N;;;;;S;S;N;E;;PA;1;1;;1;;0,01;;9,42;;;N;0,00;;;;N;;;;N;;;;0,00;;;;;;;;;;;;;;;N;;;;;N;;;;;;;;;1,00;100,00;;1;;;;V;N;;;;N;;;;;;;;;N;;;;;;;;;N;;;N;OM;;N;N;;;;;N;N;;;0;;;;;;;;;N;;1,00;;U;;;1;;N;N;N;0
31145;LEITE COCO BOM COCO 500ML;175;COLINA DISTRIBUIDORA DE PRODUTOS ALIMENTICIOS EIRELI;19;DOCERIA;1907;LEITE DE COCO;;;190702;LEITE COCO GRD;;;L;OT;UNIDADE;UN;UNIDADE;1,00;CX C/12UN;CX;CAIXA;12,00;0,50;0,50;20098100.;SUCO (SUMO) DE QUALQUER OUTRA FRUTA OU PRODUTO HORTICOLA;20098100;;13;14;13;7898406780762,00;0,00;7898406780762,00;33206;6;31145;LEITE COCO BOM COCO 500ML;;31145;LEITE COCO BOM COCO 500ML;;;;;N;;;;;;;;;;;;;;;;;;  ;;;;;N;;S;;;;;;N;;;;;;;;;;;;;156;JOSUE CONCEICAO DE OLIVEIRA;1275;BRUNO FREIRE DE SOUZA;;;16/11/2023 10:17:06;06/06/2025 14:59:51;;16/11/2023;;S;N;N;;;;;N;;;;0,50;;;P;0,00;;;5,22;0,00;;0,00;28;;N;0;2;DISTRIBUIDORA FREITAS LOPES (LA BODEGA);N;N;N;R;0,00;0,00;0,00;0,00;0,00;0,00;0,00;0,00;0,00;0,00;;0,00;0,00;N;N;;S;N;;;N;;;;N;;;;;S;0,00;;;N;N;;;;;N;;;;N;N;;0,00;0,00;;0,00;;0,00;0,00;0,00;0,00;0,00;0,00;0,00;0,00;;;;;;N;;0,00;;;;;;;;;N;N;;N;;;;0,00;N;;N;;;;;N;;;;;N;S;N;E;;PA;1;1;;1;;;;;;;N;;;;;N;;;;N;;;;0,00;;;;;;;;;;;;;;;N;;20;;;N;;;;;;;;;1,00;1,00;;1;;;;V;N;;;;N;;;;;;;;;;;;;;;;;;N;;;;OM;;N;N;;;;N;N;N;;;0;;;;;;;;;N;;1,00;;U;;;;;N;N;N;0
83;BEB VIN TIN SANG TROPICAL 880ML;121;INDUSTRIA E COMERCIO DE BEBIDAS BRASIL TROPICAL LTDA;15;BEB ALCOOLICA;1506;VINHO SANGRIA NACIONAL;;;150601;VINHO SANGRIA PEQ;;;L;OT;1UNX880ML;UN;UNIDADE;1,00;CX C/ 12UN;CX;CAIXA;12,00;0,96;0,96;22042100.;"(ORIG ICMS 7%/ IPI 6,5%) - VINHOS E ESPUMANTES

";22042100;;13;14;13;7898043100619,00;17898043100619,00;7898043100619,00;83;3;83;BEB VIN TIN SANG TROPICAL 880ML;;83;BEB VIN TIN SANG TROPICAL 880ML;;;;;N;;;;;;;;;;;;;;;;1;DISTRIBUIDORA FREITAS LOPES LTDA;FL;;;;;N;;S;;;;;;N;;;;;;;;;;;;;15;FERNANDO FREIRE;453;AMF CONSULTA;453;15/12/1992;10/10/2022 14:18:00;07/05/2025 13:44:58;10/10/2022 14:18:00;08/04/2015;;S;S;N;;C;C;;N;;;1,00;0,50;0,50;0,50;P;0,00;;;3,39;0,00;;0,00;21;;S;0;;;N;N;N;R;5,00;0,00;0,00;0,00;0,00;0,00;0,00;0,00;0,00;0,00;;0,00;0,00;N;N;;S;N;;;N;;;;N;;;;;S;0,00;;;N;N;;;;;N;;;;N;N;;0,00;0,00;;0,00;;0,00;0,00;0,00;0,00;0,00;0,00;0,00;0,00;;;;;;N;;0,00;;;;;;;;;N;N;;N;;;;5,00;N;N;N;;;;;N;;;;;S;S;N;E;;PA;1;1;;1;;0,00;;11,67;;;N;0,00;;;;N;;;;N;;;;0,00;;;;;;;;;;;;;;;N;;;;;N;;;;;;;;;1,00;100,00;;1;;;;V;N;;;;N;;;;;;;;;N;;;;;;;;;N;;;N;OM;;N;N;;;;;N;N;;;0;;;;;;;;;N;;1,00;;U;;;1;;N;N;N;0
84;BEB VIN TIN DOM BOSCO SUAVE 750ML;332;CRS BRANDS INDUSTRIA E COMERCIO LTDA;15;BEB ALCOOLICA;1506;VINHO SANGRIA NACIONAL;;;150605;VINHO NACIONAL TINTO SUAVE;;;L;OT;1UNX750ML;UN;UNIDADE;1,00;CX C/ 12UN;CX;CAIXA;12,00;1,17;1,18;22042100.1;"(ORIG ICMS 4%/ IPI 6,5%) - VINHOS E ESPUMANTES
";22042100;01;13;14;13;7896072902921,00;17896072902928,00;7896072902921,00;84;1;84;BEB VIN TIN DOM BOSCO SUAVE 750ML;;84;BEB VIN TIN DOM BOSCO SUAVE 750ML;;;;;N;;;;;;;;;;;;;;;P:\IMAGENS PRODUTOS\84.JPG;;;  ;;;;;N;;S;;;1;FOOD;;N;;;;;;;;;;;;;15;FERNANDO FREIRE;1275;BRUNO FREIRE DE SOUZA;1275;;26/02/2025;27/11/2025 15:04:04;27/11/2025 15:04:04;08/04/2015;;S;S;S;;B;C;;N;;;1,00;0,50;0,50;0,50;P;0,00;;;9,58;0,00;;0,00;21;;S;0;;;N;N;N;R;0,00;0,00;0,00;0,00;0,00;0,00;0,00;0,00;0,00;0,00;;0,00;0,00;N;N;;S;N;;;N;;;;N;;;;;S;0,00;;;N;N;;;;;N;;;;N;N;;0,00;0,00;;0,00;;0,00;0,00;0,00;0,00;0,00;0,00;0,00;0,00;;;;;;N;;0,00;;;;;;;;;N;N;;N;;;;0,00;N;N;N;;;;;N;;;;;S;S;N;E;;PA;1;1;;1;;0,00;;14,10;;1,00;N;0,00;;;;N;;;;N;;;;0,00;;;;;;;;;;;;;;;N;;20;;;N;;;;;;;;;1,00;100,00;;1;;;;V;N;;;;N;;;;;;;;;N;;;;;;;;;N;;;N;OM;;N;N;;;;N;N;N;;;0;;;;;;;;;N;;1,00;;U;;;;;N;N;N;0
85;BEB VODKA ROSKOFF 965ML;4218;GBS COMERCIO LTDA;15;BEB ALCOOLICA;1503;VODKA;;;150301;VODKA TRADICIONAL;;;L;OT;1UNX965ML;UN;UNIDADE;1,00;CX C/ 12UN;CX;CAIXA;12,00;1,40;1,45;22086000.1;(IPI / ITERESTADUAL) VODCA;22086000;01;13;14;13;7896072900408,00;37896072900409,00;7896072900408,00;85;0;85;BEB VODKA ROSKOFF 965ML;;85;BEB VODKA ROSKOFF 965ML;;;;;N;;;;;;;;;;;;;;;P:\IMAGENS PRODUTOS\85.PNG;;;  ;;;;;N;;S;;;1;FOOD;;N;;;;;;;;;;;;;15;FERNANDO FREIRE;1275;BRUNO FREIRE DE SOUZA;1275;;20/01/2024 10:31:41;03/11/2025 16:07:58;03/11/2025 16:07:58;08/04/2015;;S;S;N;;A;A;;N;;;1,00;0,50;0,50;0,50;P;0,00;;;11,25;0,00;;0,00;21;;S;0;;;N;N;N;R;0,00;0,00;0,00;0,00;0,00;0,00;0,00;0,00;0,00;0,00;;0,00;0,00;N;N;;S;N;;;N;;;;N;;;;;S;0,00;;;N;N;;;;;N;;;;N;N;;0,00;0,00;;0,00;;0,00;0,00;0,00;0,00;0,00;0,00;0,00;0,00;;;;;;N;;0,00;;;;;;;;;N;N;;N;;;;0,00;N;N;N;;;;;N;;;;;S;S;N;E;;PA;1;1;;1;;0,00;;17,43;;1,00;N;0,00;;;;N;;;;N;;;;0,00;;;;;;;;;;;;;;;N;;20;;;N;;;;;;;;;1,00;100,00;;1;;;;V;N;;;;N;;;;;;;;;N;;;;;;;;;N;;;N;OM;;N;N;;;;N;N;N;;;0;;;;;;;;;N;;1,00;;U;;;;;N;N;N;0
86;BISC TRIGOLINO BICH AMAZ CHOC 46G;94;OCRIM SA PRODUTOS ALIMENTICIOS (FILIAL);22;LANCHE;2206;BISCOITO DOCE;;;220605;BISCOITO DOCE DIVERSOS;;;L;OT;UNIDADE;UN;UNIDADE;1,00;CX C/ 60UN;CX;CAIXA;60,00;0,05;0,05;19059020.1;BOLACHAS (COM ST);19059020;;13;14;13;7896593402597,00;78965934025974,00;7896593402597,00;00500049;9;86;BISC TRIGOLINO BICH AMAZ CHOC 46G;;86;BISC TRIGOLINO BICH AMAZ CHOC 46G;;;;;N;;;;;;;;;;;;;;;;;;FL;;;;;N;;S;;;;;;N;;;;;;;;;;;;;15;FERNANDO FREIRE;1275;BRUNO FREIRE DE SOUZA;1275;;25/04/2024 14:44:08;07/10/2025 10:04:43;25/04/2024 14:44:08;08/04/2015;;S;S;N;;C;C;;N;;;1,00;0,50;0,50;0,50;P;0,00;;;0,86;0,00;;0,00;21;;S;0;;;N;N;N;R;0,00;0,00;0,00;0,00;0,00;0,00;0,00;0,00;0,00;0,00;;0,00;0,00;N;N;;S;N;;;N;;;;N;;;;;S;0,00;;;N;N;;;;;N;;;;N;N;;0,00;0,00;;0,00;;0,00;0,00;0,00;0,00;0,00;0,00;0,00;0,00;;;;;;N;;0,00;;;;;;;;;N;N;;N;;;;0,00;N;N;N;;;;;N;;;;;N;S;N;E;;PA;1;1;;1;;0,00;;2,91;;1,00;N;0,00;;;;N;;;;N;;;;0,00;;;;;;;;;;;;;;;N;;;;;N;;;;;;;;;1,00;100,00;;1;;;;V;N;;;;N;;;;;;;;;N;;;;;;;;;N;;;N;OM;;N;N;;;;N;N;N;;;0;;;;;;;;;N;;1,00;;U;;;;;N;N;N;0
87;BISC TRIGOLINO BICH AMAZ CHOC 175G;94;OCRIM SA PRODUTOS ALIMENTICIOS (FILIAL);22;LANCHE;2206;BISCOITO DOCE;;;220605;BISCOITO DOCE DIVERSOS;;;L;OT;UNIDADE;UN;UNIDADE;1,00;CX C/ 20UN;CX;CAIXA;20,00;0,18;0,18;19059020.1;BOLACHAS (COM ST);19059020;;13;14;13;7896593402580,00;17896593402587,00;7896593402580,00;00500048;6;87;BISC TRIGOLINO BICH AMAZ CHOC 175G;;87;BISC TRIGOLINO BICH AMAZ CHOC 175G;;;;;N;;;;;;;;;;;;;;;;;;  ;;;;;N;;S;;;;;;N;;;;;;;;;;;;;15;FERNANDO FREIRE;1275;BRUNO FREIRE DE SOUZA;1275;;27/03/2024 10:48:46;07/10/2025 10:04:43;27/03/2024 10:48:46;08/04/2015;;S;S;N;;C;C;;N;;;1,00;0,50;0,50;0,50;P;0,00;;;2,53;0,00;;0,00;21;;S;0;;;N;N;N;R;0,00;0,00;0,00;0,00;0,00;0,00;0,00;0,00;0,00;0,00;;0,00;0,00;N;N;;S;N;;;N;;;;N;;;;;S;0,00;;;N;N;;;;;N;;;;N;N;;0,00;0,00;;0,00;;0,00;0,00;0,00;0,00;0,00;0,00;0,00;0,00;;;;;;N;;0,00;;;;;;;;;N;N;;N;;;;0,00;N;N;N;;;;;N;;;;;N;S;N;E;;PA;1;1;;1;;0,00;;4,10;;1,00;N;0,00;;;;N;;;;N;;;;0,00;;;;;;;;;;;;;;;N;;20;;;N;;;;;;;;;1,00;100,00;;1;;;;V;N;;;;N;;;;;;;;;N;;;;;;;;;N;;;N;OM;;N;N;;;;N;N;N;;;0;;;;;;;;;N;;1,00;;U;;;;;N;N;N;0
88;BISC TRIGOLINO BICH AMAZ CHOC 200G;94;OCRIM SA PRODUTOS ALIMENTICIOS (FILIAL);22;LANCHE;2206;BISCOITO DOCE;;;220605;BISCOITO DOCE DIVERSOS;;;L;OT;UNIDADE;UN;UNIDADE;1,00;CX C/ 30UN;CX;CAIXA;30,00;0,20;0,20;19059020.;BOLACHAS.;19059020;;13;0;13;100126,00;0,00;100126,00;88;4;88;BISC TRIGOLINO BICH AMAZ CHOC 200G;;88;BISC TRIGOLINO BICH AMAZ CHOC 200G;;;;;N;;;;;;;;;;;;;;;;;;FL;;;;;N;;N;;;;;;N;;;;;;;;;;;;;15;FERNANDO FREIRE;453;AMF CONSULTA;453;28/05/2015;27/12/2022 15:07:41;07/10/2025 10:04:43;27/12/2022 15:07:41;08/04/2015;;S;S;N;;C;;;N;;;1,00;0,50;0,50;0,50;P;0,00;;;0,00;0,00;;0,00;21;;N;0;;;N;N;N;R;0,00;0,00;0,00;0,00;0,00;0,00;0,00;0,00;0,00;0,00;;0,00;0,00;N;N;;S;N;;;N;;;;N;;;;;S;0,00;;;N;N;;;;;N;;;;N;N;;0,00;0,00;;0,00;;0,00;0,00;0,00;0,00;0,00;0,00;0,00;0,00;;;;;;N;;0,00;;;;;;;;;N;N;;N;;;;;N;N;N;;;;;N;;;;;N;S;N;E;;PA;1;1;;1;;;;;;;N;0,00;;;;N;;;;N;;;;;;;;;;;;;;;;;;;N;;;;;N;;;;;;;;;1,00;100,00;;1;;;;V;N;;;;N;;;;;;;;;N;;;;;;;;;N;;;N;OM;;N;N;;;;;N;N;;;0;;;;;;;;;N;;1,00;;U;;;;;N;N;N;0
89;BISC TRIGOLINO BICH AMAZ LEITE 175G;94;OCRIM SA PRODUTOS ALIMENTICIOS (FILIAL);22;LANCHE;2206;BISCOITO DOCE;;;220605;BISCOITO DOCE DIVERSOS;;;L;OT;UNIDADE;UN;UNIDADE;1,00;CX C/ 20UN;CX;CAIXA;20,00;0,18;0,18;19059020.1;BOLACHAS (COM ST);19059020;;13;14;13;7896593401965,00;17896593401962,00;7896593401965,00;00500015;2;89;BISC TRIGOLINO BICH AMAZ LEITE 175G;;87;BISC TRIGOLINO BICH AMAZ CHOC 175G;;;;;N;;;;;;;;;;;;;;;;;;FL;;;;;N;;S;;;;;;N;;;;;;;;;;;;;15;FERNANDO FREIRE;107;MARCOS ANTONIO ESPINDOLA FRANCA;453;16/12/1992;27/12/2022 15:07:41;07/10/2025 10:04:43;27/12/2022 15:07:41;08/04/2015;;S;S;N;;C;C;;N;;;1,00;0,50;0,50;0,50;P;0,00;;;2,53;0,00;;0,00;21;;S;0;;;N;N;N;R;0,00;0,00;0,00;0,00;0,00;0,00;0,00;0,00;0,00;0,00;;0,00;0,00;N;N;;S;N;;;N;;;;N;;;;;S;0,00;;;N;N;;;;;N;;;;N;N;;0,00;0,00;;0,00;;0,00;0,00;0,00;0,00;0,00;0,00;0,00;0,00;;;;;;N;;0,00;;;;;;;;;N;N;;N;;;;0,00;N;N;N;;;;;N;;;;;S;S;N;E;;PA;1;1;;1;;0,00;;3,58;;1,00;N;0,00;;;;N;;;;N;;;;0,00;;;;;;;;;;;;;;;N;;;;;N;;;;;;;;;1,00;100,00;;1;;;;V;N;;;;N;;;;;;;;;N;;;;;;;;;N;;;N;OM;;N;N;;;;;N;N;;;0;;;;;;;;;N;;1,00;;U;;;;;N;N;N;0
90;BISC TRIGOLINO BICH AMAZ LEITE 200G;94;OCRIM SA PRODUTOS ALIMENTICIOS (FILIAL);22;LANCHE;2206;BISCOITO DOCE;;;220605;BISCOITO DOCE DIVERSOS;;;L;OT;UNIDADE;UN;UNIDADE;1,00;CX C/ 30UN;CX;CAIXA;30,00;0,20;0,20;19059020.;BOLACHAS.;19059020;;13;0;13;100127,00;0,00;100127,00;90;6;90;BISC TRIGOLINO BICH AMAZ LEITE 200G;;90;BISC TRIGOLINO BICH AMAZ LEITE 200G;;;;;N;;;;;;;;;;;;;;;;;;FL;;;;;N;;N;;;;;;N;;;;;;;;;;;;;15;FERNANDO FREIRE;453;AMF CONSULTA;453;28/05/2015;27/12/2022 15:07:41;07/10/2025 10:04:43;27/12/2022 15:07:41;08/04/2015;;S;S;N;;C;;;N;;;1,00;0,50;0,50;0,50;P;0,00;;;0,00;0,00;;0,00;21;;N;0;;;N;N;N;R;0,00;0,00;0,00;0,00;0,00;0,00;0,00;0,00;0,00;0,00;;0,00;0,00;N;N;;S;N;;;N;;;;N;;;;;S;0,00;;;N;N;;;;;N;;;;N;N;;0,00;0,00;;0,00;;0,00;0,00;0,00;0,00;0,00;0,00;0,00;0,00;;;;;;N;;0,00;;;;;;;;;N;N;;N;;;;;N;N;N;;;;;N;;;;;N;S;N;E;;PA;1;1;;1;;;;;;;N;0,00;;;;N;;;;N;;;;;;;;;;;;;;;;;;;N;;;;;N;;;;;;;;;1,00;100,00;;1;;;;V;N;;;;N;;;;;;;;;N;;;;;;;;;N;;;N;OM;;N;N;;;;;N;N;;;0;;;;;;;;;N;;1,00;;U;;;;;N;N;N;0
91;BISC TRIGOLINO BICH AMAZ LEITE 46G;94;OCRIM SA PRODUTOS ALIMENTICIOS (FILIAL);22;LANCHE;2206;BISCOITO DOCE;;;220605;BISCOITO DOCE DIVERSOS;;;L;OT;UNIDADE;UN;UNIDADE;1,00;CX C/ 60UN;CX;CAIXA;60,00;0,06;0,06;19059020.1;BOLACHAS (COM ST);19059020;;13;14;13;7896593401958,00;17896593401955,00;7896593401958,00;00500016;4;91;BISC TRIGOLINO BICH AMAZ LEITE 46G;;86;BISC TRIGOLINO BICH AMAZ CHOC 46G;;;;;N;;;;;;;;;;;;;;;;;;  ;;;;;N;;S;;;;;;N;;;;;;;;;;;;;15;FERNANDO FREIRE;1275;BRUNO FREIRE DE SOUZA;1275;;27/03/2024 10:48:58;07/10/2025 10:04:43;27/03/2024 10:48:58;09/04/2015;;S;S;N;;C;C;;N;;;1,00;0,50;0,50;0,50;P;0,00;;;0,86;0,00;;0,00;21;;S;0;;;N;N;N;R;0,00;0,00;0,00;0,00;0,00;0,00;0,00;0,00;0,00;0,00;;0,00;0,00;N;N;;S;N;;;N;;;;N;;;;;S;0,00;;;N;N;;;;;N;;;;N;N;;0,00;0,00;;0,00;;0,00;0,00;0,00;0,00;0,00;0,00;0,00;0,00;;;;;;N;;0,00;;;;;;;;;N;N;;N;;;;0,00;N;N;N;;;;;N;;;;;N;S;N;E;;PA;1;1;;1;;0,00;;3,60;;1,00;N;0,00;;;;N;;;;N;;;;0,00;;;;;;;;;;;;;;;N;;20;;;N;;;;;;;;;1,00;100,00;;1;;;;V;N;;;;N;;;;;;;;;N;;;;;;;;;N;;;N;OM;;N;N;;;;N;N;N;;;0;;;;;;;;;N;;1,00;;U;;;;;N;N;N;0
92;BISC CAPRICCHE AGUA E SAL CR CRACK 400G;44;CAPRICCHE S.A;22;LANCHE;2205;BISCOITO SALGADO;;;220505;BISCOITO AGUA E SAL;;;L;OT;UNIDADE;UN;UNIDADE;1,00;CX C/ 20UN;CX;CAIXA;20,00;0,43;0,43;19053100.;"OUTS.BOLACHAS/BISCOITOS COM EDULCORANTES
";19053100;;13;14;13;7898954857039,00;17898954857036,00;7898954857039,00;30000022;2;92;BISC CAPRICCHE AGUA E SAL CR CRACK 400G;;92;BISC CAPRICCHE AGUA E SAL CR CRACK 400G;;;;;N;;;;;;;;;;;;;;;;;;FL;;;;;N;;S;;;;;;N;;;;;;;;;;;;;15;FERNANDO FREIRE;107;MARCOS ANTONIO ESPINDOLA FRANCA;453;15/12/1992;27/12/2022 15:07:41;07/05/2025 13:44:58;27/12/2022 15:07:41;09/04/2015;;S;S;N;;C;C;;N;;;1,00;0,50;0,50;0,50;P;0,00;;;2,93;0,00;;0,00;21;;S;0;;;N;N;N;R;0,00;0,00;0,00;0,00;0,00;0,00;0,00;0,00;0,00;0,00;;0,00;0,00;N;N;;S;N;;;N;;;;N;;;;;S;0,00;;;N;N;;;;;N;;;;N;N;;0,00;0,00;;0,00;;0,00;0,00;0,00;0,00;0,00;0,00;0,00;0,00;;;;;;N;;0,00;;;;;;;;;N;N;;N;;;;0,00;N;N;N;;;;;N;;;;;S;S;N;E;;PA;1;1;;1;;0,00;;8,60;;1,00;N;0,00;;;;N;;;;N;;;;0,00;;;;;;;;;06/09/2017;;;;;;N;;;;;N;;;;;;;;;1,00;100,00;;1;;;;V;N;;;;N;;;;;;;;;N;;;;;;;;;N;;;N;OM;;N;N;;;;;N;N;;;0;;;;;;;;;N;;1,00;;U;;;;;N;N;N;0
24997;CATCHUP TAMBAU PET 380G;111;TAMBAU INDUSTRIA ALIMENTICIA LTDA;17;CONDIMENTO E TEMPERO;1719;CATCHUP;;;171902;CATCHUP INSTITUCIONAL;;;L;OT;1UNX380GR;UN;UNIDADE;1,00;CX C/ 24UN;CX;CAIXA;24,00;0,38;0,41;21032010.;"KETCHUP E OUTROS MOLHOS DE TOMATE,EMBAL.IMEDIAT.P<=1KG
";21032010;;13;14;13;7896945402060,00;17896945402067,00;7896945402060,00;0202019;1;24997;CATCHUP TAMBAU PET 380G;;24997;CATCHUP TAMBAU PET 380G;;;;;N;;;;;;;;;;;;;;;P:\BRUUUUUNO\24997.JPG;;;  ;;;;;N;;S;;;;;;N;;;;;;;;;;;;;343;ENTRADA DE NOTA;1275;BRUNO FREIRE DE SOUZA;1275;;29/10/2025;30/10/2025 11:58:42;30/10/2025 11:58:42;17/12/2021;;S;S;N;;;C;;N;;;1,00;0,50;0,50;0,50;P;0,00;;;2,93;0,00;;0,00;20;;N;0;;;N;N;N;R;0,00;0,00;0,00;0,00;0,00;0,00;0,00;0,00;0,00;0,00;;0,00;0,00;N;N;;S;N;;;N;;;;N;;;;;S;0,00;;;N;N;;;;;N;;;;N;N;;0,00;0,00;;0,00;;0,00;0,00;0,00;0,00;0,00;0,00;0,00;0,00;;;;;;N;;0,00;;;;;;;;;N;N;;N;;;;0,00;N;N;S;;;;;N;;;;;S;S;N;E;;PA;1;1;;1;;0,00;;10,13;;1,00;N;0,00;;;;N;;;;N;;;;0,00;;;;;;;;;;;;;;;N;;;;;N;;;;;;;;;1,00;1,00;;1;;;;V;N;;;;N;;;;;;;;;N;;;;;;;;;N;;;N;OM;;N;N;;;;;N;N;;;0;;;;;;;;;N;;1,00;;U;;;3;;N;N;N;0
93;BISC CAPRICCHE CR CRACKER TRAD 400G;44;CAPRICCHE S.A;22;LANCHE;2205;BISCOITO SALGADO;;;220501;BISCOITO CREME CRACKER;;;MP;OT;UNIDADE;UN;UNIDADE;1,00;CX C/ 20UN;CX;CAIXA;20,00;0,44;0,44;19053100.;"OUTS.BOLACHAS/BISCOITOS COM EDULCORANTES
";19053100;;13;14;13;7898954857015,00;17898954857012,00;7898954857015,00;30000010;0;93;BISC CAPRICCHE CR CRACKER TRAD 400G;;93;BISC CAPRICCHE CR CRACKER TRAD 400G;;;;;N;;;;;;;;;;;;;;;;;;FL;;;;;N;;S;;;;;;N;;;;;;;;;;;;;15;FERNANDO FREIRE;453;AMF CONSULTA;453;15/12/1992;27/12/2022 15:07:40;07/05/2025 13:44:58;27/12/2022 15:07:40;09/04/2015;;S;S;N;;C;A;;N;;;1,00;0,50;0,50;0,50;P;0,00;;;3,33;0,00;;0,00;21;;S;0;;;N;N;N;R;0,00;0,00;0,00;0,00;0,00;0,00;0,00;0,00;0,00;0,00;;0,00;0,00;N;N;;S;N;;;N;;;;N;;;;;S;0,00;;;N;N;;;;;N;;;;N;N;;0,00;0,00;;0,00;;0,00;0,00;0,00;0,00;0,00;0,00;0,00;0,00;;;;;;N;;0,00;;;;;;;;;N;N;;N;;;;0,00;N;N;N;;;;;N;;;;;S;S;N;E;;PA;1;1;;1;;0,00;;8,89;;1,00;N;0,00;;;;N;;;;N;;;;0,00;;;;;;;;;02/09/2017;;;;;;N;;;;;N;;;;;;;;;1,00;100,00;;1;;;;V;N;;;;N;;;;;;;;;N;;;;;;;;;N;;;N;OM;;N;N;;;;;N;N;;;0;;;;;;;;;N;;1,00;;U;;;2;;N;N;N;0
94;BISC CAPRICCHE MAIZENA TRAD 400G;44;CAPRICCHE S.A;22;LANCHE;2206;BISCOITO DOCE;;;220603;BISCOITO MAIZENA;;;L;OT;UNIDADE;UN;UNIDADE;1,00;CX C/ 20UN;CX;CAIXA;20,00;0,41;0,41;19053100.;"OUTS.BOLACHAS/BISCOITOS COM EDULCORANTES
";19053100;;13;14;13;7898954857060,00;78989548570607,00;7898954857060,00;30000030;9;94;BISC CAPRICCHE MAIZENA TRAD 400G;;94;BISC CAPRICCHE MAIZENA TRAD 400G;;;;;N;;;;;;;;;;;;;;;;;;FL;;;;;N;;S;;;;;;N;;;;;;;;;;;;;15;FERNANDO FREIRE;453;AMF CONSULTA;453;11/08/2021 17:54:36;27/12/2022 15:07:40;07/05/2025 13:44:58;27/12/2022 15:07:40;09/04/2015;;S;S;N;;C;C;;N;;;1,00;0,50;0,50;0,50;P;0,00;;;3,09;0,00;;0,00;21;;S;0;;;N;N;N;R;0,00;0,00;0,00;0,00;0,00;0,00;0,00;0,00;0,00;0,00;;0,00;0,00;N;N;;S;N;;;N;;;;N;;;;;S;0,00;;;N;N;;;;;N;;;;N;N;;0,00;0,00;;0,00;;0,00;0,00;0,00;0,00;0,00;0,00;0,00;0,00;;;;;;N;;0,00;;;;;;;;;N;N;;N;;;;0,00;N;N;N;;;;;N;;;;;S;S;N;E;;PA;1;1;;1;;0,00;;8,24;;1,00;N;0,00;;;;N;;;;N;;;;0,00;;;;;;;;;31/08/2017;;;;;;N;;;;;N;;;;;;;;;1,00;100,00;;1;;;;V;N;;;;N;;;;;;;;;N;;;;;;;;;N;;;N;OM;;N;N;;;;;N;N;;;0;;;;;;;;;N;;1,00;;U;;;;;N;N;N;0
103;BISC HILEIA EXTRA GOSTOSA 400G;152;HILEIA IND DE PRODUTOS ALIMENTICIOS S/A;22;LANCHE;2206;BISCOITO DOCE;;;220604;BISCOITO DOCE AMANTEIGADO;;;L;OT;UNIDADE;UN;UNIDADE;1,00;CX C/ 10UN;CX;CAIXA;10,00;0,45;0,45;19053100.;"OUTS.BOLACHAS/BISCOITOS COM EDULCORANTES
";19053100;;13;14;13;7896382501623,00;7896382501644,00;7896382501623,00;12030009;1;103;BISC HILEIA EXTRA GOSTOSA 400G;;103;BISC HILEIA EXTRA GOSTOSA 400G;;;;;N;;;;;;;;;;;;;;;;;;  ;;;;;N;;S;;;;;;N;;;;;;;;;;;;;15;FERNANDO FREIRE;265;GILBERTO PINHEIRO GUIMARAES;217;;26/02/2024 12:18:45;29/09/2025 15:52:49;26/02/2024 12:18:45;09/04/2015;;S;S;N;;A;B;;N;;;1,00;0,50;0,50;0,50;P;0,00;;;5,18;0,00;;0,00;21;;S;0;;;N;N;N;R;9,00;0,00;0,00;0,00;0,00;0,00;0,00;0,00;0,00;0,00;;0,00;0,00;N;N;;S;N;;;N;;;;N;;;;;S;0,00;;;N;N;;;;;N;;;;N;N;;0,00;0,00;;0,00;;0,00;0,00;0,00;0,00;0,00;0,00;0,00;0,00;;;;;;N;;0,00;;;;;;;;;N;N;;N;;;;9,00;N;N;N;;;;;N;;;;;S;S;N;E;180;PA;1;1;;1;;0,00;;4,50;;1,00;N;0,00;;;;N;;;;N;;;;0,00;;;;;;;;;12/07/2017;;;;100,00;80,00;N;;20;;;N;;;;;;;;;1,00;100,00;;1;;;;V;N;144;;;N;;;;;;;;;N;;;;;;;;;N;;;N;OM;;N;N;;;;N;N;N;;;0;;;;;;;;;N;;1,00;;U;;;;;N;N;N;0
104;BISC HILEIA EXTRA LEITE 400G;152;HILEIA IND DE PRODUTOS ALIMENTICIOS S/A;22;LANCHE;2206;BISCOITO DOCE;;;220604;BISCOITO DOCE AMANTEIGADO;;;L;OT;UNIDADE;UN;UNIDADE;1,00;CX C/ 10UN;CX;CAIXA;10,00;0,45;0,45;19053100.;"OUTS.BOLACHAS/BISCOITOS COM EDULCORANTES
";19053100;;13;14;13;7896382501647,00;7896382501937,00;7896382501647,00;12030007;0;104;BISC HILEIA EXTRA LEITE 400G;;104;BISC HILEIA EXTRA LEITE 400G;;;;;N;;;;;;;;;;;;;;;;;;  ;;;;;N;;S;;;;;;N;;;;;;;;;;;;;15;FERNANDO FREIRE;265;GILBERTO PINHEIRO GUIMARAES;453;;27/12/2022 15:07:40;29/09/2025 15:52:49;27/12/2022 15:07:40;09/04/2015;;S;S;N;;B;C;;N;;;1,00;0,50;0,50;0,50;P;0,00;;;6,83;0,00;;0,00;21;;S;0;;;N;N;N;R;0,00;0,00;0,00;0,00;0,00;0,00;0,00;0,00;0,00;0,00;;0,00;0,00;N;N;;S;N;;;N;;;;N;;;;;S;0,00;;;N;N;;;;;N;;;;N;N;;0,00;0,00;;0,00;;0,00;0,00;0,00;0,00;0,00;0,00;0,00;0,00;;;;;;N;;0,00;;;;;;;;;N;N;;N;;;;0,00;N;N;N;;;;;N;;;;;S;S;N;E;180;PA;1;1;;1;;0,00;;4,50;;1,00;N;0,00;;;;N;;;;N;;;;0,00;;;;;;;;;15/08/2017;;;;100,00;80,00;N;;20;;;N;;;;;;;;;1,00;100,00;;1;;;;V;N;144;;;N;;;;;;;;;N;;;;;;;;;N;;;N;OM;;N;N;;;;;N;N;;;0;;;;;;;;;N;;1,00;;U;;;;;N;N;N;0
105;BISC HILEIA MAIZENA TRAD 360G;152;HILEIA IND DE PRODUTOS ALIMENTICIOS S/A;22;LANCHE;2206;BISCOITO DOCE;;;220603;BISCOITO MAIZENA;;;L;OT;UNIDADE;UN;UNIDADE;1,00;CX C/ 20UN;CX;CAIXA;20,00;0,40;0,40;19053100.;"OUTS.BOLACHAS/BISCOITOS COM EDULCORANTES
";19053100;;13;14;13;7896382504709,00;17896382505604,00;7896382504709,00;12020007/12020016;8;105;BISC HILEIA MAIZENA TRAD 360G;;105;BISC HILEIA MAIZENA TRAD 360G;;;;;N;;;;;;;;;;;;;;;P:\BRUUUUUNO\105.PNG;;;  ;;;;;N;;S;;;;;;N;;;;;;;;;;;;;15;FERNANDO FREIRE;1275;BRUNO FREIRE DE SOUZA;103;;10/12/2024 17:03:26;29/09/2025 15:52:49;18/09/2025 10:04:38;09/04/2015;;S;S;N;;C;C;;N;;;1,00;0,50;0,50;0,50;P;0,00;;;3,32;0,00;;0,00;21;;S;0;;;N;N;N;R;0,00;0,00;0,00;0,00;0,00;0,00;0,00;0,00;0,00;0,00;;0,00;0,00;N;N;;S;N;;;N;;;;N;;;;;S;0,00;;;N;N;;;;;N;;;;N;N;;0,00;0,00;;0,00;;0,00;0,00;0,00;0,00;0,00;0,00;0,00;0,00;;;;;;N;;0,00;;;;;;;;;N;N;;N;;;;0,00;N;N;N;;;;;N;;;;;S;S;N;E;240;PA;1;1;;1;;0,00;;7,98;;1,00;N;0,00;;;;N;;;;N;;S;;0,00;;;;;;;;;25/07/2017;;;;100,00;60,00;N;;20;;;N;;;;;;;;;1,00;100,00;;1;;;;V;N;144;;;N;;;;;;;;;N;;;;;;;;;N;;;N;OM;;N;N;;;;N;N;N;;;0;;;;;;;;;N;;1,00;;U;;;;;N;N;N;0
29869;CANETA COMPACTOR 07 PRETA;2565;IANETAMA COMERCIO DE ARTIGOS EM GERAL LTDA;14;BAZAR;1411;MATERIAL ESCOLAR;;;141101;PAPELARIA;;;L;OT;UNIDADE;UN;UNIDADE;1,00;DP C/ 50UN;UN;UNIDADE;50,00;0,10;0,10;96081000.;CANETAS ESFEROGRAFICAS;96081000;;13;14;13;7896572000561,00;7896572000394,00;7896572000561,00;2060;7;29869;CANETA COMPACTOR 07 PRETA;;29869;CANETA COMPACTOR 07 PRETA;;;;;N;;;;;;;;;;;;;;;;;;  ;;;;;N;;S;;;;;;N;;;;;;;;;;;;;453;AMF CONSULTA;1275;BRUNO FREIRE DE SOUZA;453;;18/11/2022 16:43:58;06/06/2025 14:59:51;18/11/2022 16:43:58;16/09/2022;;S;N;N;;C;;;N;;;;0,50;0,50;0,50;P;0,00;;;0,69;0,00;;0,00;28;;N;0;;;N;N;N;R;0,00;0,00;0,00;0,00;0,00;0,00;0,00;0,00;0,00;0,00;;0,00;0,00;N;N;;S;N;;;N;;;;N;;;;;S;0,00;;;N;N;;;;;N;;;;N;N;;0,00;0,00;;0,00;;0,00;0,00;0,00;0,00;0,00;0,00;0,00;0,00;;;;;;N;;0,00;;;;;;;;;N;N;;N;;;;0,00;N;;N;;;;;N;;;;;N;S;N;E;;PA;1;1;;1;;;;;;;N;;;;;N;;;;N;;;;0,00;;;;;;;;;;;;;;;N;;20;;;N;;;;;;;;;1,00;1,00;;1;;;;V;N;;;;N;;;;;;;;;;;;;;;;;;N;;;;OM;;N;N;;;;;N;N;;;0;;;;;;;;;N;;1,00;;U;;;2;;N;N;N;0
29870;CANETA COMPACTOR 07 VERMELHA;2565;IANETAMA COMERCIO DE ARTIGOS EM GERAL LTDA;14;BAZAR;1411;MATERIAL ESCOLAR;;;141101;PAPELARIA;;;L;OT;UNIDADE;UN;UNIDADE;1,00;DP C/ 50UN;UN;UNIDADE;50,00;0,10;0,10;96081000.;CANETAS ESFEROGRAFICAS;96081000;;13;14;13;7896572000554,00;7896572000387,00;7896572000554,00;2090;7;29870;CANETA COMPACTOR 07 VERMELHA;;29870;CANETA COMPACTOR 07 VERMELHA;;;;;N;;;;;;;;;;;;;;;;;;  ;;;;;N;;S;;;;;;N;;;;;;;;;;;;;453;AMF CONSULTA;1275;BRUNO FREIRE DE SOUZA;453;;18/11/2022 16:43:58;06/06/2025 14:59:51;18/11/2022 16:43:58;16/09/2022;;S;N;N;;C;;;N;;;;0,50;0,50;0,50;P;0,00;;;0,69;0,00;;0,00;28;;N;0;;;N;N;N;R;0,00;0,00;0,00;0,00;0,00;0,00;0,00;0,00;0,00;0,00;;0,00;0,00;N;N;;S;N;;;N;;;;N;;;;;S;0,00;;;N;N;;;;;N;;;;N;N;;0,00;0,00;;0,00;;0,00;0,00;0,00;0,00;0,00;0,00;0,00;0,00;;;;;;N;;0,00;;;;;;;;;N;N;;N;;;;0,00;N;;N;;;;;N;;;;;N;S;N;E;;PA;1;1;;1;;;;;;;N;;;;;N;;;;N;;;;0,00;;;;;;;;;;;;;;;N;;20;;;N;;;;;;;;;1,00;1,00;;1;;;;V;N;;;;N;;;;;;;;;;;;;;;;;;N;;;;OM;;N;N;;;;;N;N;;;0;;;;;;;;;N;;1,00;;U;;;2;;N;N;N;0
106;BISC HILEIA MAIZENA CHOC 400G;152;HILEIA IND DE PRODUTOS ALIMENTICIOS S/A;22;LANCHE;2206;BISCOITO DOCE;;;220603;BISCOITO MAIZENA;;;L;OT;UNIDADE;UN;UNIDADE;1,00;CX C/ 20UN;CX;CAIXA;20,00;0,46;0,46;19053100.;"OUTS.BOLACHAS/BISCOITOS COM EDULCORANTES
";19053100;;13;14;13;7896382504716,00;17896382504713,00;7896382504716,00;106;6;106;BISC HILEIA MAIZENA CHOC 400G;;106;BISC HILEIA MAIZENA CHOC 400G;;;;;N;;;;;;;;;;;;;;;;;;FL;;;;;N;;S;;;;;;N;;;;;;;;;;;;;15;FERNANDO FREIRE;107;MARCOS ANTONIO ESPINDOLA FRANCA;453;15/12/1992;27/12/2022 15:07:40;29/09/2025 15:52:49;27/12/2022 15:07:40;09/04/2015;;S;S;N;;C;C;;N;;;1,00;0,50;0,50;0,50;P;0,00;;;3,17;0,00;;0,00;21;;S;0;;;N;N;N;R;0,00;0,00;0,00;0,00;0,00;0,00;0,00;0,00;0,00;0,00;;0,00;0,00;N;N;;S;N;;;N;;;;N;;;;;S;0,00;;;N;N;;;;;N;;;;N;N;;0,00;0,00;;0,00;;0,00;0,00;0,00;0,00;0,00;0,00;0,00;0,00;;;;;;N;;0,00;;;;;;;;;N;N;;N;;;;0,00;N;N;N;;;;;N;;;;;S;S;N;E;240;PA;1;1;;1;;0,00;;4,56;;1,00;N;0,00;;;;N;;;;N;;;;0,00;;;;;;;;;13/09/2017;;;;100,00;60,00;N;;;;;N;;;;;;;;;1,00;100,00;;1;;;;V;N;144;;;N;;;;;;;;;N;;;;;;;;;N;;;N;OM;;N;N;;;;;N;N;;;0;;;;;;;;;N;;1,00;;U;;;;;N;N;N;0
107;BISC HILEIA MARIA TRAD 400G;152;HILEIA IND DE PRODUTOS ALIMENTICIOS S/A;22;LANCHE;2206;BISCOITO DOCE;;;220601;BISCOITO MARIA;;;L;OT;UNIDADE;UN;UNIDADE;1,00;CX C/ 20UN;CX;CAIXA;20,00;0,44;0,44;19053100.;"OUTS.BOLACHAS/BISCOITOS COM EDULCORANTES
";19053100;;13;14;13;7896382504662,00;17896382504669,00;7896382504662,00;12020001;4;107;BISC HILEIA MARIA TRAD 400G;;107;BISC HILEIA MARIA TRAD 400G;;;;;N;;;;;;;;;;;;;;;;;;  ;;;;;N;;S;;;;;;N;;;;;;;;;;;;;15;FERNANDO FREIRE;107;MARCOS ANTONIO ESPINDOLA FRANCA;453;;27/12/2022 15:07:40;29/09/2025 15:52:49;27/12/2022 15:07:40;09/04/2015;;S;S;N;;A;B;;N;;;1,00;0,50;0,50;0,50;P;0,00;;;5,42;0,00;;0,00;21;;S;0;;;N;N;N;R;6,00;0,00;0,00;0,00;0,00;0,00;0,00;0,00;0,00;0,00;;0,00;0,00;N;N;;S;N;;;N;;;;N;;;;;S;0,00;;;N;N;;;;;N;;;;N;N;;0,00;0,00;;0,00;;0,00;0,00;0,00;0,00;0,00;0,00;0,00;0,00;;;;;;N;;0,00;;;;;;;;;N;N;;N;;;;6,00;N;N;N;;;;;N;;;;;S;S;N;E;240;PA;1;1;;1;;0,00;;8,74;;1,00;N;0,00;;;;N;;;;N;;;;0,00;;;;;;;;;26/08/2017;;;;100,00;60,00;N;;20;;;N;;;;;;;;;1,00;100,00;;1;;;;V;N;144;;;N;;;;;;;;;N;;;;;;;;;N;;;N;OM;;N;N;;;;;N;N;;;0;;;;;;;;;N;;1,00;;U;;;;;N;N;N;0
108;BISC HILEIA MARIA CHOC 400G;152;HILEIA IND DE PRODUTOS ALIMENTICIOS S/A;22;LANCHE;2206;BISCOITO DOCE;;;220602;BISCOITO MARIA SABORIZADO;;;L;OT;UNIDADE;UN;UNIDADE;1,00;CX C/ 20UN;CX;CAIXA;20,00;0,45;0,45;19053100.;"OUTS.BOLACHAS/BISCOITOS COM EDULCORANTES
";19053100;;13;14;13;7896382504679,00;17896382504676,00;7896382504679,00;12020004;2;107;BISC HILEIA MARIA TRAD 400G;;107;BISC HILEIA MARIA TRAD 400G;;;;;N;;;;;;;;;;;;;;;;;;  ;;;;;N;;S;;;;;;N;;;;;;;;;;;;;15;FERNANDO FREIRE;107;MARCOS ANTONIO ESPINDOLA FRANCA;453;;02/01/2023 11:11:01;29/09/2025 15:52:49;02/01/2023 11:11:01;09/04/2015;;S;S;N;;B;C;;N;;;1,00;0,50;0,50;0,50;P;0,00;;;5,42;0,00;;0,00;21;;S;0;;;N;N;N;R;6,00;0,00;0,00;0,00;0,00;0,00;0,00;0,00;0,00;0,00;;0,00;0,00;N;N;;S;N;;;N;;;;N;;;;;S;0,00;;;N;N;;;;;N;;;;N;N;;0,00;0,00;;0,00;;0,00;0,00;0,00;0,00;0,00;0,00;0,00;0,00;;;;;;N;;0,00;;;;;;;;;N;N;;N;;;;6,00;N;N;N;;;;;N;;;;;S;S;N;E;240;PA;1;1;;1;;0,00;;8,98;;1,00;N;0,00;;;;N;;;;N;;;;0,00;;;;;;;;;;;;;100,00;60,00;N;;20;;;N;;;;;;;;;1,00;100,00;;1;;;;V;N;144;;;N;;;;;;;;;N;;;;;;;;;N;;;N;OM;;N;N;;;;;N;N;;;0;;;;;;;;;N;;1,00;;U;;;;;N;N;N;0
109;BISC HILEIA MARIA COCO 400G;152;HILEIA IND DE PRODUTOS ALIMENTICIOS S/A;22;LANCHE;2206;BISCOITO DOCE;;;220602;BISCOITO MARIA SABORIZADO;;;L;OT;UNIDADE;UN;UNIDADE;1,00;CX C/ 20UN;CX;CAIXA;20,00;0,45;0,45;19053100.;"OUTS.BOLACHAS/BISCOITOS COM EDULCORANTES
";19053100;;13;14;13;7896382504686,00;17896382504683,00;7896382504686,00;12020003;0;107;BISC HILEIA MARIA TRAD 400G;;107;BISC HILEIA MARIA TRAD 400G;;;;;N;;;;;;;;;;;;;;;;;;  ;;;;;N;;S;;;;;;N;;;;;;;;;;;;;15;FERNANDO FREIRE;265;GILBERTO PINHEIRO GUIMARAES;453;;02/01/2023 11:11:01;29/09/2025 15:52:49;02/01/2023 11:11:01;09/04/2015;;S;S;N;;B;C;;N;;;1,00;0,50;0,50;0,50;P;0,00;;;5,42;0,00;;0,00;21;;S;0;;;N;N;N;R;6,00;0,00;0,00;0,00;0,00;0,00;0,00;0,00;0,00;0,00;;0,00;0,00;N;N;;S;N;;;N;;;;N;;;;;S;0,00;;;N;N;;;;;N;;;;N;N;;0,00;0,00;;0,00;;0,00;0,00;0,00;0,00;0,00;0,00;0,00;0,00;;;;;;N;;0,00;;;;;;;;;N;N;;N;;;;6,00;N;N;N;;;;;N;;;;;S;S;N;E;240;PA;1;1;;1;;0,00;;8,98;;1,00;N;0,00;;;;N;;;;N;;;;0,00;;;;;;;;;;;;;100,00;60,00;N;;20;;;N;;;;;;;;;1,00;100,00;;1;;;;V;N;144;;;N;;;;;;;;;N;;;;;;;;;N;;;N;OM;;N;N;;;;;N;N;;;0;;;;;;;;;N;;1,00;;U;;;;;N;N;N;0
110;BISC HILEIA MARIA LARANJA 400G;152;HILEIA IND DE PRODUTOS ALIMENTICIOS S/A;22;LANCHE;2206;BISCOITO DOCE;;;220602;BISCOITO MARIA SABORIZADO;;;L;OT;UNIDADE;UN;UNIDADE;1,00;CX C/ 20UN;CX;CAIXA;20,00;0,45;0,45;19053100.;"OUTS.BOLACHAS/BISCOITOS COM EDULCORANTES
";19053100;;13;14;13;7896382504693,00;17896382504690,00;7896382504693,00;12020005;4;107;BISC HILEIA MARIA TRAD 400G;;107;BISC HILEIA MARIA TRAD 400G;;;;;N;;;;;;;;;;;;;;;;;;  ;;;;;N;;S;;;;;;N;;;;;;;;;;;;;15;FERNANDO FREIRE;265;GILBERTO PINHEIRO GUIMARAES;453;;02/01/2023 11:11:01;29/09/2025 15:52:49;02/01/2023 11:11:01;09/04/2015;;S;S;N;;B;C;;N;;;1,00;0,50;0,50;0,50;P;0,00;;;5,42;0,00;;0,00;21;;S;0;;;N;N;N;R;6,00;0,00;0,00;0,00;0,00;0,00;0,00;0,00;0,00;0,00;;0,00;0,00;N;N;;S;N;;;N;;;;N;;;;;S;0,00;;;N;N;;;;;N;;;;N;N;;0,00;0,00;;0,00;;0,00;0,00;0,00;0,00;0,00;0,00;0,00;0,00;;;;;;N;;0,00;;;;;;;;;N;N;;N;;;;6,00;N;N;N;;;;;N;;;;;S;S;N;E;240;PA;1;1;;1;;0,00;;9,05;;1,00;N;0,00;;;;N;;;;N;;;;0,00;;;;;;;;;;;;;100,00;60,00;N;;20;;;N;;;;;;;;;1,00;100,00;;1;;;;V;N;144;;;N;;;;;;;;;N;;;;;;;;;N;;;N;OM;;N;N;;;;;N;N;;;0;;;;;;;;;N;;1,00;;U;;;;;N;N;N;0
111;BISC HILEIA RECH KICKS BRIG 130G;152;HILEIA IND DE PRODUTOS ALIMENTICIOS S/A;22;LANCHE;2206;BISCOITO DOCE;;;220609;BISCOITO RECHEADO GRD;;;L;OT;UNIDADE;UN;UNIDADE;1,00;CX C/ 30UN;CX;CAIXA;30,00;0,15;0,15;19053100.;"OUTS.BOLACHAS/BISCOITOS COM EDULCORANTES
";19053100;;13;14;13;7896382502590,00;27896382502594,00;7896382502590,00;12040005;2;113;BISC HILEIA RECH KICKS CHOC 130G;;113;BISC HILEIA RECH KICKS CHOC 130G;;;;;N;;;;;;;;;;;;;;;;;;  ;;;;;N;;S;;;;;;N;;;;;;;;;;;;;15;FERNANDO FREIRE;265;GILBERTO PINHEIRO GUIMARAES;453;;27/12/2022 15:07:39;29/09/2025 15:52:49;27/12/2022 15:07:39;09/04/2015;;S;S;N;;B;C;;N;;;1,00;0,50;0,50;0,50;P;0,00;;;1,99;0,00;;0,00;21;;S;0;;;N;N;N;R;6,00;0,00;0,00;0,00;0,00;0,00;0,00;0,00;0,00;0,00;;0,00;0,00;N;N;;S;N;;;N;;;;N;;;;;S;0,00;;;N;N;;;;;N;;;;N;N;;0,00;0,00;;0,00;;0,00;0,00;0,00;0,00;0,00;0,00;0,00;0,00;;;;;;N;;0,00;;;;;;;;;N;N;;N;;;;6,00;N;N;N;;;;;N;;;;;S;S;N;E;240;PA;1;1;;1;;0,00;;3,26;;1,00;N;0,00;;;;N;;;;N;;;;0,00;;;;;;;;;09/11/2017;;;;100,00;60,00;N;;20;;;N;;;;;;;;;1,00;100,00;;1;;;;V;N;144;;;N;;;;;;;;;N;;;;;;;;;N;;;N;OM;;N;N;;;;;N;N;;;0;;;;;;;;;N;;1,00;;U;;;;;N;N;N;0
112;BISC HILEIA RECH KICKS BRIG 60G;152;HILEIA IND DE PRODUTOS ALIMENTICIOS S/A;22;LANCHE;2206;BISCOITO DOCE;;;220608;BISCOITO RECHEADO PEQ;;;L;OT;UNIDADE;UN;UNIDADE;1,00;CX C/ 30UN;CX;CAIXA;30,00;0,07;0,07;19053100.;"OUTS.BOLACHAS/BISCOITOS COM EDULCORANTES
";19053100;;13;14;13;7896382502606,00;17896382502603,00;7896382502606,00;12040004;0;114;BISC HILEIA RECH KICKS CHOC 60G;;114;BISC HILEIA RECH KICKS CHOC 60G;;;;;N;;;;;;;;;;;;;;;;;;  ;;;;;N;;S;;;;;;N;;;;;;;;;;;;;15;FERNANDO FREIRE;265;GILBERTO PINHEIRO GUIMARAES;453;;27/12/2022 15:07:39;29/09/2025 15:52:49;27/12/2022 15:07:39;09/04/2015;;S;S;N;;B;C;;N;;;1,00;0,50;0,50;0,50;P;0,00;;;0,99;0,00;;0,00;21;;S;0;;;N;N;N;R;9,00;0,00;0,00;0,00;0,00;0,00;0,00;0,00;0,00;0,00;;0,00;0,00;N;N;;S;N;;;N;;;;N;;;;;S;0,00;;;N;N;;;;;N;;;;N;N;;0,00;0,00;;0,00;;0,00;0,00;0,00;0,00;0,00;0,00;0,00;0,00;;;;;;N;;0,00;;;;;;;;;N;N;;N;;;;9,00;N;N;N;;;;;N;;;;;S;S;N;E;240;PA;1;1;;1;;0,00;;2,16;;1,00;N;0,00;;;;N;;;;N;;;;0,00;;;;;;;;;19/09/2017;;;;100,00;60,00;N;;20;;;N;;;;;;;;;1,00;100,00;;1;;;;V;N;144;;;N;;;;;;;;;N;;;;;;;;;N;;;N;OM;;N;N;;;;;N;N;;;0;;;;;;;;;N;;1,00;;U;;;;;N;N;N;0
113;BISC HILEIA RECH KICKS CHOC 130G;152;HILEIA IND DE PRODUTOS ALIMENTICIOS S/A;22;LANCHE;2206;BISCOITO DOCE;;;220609;BISCOITO RECHEADO GRD;;;L;OT;UNIDADE;UN;UNIDADE;1,00;CX C/ 30UN;CX;CAIXA;30,00;0,14;0,14;19053100.;"OUTS.BOLACHAS/BISCOITOS COM EDULCORANTES
";19053100;;13;14;13;7896382502521,00;27896382502525,00;7896382502521,00;12040001;9;113;BISC HILEIA RECH KICKS CHOC 130G;;113;BISC HILEIA RECH KICKS CHOC 130G;;;;;N;;;;;;;;;;;;;;;;;;  ;;;;;N;;S;;;;;;N;;;;;;;;;;;;;15;FERNANDO FREIRE;265;GILBERTO PINHEIRO GUIMARAES;453;;27/12/2022 15:07:39;29/09/2025 15:52:49;27/12/2022 15:07:39;09/04/2015;;S;S;N;;A;C;;N;;;1,00;0,50;0,50;0,50;P;0,00;;;1,99;0,00;;0,00;21;;S;0;;;N;N;N;R;9,00;0,00;0,00;0,00;0,00;0,00;0,00;0,00;0,00;0,00;;0,00;0,00;N;N;;S;N;;;N;;;;N;;;;;S;0,00;;;N;N;;;;;N;;;;N;N;;0,00;0,00;;0,00;;0,00;0,00;0,00;0,00;0,00;0,00;0,00;0,00;;;;;;N;;0,00;;;;;;;;;N;N;;N;;;;9,00;N;N;N;;;;;N;;;;;S;S;N;E;240;PA;1;1;;1;;0,00;;4,31;;1,00;N;0,00;;;;N;;;;N;;;;0,00;;;;;;;;;27/06/2017;;;;100,00;60,00;N;;20;;;N;;;;;;;;;1,00;100,00;;1;;;;V;N;144;;;N;;;;;;;;;N;;;;;;;;;N;;;N;OM;;N;N;;;;;N;N;;;0;;;;;;;;;N;;1,00;;U;;;;;N;N;N;0
114;BISC HILEIA RECH KICKS CHOC 60G;152;HILEIA IND DE PRODUTOS ALIMENTICIOS S/A;22;LANCHE;2206;BISCOITO DOCE;;;220608;BISCOITO RECHEADO PEQ;;;L;OT;UNIDADE;UN;UNIDADE;1,00;CX C/ 30UN;CX;CAIXA;30,00;0,07;0,07;19053100.;"OUTS.BOLACHAS/BISCOITOS COM EDULCORANTES
";19053100;;13;14;13;7896382502538,00;17896382502535,00;7896382502538,00;12040003;7;114;BISC HILEIA RECH KICKS CHOC 60G;;114;BISC HILEIA RECH KICKS CHOC 60G;;;;;N;;;;;;;;;;;;;;;;;;  ;;;;;N;;S;;;;;;N;;;;;;;;;;;;;15;FERNANDO FREIRE;265;GILBERTO PINHEIRO GUIMARAES;453;;27/12/2022 15:07:39;29/09/2025 15:52:49;27/12/2022 15:07:39;09/04/2015;;S;S;N;;B;C;;N;;;1,00;0,50;0,50;0,50;P;0,00;;;0,99;0,00;;0,00;21;;S;0;;;N;N;N;R;9,00;0,00;0,00;0,00;0,00;0,00;0,00;0,00;0,00;0,00;;0,00;0,00;N;N;;S;N;;;N;;;;N;;;;;S;0,00;;;N;N;;;;;N;;;;N;N;;0,00;0,00;;0,00;;0,00;0,00;0,00;0,00;0,00;1,00;0,00;0,00;;;;;;N;;0,00;;;;;;;;;N;N;;N;;;;9,00;N;N;N;;;;;N;;;;;S;S;N;E;240;PA;1;1;;1;;0,00;;2,10;;1,00;N;0,00;;;;N;;;;N;;;;0,00;;;;;;;;;15/08/2017;;;;100,00;60,00;N;;20;;;N;;;;;;;;;1,00;100,00;;1;;;;V;N;144;;;N;;;;;;;;;N;;;;;;;;;N;;;N;OM;;N;N;;;;;N;N;;;0;;;;;;;;;N;;1,00;;U;;;;;N;N;N;0
115;BISC HILEIA RECH KICKS DOCE LEITE 130G;152;HILEIA IND DE PRODUTOS ALIMENTICIOS S/A;22;LANCHE;2206;BISCOITO DOCE;;;220609;BISCOITO RECHEADO GRD;;;L;OT;UNIDADE;UN;UNIDADE;1,00;CX C/ 22UN;CX;CAIXA;22,00;0,15;0,15;19053100.;"OUTS.BOLACHAS/BISCOITOS COM EDULCORANTES
";19053100;;13;14;13;7896382502576,00;17896382502576,00;7896382502576,00;75;5;115;BISC HILEIA RECH KICKS DOCE LEITE 130G;;111;BISC HILEIA RECH KICKS BRIG 130G;;;;;N;;;;;;;;;;;;;;;;;;FL;;;;;N;;N;;;;;;N;;;;;;;;;;;;;15;FERNANDO FREIRE;453;AMF CONSULTA;453;30/10/2015;27/12/2022 15:07:39;29/09/2025 15:52:49;27/12/2022 15:07:39;09/04/2015;;S;S;N;;C;;;N;;;1,00;0,50;0,50;0,50;P;0,00;;;0,92;0,00;;0,00;21;;S;0;;;N;N;N;R;0,00;0,00;0,00;0,00;0,00;0,00;0,00;0,00;0,00;0,00;;0,00;0,00;N;N;;S;N;;;N;;;;N;;;;;S;0,00;;;N;N;;;;;N;;;;N;N;;0,00;0,00;;0,00;;0,00;0,00;0,00;0,00;0,00;0,00;0,00;0,00;;;;;;N;;0,00;;;;;;;;;N;N;;N;;;;0,00;N;N;N;;;;;N;;;;;N;S;N;E;;PA;1;1;;1;;0,00;;3,19;;;N;0,00;;;;N;;;;N;;;;;;;;;;;;;;;;;;;N;;;;;N;;;;;;;;;1,00;100,00;;1;;;;V;N;;;;N;;;;;;;;;N;;;;;;;;;N;;;N;OM;;N;N;;;;;N;N;;;0;;;;;;;;;N;;1,00;;U;;;;;N;N;N;0
116;BISC HILEIA RECH KICKS DOCE LEITE 60G;152;HILEIA IND DE PRODUTOS ALIMENTICIOS S/A;22;LANCHE;2206;BISCOITO DOCE;;;220608;BISCOITO RECHEADO PEQ;;;L;OT;UNIDADE;UN;UNIDADE;1,00;CX C/ 30UN;CX;CAIXA;30,00;0,07;0,07;19053100.;"OUTS.BOLACHAS/BISCOITOS COM EDULCORANTES
";19053100;;13;14;13;7896382502583,00;17896382502583,00;7896382502583,00;74;3;116;BISC HILEIA RECH KICKS DOCE LEITE 60G;;112;BISC HILEIA RECH KICKS BRIG 60G;;;;;N;;;;;;;;;;;;;;;;;;FL;;;;;N;;N;;;;;;N;;;;;;;;;;;;;15;FERNANDO FREIRE;453;AMF CONSULTA;453;30/10/2015;27/12/2022 15:07:39;29/09/2025 15:52:49;27/12/2022 15:07:39;09/04/2015;;S;S;N;;C;;;N;;;1,00;0,50;0,50;0,50;P;0,00;;;0,47;0,00;;0,00;21;;S;0;;;N;N;N;R;0,00;0,00;0,00;0,00;0,00;0,00;0,00;0,00;0,00;0,00;;0,00;0,00;N;N;;S;N;;;N;;;;N;;;;;S;0,00;;;N;N;;;;;N;;;;N;N;;0,00;0,00;;0,00;;0,00;0,00;0,00;0,00;0,00;0,00;0,00;0,00;;;;;;N;;0,00;;;;;;;;;N;N;;N;;;;0,00;N;N;N;;;;;N;;;;;N;S;N;E;;PA;1;1;;1;;0,00;;2,10;;;N;0,00;;;;N;;;;N;;;;;;;;;;;;;;;;;;;N;;;;;N;;;;;;;;;1,00;100,00;;1;;;;V;N;;;;N;;;;;;;;;N;;;;;;;;;N;;;N;OM;;N;N;;;;;N;N;;;0;;;;;;;;;N;;1,00;;U;;;;;N;N;N;0
117;BISC HILEIA RECH KICKS MASC NEGRA 130G;152;HILEIA IND DE PRODUTOS ALIMENTICIOS S/A;22;LANCHE;2206;BISCOITO DOCE;;;220609;BISCOITO RECHEADO GRD;;;L;OT;UNIDADE;UN;UNIDADE;1,00;CX C/ 30UN;CX;CAIXA;30,00;0,14;0,14;19053100.;"OUTS.BOLACHAS/BISCOITOS COM EDULCORANTES
";19053100;;13;14;13;7896382502552,00;27896382502556,00;7896382502552,00;12040002;1;113;BISC HILEIA RECH KICKS CHOC 130G;;113;BISC HILEIA RECH KICKS CHOC 130G;;;;;N;;;;;;;;;;;;;;;;;;  ;;;;;N;;S;;;;;;N;;;;;;;;;;;;;15;FERNANDO FREIRE;265;GILBERTO PINHEIRO GUIMARAES;103;;26/09/2023 09:13:25;29/09/2025 15:52:49;26/09/2023 09:13:25;09/04/2015;;S;S;N;;C;C;;N;;;30,00;0,50;0,50;0,50;P;0,00;;;1,99;0,00;;0,00;21;;S;0;;;N;N;N;R;12,00;0,00;0,00;0,00;0,00;0,00;0,00;0,00;0,00;0,00;;0,00;0,00;N;N;;S;N;;;N;;;;N;;;;;S;0,00;;;N;N;;;;;N;;;;N;N;;0,00;0,00;;0,00;;0,00;0,00;0,00;0,00;0,00;0,00;0,00;0,00;;;;;;N;;0,00;;;;;;;;;N;N;;N;;;;12,00;N;N;N;;;;;N;;;;;S;S;N;E;240;PA;1;1;;1;;0,00;;4,31;;1,00;N;0,00;;;;N;;;;N;;;;0,00;;;;;;;;;;;;;100,00;60,00;N;;20;;;N;;;;;;;;;1,00;100,00;;1;;;;V;N;144;;;N;;;;;;;;;N;;;;;;;;;N;;;N;OM;;N;N;;;;N;N;N;;;0;;;;;;;;;N;;1,00;;U;;;;;N;N;N;0
118;BISC HILEIA RECH KICKS MASC NEGRA 60G;152;HILEIA IND DE PRODUTOS ALIMENTICIOS S/A;22;LANCHE;2206;BISCOITO DOCE;;;220608;BISCOITO RECHEADO PEQ;;;L;OT;UNIDADE;UN;UNIDADE;1,00;CX C/ 30UN;CX;CAIXA;30,00;0,07;0,07;19053100.;"OUTS.BOLACHAS/BISCOITOS COM EDULCORANTES
";19053100;;13;14;13;7896382502569,00;17896382502566,00;7896382502569,00;12040008;0;114;BISC HILEIA RECH KICKS CHOC 60G;;114;BISC HILEIA RECH KICKS CHOC 60G;;;;;N;;;;;;;;;;;;;;;;;;  ;;;;;N;;S;;;;;;N;;;;;;;;;;;;;15;FERNANDO FREIRE;265;GILBERTO PINHEIRO GUIMARAES;453;;27/12/2022 15:07:38;29/09/2025 15:52:49;27/12/2022 15:07:38;09/04/2015;;S;S;N;;C;C;;N;;;1,00;0,50;0,50;0,50;P;0,00;;;0,99;0,00;;0,00;21;;S;0;;;N;N;N;R;9,00;0,00;0,00;0,00;0,00;0,00;0,00;0,00;0,00;0,00;;0,00;0,00;N;N;;S;N;;;N;;;;N;;;;;S;0,00;;;N;N;;;;;N;;;;N;N;;0,00;0,00;;0,00;;0,00;0,00;0,00;0,00;0,00;1,00;0,00;0,00;;;;;;N;;0,00;;;;;;;;;N;N;;N;;;;9,00;N;N;N;;;;;N;;;;;S;S;N;E;240;PA;1;1;;1;;0,00;;2,10;;1,00;N;0,00;;;;N;;;;N;;;;0,00;;;;;;;;;05/08/2017;;;;100,00;60,00;N;;20;;;N;;;;;;;;;1,00;100,00;;1;;;;V;N;144;;;N;;;;;;;;;N;;;;;;;;;N;;;N;OM;;N;N;;;;;N;N;;;0;;;;;;;;;N;;1,00;;U;;;;;N;N;N;0
95;BISC CAPRICCHE MARIA CHOC 400G;44;CAPRICCHE S.A;22;LANCHE;2206;BISCOITO DOCE;;;220602;BISCOITO MARIA SABORIZADO;;;L;OT;UNIDADE;UN;UNIDADE;1,00;CX C/ 20UN;CX;CAIXA;20,00;0,43;0,43;19053100.;"OUTS.BOLACHAS/BISCOITOS COM EDULCORANTES
";19053100;;13;14;13;7898954857053,00;78989548570530,00;7898954857053,00;30000050;7;95;BISC CAPRICCHE MARIA CHOC 400G;;96;BISC CAPRICCHE MARIA TRAD 400G;;;;;N;;;;;;;;;;;;;;;;;;FL;;;;;N;;S;;;;;;N;;;;;;;;;;;;;15;FERNANDO FREIRE;107;MARCOS ANTONIO ESPINDOLA FRANCA;453;11/08/2021 17:55:02;27/12/2022 15:07:38;07/05/2025 13:44:58;27/12/2022 15:07:38;09/04/2015;;S;S;N;;C;C;;N;;;1,00;0,50;0,50;0,50;P;0,00;;;3,09;0,00;;0,00;21;;S;0;;;N;N;N;R;0,00;0,00;0,00;0,00;0,00;0,00;0,00;0,00;0,00;0,00;;0,00;0,00;N;N;;S;N;;;N;;;;N;;;;;S;0,00;;;N;N;;;;;N;;;;N;N;;0,00;0,00;;0,00;;0,00;0,00;0,00;0,00;0,00;0,00;0,00;0,00;;;;;;N;;0,00;;;;;;;;;N;N;;N;;;;0,00;N;N;N;;;;;N;;;;;S;S;N;E;;PA;1;1;;1;;0,00;;8,62;;1,00;N;0,00;;;;N;;;;N;;;;0,00;;;;;;;;;19/08/2017;;;;;;N;;;;;N;;;;;;;;;1,00;100,00;;1;;;;V;N;;;;N;;;;;;;;;N;;;;;;;;;N;;;N;OM;;N;N;;;;;N;N;;;0;;;;;;;;;N;;1,00;;U;;;;;N;N;N;0
96;BISC CAPRICCHE MARIA TRAD 400G;44;CAPRICCHE S.A;22;LANCHE;2206;BISCOITO DOCE;;;220601;BISCOITO MARIA;;;L;OT;UNIDADE;UN;UNIDADE;1,00;CX C/ 20UN;CX;CAIXA;20,00;0,43;0,43;19053100.;"OUTS.BOLACHAS/BISCOITOS COM EDULCORANTES
";19053100;;13;14;13;7898954857046,00;17898954857043,00;7898954857046,00;30000000;5;96;BISC CAPRICCHE MARIA TRAD 400G;;96;BISC CAPRICCHE MARIA TRAD 400G;;;;;N;;;;;;;;;;;;;;;;;;FL;;;;;N;;S;;;;;;N;;;;;;;;;;;;;15;FERNANDO FREIRE;107;MARCOS ANTONIO ESPINDOLA FRANCA;453;15/12/1992;27/12/2022 15:07:38;07/05/2025 13:44:58;27/12/2022 15:07:38;09/04/2015;;S;S;N;;C;C;;N;;;1,00;0,50;0,50;0,50;P;0,00;;;3,09;0,00;;0,00;21;;S;0;;;N;N;N;R;0,00;0,00;0,00;0,00;0,00;0,00;0,00;0,00;0,00;0,00;;0,00;0,00;N;N;;S;N;;;N;;;;N;;;;;S;0,00;;;N;N;;;;;N;;;;N;N;;0,00;0,00;;0,00;;0,00;0,00;0,00;0,00;0,00;0,00;0,00;0,00;;;;;;N;;0,00;;;;;;;;;N;N;;N;;;;0,00;N;N;N;;;;;N;;;;;S;S;N;E;;PA;1;1;;1;;0,00;;8,62;;1,00;N;0,00;;;;N;;;;N;;;;0,00;;;;;;;;;;;;;;;N;;;;;N;;;;;;;;;1,00;100,00;;1;;;;V;N;;;;N;;;;;;;;;N;;;;;;;;;N;;;N;OM;;N;N;;;;;N;N;;;0;;;;;;;;;N;;1,00;;U;;;;;N;N;N;0
27755;EMB BAND COPOBRAS CF-002 VERDE PREMIUM;649;COPOBRAS S/A IND E COM DE EMBALAGENS;1;MIGRACAO;1;MIGRACAO;353;DESCARTAVEL;1;MIGRACAO;;;L;OT;UNIDADE;UN;UNIDADE;1,00;400X1;UN;UNIDADE;400,00;1,00;1,00;39239090.;"ARTIGOS DE TRANSPORTE OU DE EMBALAGEM, DE PLASTICO; ROLHAS, TAMPAS, CAPSULAS E OUTROS DISPOSITIVOS PARA FECHAR RECIPIENTES, DE PLASTICO.";39239090;;14;14;14;27755,00;;27755,00;400187;;27755;EMB BAND COPOBRAS CF-002 VERDE PREMIUM;;24977;EMB BAND COPOBRAS CF-002 AMAR PREM C/400;;;;;N;;;;;;;;;;;;;;;;;;FL;;;;;N;;S;;;;;;N;;;;;;;;;;;;;335;COMPRADOR 13 - RONALDO DIAS;453;AMF CONSULTA;453;16/12/1992;03/03/2023 08:54:31;05/03/2024 12:05:53;03/03/2023 08:54:31;23/04/2022;;S;N;N;;;;;N;;;1,00;0,50;0,50;0,50;P;0,00;;;0,20;0,00;;0,00;28;;N;0;;;N;N;N;R;0,00;0,00;0,00;0,00;0,00;0,00;0,00;0,00;0,00;0,00;;0,00;0,00;N;N;;S;N;;;N;;;;N;;;;;S;0,00;;;N;N;;;;;N;;;;N;N;;0,00;0,00;;0,00;;0,00;0,00;0,00;0,00;0,00;0,00;0,00;0,00;;;;;;N;;0,00;;;;;;;;;N;N;;N;;;;0,00;N;N;S;;;;;N;;;;;N;S;N;E;;PA;1;1;;1;;;;;;;N;0,00;;;;N;;;;N;;;;0,00;;;;;;;;;;;;;;;N;;;;;N;;;;;;;;;1,00;1,00;;1;;;;V;N;;;;N;;;;;;;;;N;;;;;;;;;N;;;N;OM;;N;N;;;;;N;N;;;0;;;;;;;;;N;;1,00;;U;;;;;N;N;N;0
97;BISC HILEIA AGUA E SAL CR CRACK 400G;152;HILEIA IND DE PRODUTOS ALIMENTICIOS S/A;22;LANCHE;2205;BISCOITO SALGADO;;;220505;BISCOITO AGUA E SAL;;;L;OT;UNIDADE;UN;UNIDADE;1,00;CX C/ 20UN;CX;CAIXA;20,00;0,44;0,44;19059020.;BOLACHAS.;19059020;;13;14;13;7896382504648,00;17896382504645,00;7896382504648,00;12010003;3;97;BISC HILEIA AGUA E SAL CR CRACK 400G;;97;BISC HILEIA AGUA E SAL CR CRACK 400G;;;;;N;;;;;;;;;;;;;;;;;;FL;;;;;N;;S;;;;;;N;;;;;;;;;;;;;15;FERNANDO FREIRE;107;MARCOS ANTONIO ESPINDOLA FRANCA;453;15/12/1992;27/12/2022 15:07:38;29/09/2025 15:52:49;27/12/2022 15:07:38;09/04/2015;;S;S;N;;C;C;;N;;;1,00;0,50;0,50;0,50;P;0,00;;;3,43;0,00;;0,00;21;;S;0;;;N;N;N;R;7,00;0,00;0,00;0,00;0,00;0,00;0,00;0,00;0,00;0,00;;0,00;0,00;N;N;;S;N;;;N;;;;N;;;;;S;0,00;;;N;N;;;;;N;;;;N;N;;0,00;0,00;;0,00;;0,00;0,00;0,00;0,00;0,00;0,00;0,00;0,00;;;;;;N;;0,00;;;;;;;;;N;N;;N;;;;7,00;N;N;N;;;;;N;;;;;S;S;N;E;240;PA;1;1;;1;;0,00;;8,87;;1,00;N;0,00;;;;N;;;;N;;;;0,00;;;;;;;;;29/05/2017;;;;100,00;60,00;N;;;;;N;;;;;;;;;1,00;100,00;;1;;;;V;N;144;;;N;;;;;;;;;N;;;;;;;;;N;;;N;OM;;N;N;;;;;N;N;;;0;;;;;;;;;N;;1,00;;U;;;;;N;N;N;0
98;BISC HILEIA BISCOITITOS QUEIJO 300G;152;HILEIA IND DE PRODUTOS ALIMENTICIOS S/A;22;LANCHE;2205;BISCOITO SALGADO;;;220508;BISCOITO SALGADO DIVERSO;;;L;OT;UNIDADE;UN;UNIDADE;1,00;CX C/ 12UN;CX;CAIXA;12,00;0,31;0,31;19059020.;BOLACHAS.;19059020;;13;0;13;100129,00;0,00;100129,00;54;1;98;BISC HILEIA BISCOITITOS QUEIJO 300G;;98;BISC HILEIA BISCOITITOS QUEIJO 300G;;;;;N;;;;;;;;;;;;;;;;;;FL;;;;;N;;N;;;;;;N;;;;;;;;;;;;;15;FERNANDO FREIRE;453;AMF CONSULTA;453;16/06/2015;27/12/2022 15:07:38;29/09/2025 15:52:49;27/12/2022 15:07:38;09/04/2015;;S;S;N;;C;;;N;;;1,00;0,50;0,50;0,50;P;0,00;;;1,88;0,00;;0,00;21;;N;0;;;N;N;N;R;0,00;0,00;0,00;0,00;0,00;0,00;0,00;0,00;0,00;0,00;;0,00;0,00;N;N;;S;N;;;N;;;;N;;;;;S;0,00;;;N;N;;;;;N;;;;N;N;;0,00;0,00;;0,00;;0,00;0,00;0,00;0,00;0,00;0,00;0,00;0,00;;;;;;N;;0,00;;;;;;;;;N;N;;N;;;;0,00;N;N;N;;;;;N;;;;;N;S;N;E;;PA;1;1;;1;;;;;;;N;0,00;;;;N;;;;N;;;;;;;;;;;;;;;;;;;N;;;;;N;;;;;;;;;1,00;100,00;;1;;;;V;N;;;;N;;;;;;;;;N;;;;;;;;;N;;;N;OM;;N;N;;;;;N;N;;;0;;;;;;;;;N;;1,00;;U;;;;;N;N;N;0
99;BISC HILEIA BISCOITITOS TRAD 200G;152;HILEIA IND DE PRODUTOS ALIMENTICIOS S/A;22;LANCHE;2205;BISCOITO SALGADO;;;220508;BISCOITO SALGADO DIVERSO;;;L;OT;UNIDADE;UN;UNIDADE;1,00;CX C/ 20UN;CX;CAIXA;20,00;0,22;0,22;19053100.;"OUTS.BOLACHAS/BISCOITOS COM EDULCORANTES
";19053100;;13;14;13;7896382504570,00;7896382504577,00;7896382504570,00;12030010;0;99;BISC HILEIA BISCOITITOS TRAD 200G;;99;BISC HILEIA BISCOITITOS TRAD 200G;;;;;N;;;;;;;;;;;;;;;P:\BRUUUUUNO\99.PNG;;;  ;;;;;N;;S;;;;;;N;;;;;;;;;;;;;15;FERNANDO FREIRE;217;COMPRADOR - CRISTIANO;103;;13/12/2024 10:54:45;07/11/2025 11:41:45;16/10/2025 10:04:15;09/04/2015;;S;S;N;;A;C;;N;;;1,00;0,50;0,50;0,50;P;0,00;;;2,70;0,00;;0,00;21;;S;0;;;N;N;N;R;0,00;0,00;0,00;0,00;0,00;0,00;0,00;0,00;0,00;0,00;;0,00;0,00;N;N;;S;N;;;N;;;;N;;;;;S;0,00;;;N;N;;;;;N;;;;N;N;;0,00;0,00;;0,00;;0,00;0,00;0,00;0,00;0,00;0,00;0,00;0,00;;;;;;N;;0,00;;;;;;;;;N;N;;N;;;;0,00;N;N;N;;;;;N;;;;;S;S;N;E;180;PA;1;1;;1;;0,00;;4,43;;1,00;N;0,00;;;;N;;;;N;;S;;0,00;;;;;;;;;08/08/2017;;;;100,00;80,00;N;;20;;;N;;;;;;;;;1,00;100,00;;1;;;;V;N;144;;;N;;;;;;;;;N;;;;;;;;;N;;;N;OM;;N;N;;;;N;N;N;;;0;;;;;;;;;N;;1,00;;U;;;;;N;N;N;0
100;BISC HILEIA EXTRA CHOCOLATE 400G;152;HILEIA IND DE PRODUTOS ALIMENTICIOS S/A;22;LANCHE;2206;BISCOITO DOCE;;;220604;BISCOITO DOCE AMANTEIGADO;;;L;OT;UNIDADE;UN;UNIDADE;1,00;CX C/ 10UN;CX;CAIXA;10,00;0,45;0,45;19053100.;"OUTS.BOLACHAS/BISCOITOS COM EDULCORANTES
";19053100;;13;14;13;7896382504532,00;7896382504539,00;7896382504532,00;12030008;7;100;BISC HILEIA EXTRA CHOCOLATE 400G;;100;BISC HILEIA EXTRA CHOCOLATE 400G;;;;;N;;;;;;;;;;;;;;;;;;FL;;;;;N;;S;;;;;;N;;;;;;;;;;;;;15;FERNANDO FREIRE;453;AMF CONSULTA;453;16/12/1992;27/12/2022 15:07:38;29/09/2025 15:52:49;27/12/2022 15:07:38;09/04/2015;;S;S;N;;C;C;;N;;;1,00;0,50;0,50;0,50;P;0,00;;;3,80;0,00;;0,00;21;;S;0;;;N;N;N;R;0,00;0,00;0,00;0,00;0,00;0,00;0,00;0,00;0,00;0,00;;0,00;0,00;N;N;;S;N;;;N;;;;N;;;;;S;0,00;;;N;N;;;;;N;;;;N;N;;0,00;0,00;;0,00;;0,00;0,00;0,00;0,00;0,00;0,00;0,00;0,00;;;;;;N;;0,00;;;;;;;;;N;N;;N;;;;0,00;N;N;N;;;;;N;;;;;S;S;N;E;180;PA;1;1;;1;;0,00;;4,50;;;N;0,00;;;;N;;;;N;;;;0,00;;;;;;;;;16/08/2017;;;;100,00;80,00;N;;;;;N;;;;;;;;;1,00;100,00;;1;;;;V;N;144;;;N;;;;;;;;;N;;;;;;;;;N;;;N;OM;;N;N;;;;;N;N;;;0;;;;;;;;;N;;1,00;;U;;;;;N;N;N;0
101;BISC HILEIA CR CRACKER 400G;152;HILEIA IND DE PRODUTOS ALIMENTICIOS S/A;22;LANCHE;2205;BISCOITO SALGADO;;;220501;BISCOITO CREME CRACKER;;;L;OT;UNIDADE;UN;UNIDADE;1,00;CX C/ 20UN;CX;CAIXA;20,00;0,45;0,45;19053100.;"OUTS.BOLACHAS/BISCOITOS COM EDULCORANTES
";19053100;;13;14;13;7896382504624,00;17896382504621,00;7896382504624,00;12010001;5;101;BISC HILEIA CR CRACKER 400G;;101;BISC HILEIA CR CRACKER 400G;;;;;N;;;;;;;;;;;;;;;;;;  ;;;;;N;;S;;;;;;N;;;;;;;;;;;;;15;FERNANDO FREIRE;107;MARCOS ANTONIO ESPINDOLA FRANCA;453;;25/05/2023;29/09/2025 15:52:49;27/12/2022 15:07:37;09/04/2015;;S;S;N;;A;A;;N;;;1,00;0,50;0,50;0,50;P;0,00;;;4,42;0,00;;0,00;21;;S;0;;;N;N;N;R;7,16;0,00;0,00;0,00;0,00;0,00;0,00;0,00;0,00;0,00;;0,00;0,00;N;N;;S;N;;;N;;;;N;;;;;S;0,00;;;N;N;;;;;N;;;;N;N;;0,00;0,00;;0,00;;0,00;0,00;0,00;0,00;0,00;0,00;0,00;0,00;;;;;;N;;0,00;;;;;;;;;N;N;;N;;;;7,16;N;N;N;;;;;N;;;;;S;S;N;E;240;PA;1;1;;1;;0,00;;8,74;;1,00;N;0,00;;;;N;;;;N;;;;0,00;;;;;;;;;08/09/2017;;;;100,00;60,00;N;;20;;;N;;;;;;;;;1,00;100,00;;1;;;;V;N;144;;;N;;;;;;;;;N;;;;;;;;;N;;;N;OM;;N;N;;;;;N;N;;;0;;;;;;;;;N;;1,00;;U;;;;;N;N;N;0
102;BISC HILEIA EXTRA DELICIA 400G;152;HILEIA IND DE PRODUTOS ALIMENTICIOS S/A;22;LANCHE;2206;BISCOITO DOCE;;;220604;BISCOITO DOCE AMANTEIGADO;;;L;OT;UNIDADE;UN;UNIDADE;1,00;CX C/ 10UN;CX;CAIXA;10,00;0,45;0,45;19053100.;"OUTS.BOLACHAS/BISCOITOS COM EDULCORANTES
";19053100;;13;14;13;7896382501630,00;7896382501637,00;7896382501630,00;12030006;3;102;BISC HILEIA EXTRA DELICIA 400G;;102;BISC HILEIA EXTRA DELICIA 400G;;;;;N;;;;;;;;;;;;;;;;;;  ;;;;;N;;S;;;;;;N;;;;;;;;;;;;;15;FERNANDO FREIRE;217;COMPRADOR - CRISTIANO;217;;31/07/2024 21:37:11;29/09/2025 15:52:49;31/07/2024 21:37:11;09/04/2015;;S;S;N;;B;C;;N;;;1,00;0,50;0,50;0,50;P;0,00;;;4,90;0,00;;0,00;21;;S;0;;;N;N;N;R;9,00;0,00;0,00;0,00;0,00;0,00;0,00;0,00;0,00;0,00;;0,00;0,00;N;N;;S;N;;;N;;;;N;;;;;S;0,00;;;N;N;;;;;N;;;;N;N;;0,00;0,00;;0,00;;0,00;0,00;0,00;0,00;0,00;1,00;0,00;0,00;;;;;;N;;0,00;;;;;;;;;N;N;;N;;;;9,00;N;N;N;;;;;N;;;;;S;S;N;E;180;PA;1;1;;1;;0,00;;4,45;;1,00;N;0,00;;;;N;;;;N;;S;;0,00;;;;;;;;;27/07/2017;;;;100,00;80,00;N;;20;;;N;;;;;;;;;1,00;100,00;;1;;;;V;N;144;;;N;;;;;;;;;N;;;;;;;;;N;;;N;OM;;N;N;;;;N;N;N;;;0;;;;;;;;;N;;1,00;;U;;;;;N;N;N;0
1;ABS ALWAYS BASICO SECA C/ABAS C/8;110;SUPERGIRO DISTRIBUIDORA BELEM LTDA;27;HIGIENE PESSOAL;2703;HIGIENE INTIMA ADULTA;193;ALWAYS;270306;ABSORVENTE COM ABAS BASICO;;;L;OT;1UNX1UN;PC;PACOTE;1,00;CX C/ 18UN;CX;CAIXA;18,00;0,06;0,06;96190000.1;OUTROS,ABSORVENTES (PENSOS*) E TAMP?ES HIGIENICOS, CUEIROS E FRALDAS PARA BEBES E ARTIGOS HIGIENICOS SEMELHANTES, DE QUALQUER MATERIA.;96190000;01;13;14;13;7500435127226,00;17500435016558,00;7500435127226,00;8231;9;1;ABS ALWAYS BASICO SECA C/ABAS C/8;;1;ABS ALWAYS BASICO SECA C/ABAS C/8;;;;;N;;;;;;;;;;;;;;;P:\IMAGENS PRODUTOS\1.PNG.PNG;;;  ;;;;;N;;S;;;;;;N;;;;;;;;;;;;;13;ALESSANDRO GOMES;217;COMPRADOR - CRISTIANO;498;;01/03/2024 13:24:16;25/09/2025 09:25:06;12/09/2025 13:41:20;10/03/2015;;S;S;N;;B;B;;N;;;1,00;0,50;0,50;0,50;P;0,00;;;2,85;0,00;;0,00;21;;S;0;;;N;N;N;R;0,00;0,00;0,00;0,00;0,00;0,00;0,00;0,00;0,00;0,00;;0,00;0,00;N;N;;S;N;;;N;;;;N;;;;;S;0,00;;;N;N;;;;;N;;;;N;N;;0,00;0,00;;0,00;;0,00;0,00;0,00;0,00;0,00;0,00;0,00;0,00;;;;;;N;;0,00;;;;;;;;;N;N;;N;;;;0,00;N;N;N;;;;;N;;;2;SEPARAC?O P/CLIENTE/PEDIDO;S;S;N;E;;PA;1;1;;1;;0,00;;1,07;;1,00;N;0,00;;;;N;;;;N;;;;0,00;;;;;;;;;;;;;;;N;;20;;;N;;;;;;;;;1,00;100,00;;1;;;;V;N;;;;N;;;;;;;;;N;;;;;;;;;N;;;N;OM;;N;N;;;;N;N;N;;;0;;;;;;;;;N;;1,00;;U;;;;;N;N;N;0
2;ABS ALWAYS BASICO SECA S/ABAS C/8;110;SUPERGIRO DISTRIBUIDORA BELEM LTDA;27;HIGIENE PESSOAL;2703;HIGIENE INTIMA ADULTA;193;ALWAYS;270304;ABSORVENTE SEM ABAS BASICO;;;L;OT;1UNX1UN;PC;PACOTE;1,00;CX C/ 18UN;CX;CAIXA;18,00;0,06;0,06;96190000.1;OUTROS,ABSORVENTES (PENSOS*) E TAMP?ES HIGIENICOS, CUEIROS E FRALDAS PARA BEBES E ARTIGOS HIGIENICOS SEMELHANTES, DE QUALQUER MATERIA.;96190000;01;13;14;13;7500435127264,00;17500435016619,00;7500435127264,00;8240;7;1;ABS ALWAYS BASICO SECA C/ABAS C/8;;1;ABS ALWAYS BASICO SECA C/ABAS C/8;;;;;N;;;;;;;;;;;;;;;P:\IMAGENS PRODUTOS\2.JPG;;;  ;;;;;N;;S;;;;;;N;;;;;;;;;;;;;15;FERNANDO FREIRE;217;COMPRADOR - CRISTIANO;436;;27/11/2024 01:01:11;25/09/2025 09:25:06;27/11/2024 01:01:10;08/04/2015;;S;S;N;;C;B;;N;;;1,00;0,50;0,50;0,50;P;0,00;;;2,85;0,00;;0,00;21;;S;0;;;N;N;N;R;0,00;0,00;0,00;0,00;0,00;0,00;0,00;0,00;0,00;0,00;;0,00;0,00;N;N;;S;N;;;N;;;;N;;;;;S;0,00;;;N;N;;;;;N;;;;N;N;;0,00;0,00;;0,00;;0,00;0,00;0,00;0,00;0,00;0,00;0,00;0,00;;;;;;N;;0,00;;;;;;;;;N;N;;N;;;;0,00;N;N;N;;;;;N;;;2;SEPARAC?O P/CLIENTE/PEDIDO;S;S;N;E;;PA;1;1;;1;;0,00;;1,10;;1,00;N;0,00;;;;N;;;;N;;S;;0,00;;;;;;;;;;;;;;;N;;20;;;N;;;;;;;;;1,00;100,00;;1;;;;V;N;;;;N;;;;;;;;;N;;;;;;;;;N;;;N;OM;;N;N;;;;N;N;N;;;0;;;;;;;;;N;;1,00;;U;;;;;N;N;N;0
3;ABS ALWAYS BASICO SUAVE C/ABAS C/8;110;SUPERGIRO DISTRIBUIDORA BELEM LTDA;27;HIGIENE PESSOAL;2703;HIGIENE INTIMA ADULTA;193;ALWAYS;270306;ABSORVENTE COM ABAS BASICO;;;L;OT;1UNX1UN;PC;PACOTE;1,00;CX C/ 18UN;CX;CAIXA;18,00;0,06;0,06;96190000.1;OUTROS,ABSORVENTES (PENSOS*) E TAMP?ES HIGIENICOS, CUEIROS E FRALDAS PARA BEBES E ARTIGOS HIGIENICOS SEMELHANTES, DE QUALQUER MATERIA.;96190000;01;13;14;13;7500435127240,00;17500435016572,00;7500435127240,00;8236;5;1;ABS ALWAYS BASICO SECA C/ABAS C/8;;1;ABS ALWAYS BASICO SECA C/ABAS C/8;;;;;N;;;;;;;;;;;;;;;P:\IMAGENS PRODUTOS\3.JPG;;;  ;;;;;N;;S;;;;;;N;;;;;;;;;;;;;15;FERNANDO FREIRE;217;COMPRADOR - CRISTIANO;103;;01/03/2024 13:24:41;14/11/2025 09:08:03;01/03/2024 13:24:41;08/04/2015;;S;S;N;;C;C;;N;;;1,00;0,50;0,50;0,50;P;0,00;;;2,89;0,00;;0,00;21;;S;0;;;N;N;N;R;0,00;0,00;0,00;0,00;0,00;0,00;0,00;0,00;0,00;0,00;;0,00;0,00;N;N;;S;N;;;N;;;;N;;;;;S;0,00;;;N;N;;;;;N;;;;N;N;;0,00;0,00;;0,00;;0,00;0,00;0,00;0,00;0,00;0,00;0,00;0,00;;0,00;;;;N;;0,00;;;;;;;;;N;N;;N;;;;0,00;N;N;N;;;;;N;;;2;SEPARAC?O P/CLIENTE/PEDIDO;S;S;N;E;;PA;1;1;;1;;0,00;;1,13;;1,00;N;0,00;;;;N;;;;N;;;;0,00;;;;;;;;;;;;;;;N;;20;;;N;;;;;;;;;1,00;100,00;;1;;;;V;N;;;;N;;;;;;;;;N;;;;;;;;;N;;;N;OM;;N;N;;;;N;N;N;;;0;;;;;;;;;N;;1,00;;U;;;;;N;N;N;0
4;ABS ALWAYS BASICO SUAVE S/ABAS C/8;110;SUPERGIRO DISTRIBUIDORA BELEM LTDA;27;HIGIENE PESSOAL;2703;HIGIENE INTIMA ADULTA;193;ALWAYS;270304;ABSORVENTE SEM ABAS BASICO;;;L;OT;1UNX1UN;PC;PACOTE;1,00;CX C/ 18UN;CX;CAIXA;18,00;0,06;0,06;96190000.1;OUTROS,ABSORVENTES (PENSOS*) E TAMP?ES HIGIENICOS, CUEIROS E FRALDAS PARA BEBES E ARTIGOS HIGIENICOS SEMELHANTES, DE QUALQUER MATERIA.;96190000;01;13;14;13;7500435127271,00;17500435016626,00;7501001156190,00;8241;3;1;ABS ALWAYS BASICO SECA C/ABAS C/8;;1;ABS ALWAYS BASICO SECA C/ABAS C/8;;;;;N;;;;;;;;;;;;;;;P:\IMAGENS PRODUTOS\4.PNG;;;  ;;;;;N;;S;;;;;;N;;;;;;;;;;;;;15;FERNANDO FREIRE;1220;ARI RAIMUNDO LOPES DE SA;103;;18/11/2025;18/11/2025 09:52:19;01/03/2024 13:24:53;08/04/2015;;S;S;N;;C;C;;N;;;1,00;0,50;0,50;0,50;P;0,00;;;2,89;0,00;;0,00;21;;S;0;;;N;N;N;R;0,00;0,00;0,00;0,00;0,00;0,00;0,00;0,00;0,00;0,00;;0,00;0,00;N;N;;S;N;;;N;;;;N;;;;;S;0,00;;;N;N;;;;;N;;;;N;N;;0,00;0,00;;0,00;;0,00;0,00;0,00;0,00;0,00;0,00;0,00;0,00;;;;;;N;;0,00;;;;;;;;;N;N;;N;;;;0,00;N;N;N;;;;;N;;;;;S;S;N;E;;PA;1;1;;1;;0,00;;1,24;;1,00;N;0,00;;;;N;;;;N;;;;0,00;;;;;;;;;;;;;;;N;;20;;;N;;;;;;;;;1,00;100,00;;1;;;;V;N;;;;N;;;;;;;;;N;;;;;;;;;N;;;N;OM;;N;N;;;;N;N;N;;;0;;;;;;;;;N;;1,00;;U;;;;;N;N;N;0
26208;FARINHA DE PIRACUI 200G;2745;MADSON CARDOSO LIMA JUNIOR 86322257234;1;MIGRACAO;1;MIGRACAO;;;1;MIGRACAO;;;L;OT;UNIDADE;UN;UNIDADE;1,00;CX C/ 24UN;CX;CAIXA;24,00;1,00;1,00;03055100.;"PEIXES E CRUST?CEOS, MOLUSCOS E OS OUTROS INVERTEBRADOS AQU?TICOS - PEIXES SECOS, SALGADOS OU EM SALMOURA; PEIXES DEFUMADOS, MESMO COZIDOS ANTES OU DURANTE A DEFUMA??O; FARINHAS, P?S E ?PELLETS?, DE PEIXE, PR?PRIOS PARA ALIMENTA??O HUMANA - PEIXES SECOS, MESMO SALGADOS MAS N?O DEFUMADOS: - BACALHAU-DO-ATL?NTICO(GADUSMORHUA),BACALHAU-DA-GROEL?NDIA(GADUSOGAC)E BACALHAU-DO-PAC?FICO (GADUS MACROCEPHALUS)";03055100;;13;0;13;7898624440981,00;0,00;7898624440981,00;;0;26208;FARINHA DE PIRACUI 200G;;26208;FARINHA DE PIRACUI 200G;;;;;N;;;;;;;;;;;;;;;;;;FL;;;;;N;;S;;;;;;N;;;;;;;;;;;;;435;COMPRADOR 15 - OLIVER;453;AMF CONSULTA;453;15/12/1992;03/03/2023 08:56:33;05/03/2024 12:05:53;03/03/2023 08:56:33;15/02/2022;;S;S;N;;;;;N;;;1,00;0,50;0,50;0,50;P;0,00;;;0,00;0,00;;0,00;30;;N;0;;;N;N;N;R;0,00;0,00;0,00;0,00;0,00;0,00;0,00;0,00;0,00;0,00;;0,00;0,00;N;N;;S;N;;;N;;;;N;;;;;S;0,00;;;N;N;;;;;N;;;;N;N;;0,00;0,00;;0,00;;0,00;0,00;0,00;0,00;0,00;0,00;0,00;0,00;;;;;;N;;0,00;;;;;;;;;N;N;;N;;;;;N;N;S;;;;;N;;;;;N;S;N;E;;PA;1;1;;1;;;;;;;S;0,00;;;;N;;;;N;;;;;;;;;;;;;;;;;;;N;;;;;N;;;;;;;;;1,00;1,00;;1;;;;V;N;;;;N;;;;;;;;;N;;;;;;;;;N;;;N;OM;;N;N;;;;;N;N;;;0;;;;;;;;;N;;1,00;;U;;;3;;N;N;N;0
5;ABS SEJA LIVRE SUAVE C/ABAS C/8;60;JC FERREIRA MORAES COMERCIO - ME ;27;HIGIENE PESSOAL;2703;HIGIENE INTIMA ADULTA;;;270306;ABSORVENTE COM ABAS BASICO;;;L;OT;PC C/ 8UN;PC;PACOTE;1,00;CX C/ 48PC;CX;CAIXA;48,00;0,07;0,07;96190000.;"ABSORVENTES/FRALDAS/SEMELHS.DE PASTA DE PAPEL
";96190000;;13;14;13;7898344810019,00;17898344810019,00;7898344810019,00;5;1;5;ABS SEJA LIVRE SUAVE C/ABAS C/8;;5;ABS SEJA LIVRE SUAVE C/ABAS C/8;;;;;N;;;;;;;;;;;;;;;;;;FL;;;;;N;;S;;;;;;N;;;;;;;;;;;;;15;FERNANDO FREIRE;436;FAIVES.TEC;453;30/04/2016;01/03/2023 17:00:37;05/05/2025 11:57:15;01/03/2023 17:00:37;08/04/2015;;S;S;N;;C;C;;N;;;1,00;0,50;0,50;0,50;P;0,00;;;0,00;0,00;;0,00;21;;N;0;;;N;N;N;R;0,00;0,00;0,00;0,00;0,00;0,00;0,00;0,00;0,00;0,00;;0,00;0,00;N;N;;S;N;;;N;;;;N;;;;;S;0,00;;;N;N;;;;;N;;;;N;N;;0,00;0,00;;0,00;;0,00;0,00;0,00;0,00;0,00;0,00;0,00;0,00;;;;;;N;;0,00;;;;;;;;;N;N;;N;;;;;N;N;N;;;;;N;;;;;S;S;N;E;;PA;1;1;;1;;0,00;;3,36;;1,00;N;0,00;;;;N;;;;N;;;;;;;;;;;;;;;;;;;N;;;;;N;;;;;;;;;1,00;100,00;;1;;;;V;N;;;;N;;;;;;;;;N;;;;;;;;;N;;;N;OM;;N;N;;;;;N;N;;;0;;;;;;;;;N;;1,00;;U;;;;;N;N;N;0
6;ABS SEJA LIVRE SUAVE S/ABAS C/8;60;JC FERREIRA MORAES COMERCIO - ME ;27;HIGIENE PESSOAL;2703;HIGIENE INTIMA ADULTA;;;270304;ABSORVENTE SEM ABAS BASICO;;;L;OT;PC C/ 8UN;PC;PACOTE;1,00;CX C/ 48PC;CX;CAIXA;48,00;0,05;0,05;96190000.;"ABSORVENTES/FRALDAS/SEMELHS.DE PASTA DE PAPEL
";96190000;;13;14;13;7898344815168,00;17898344815168,00;7898344815168,00;6;0;6;ABS SEJA LIVRE SUAVE S/ABAS C/8;;5;ABS SEJA LIVRE SUAVE C/ABAS C/8;;;;;N;;;;;;;;;;;;;;;;;;FL;;;;;N;;N;;;;;;N;;;;;;;;;;;;;15;FERNANDO FREIRE;453;AMF CONSULTA;453;10/11/2015;01/03/2023 17:01:05;05/03/2024 12:05:53;01/03/2023 17:01:05;08/04/2015;;S;S;N;;C;;;N;;;1,00;0,50;0,50;0,50;P;0,00;;;0,00;0,00;;0,00;21;;N;0;;;N;N;N;R;0,00;0,00;0,00;0,00;0,00;0,00;0,00;0,00;0,00;0,00;;0,00;0,00;N;N;;S;N;;;N;;;;N;;;;;S;0,00;;;N;N;;;;;N;;;;N;N;;0,00;0,00;;0,00;;0,00;0,00;0,00;0,00;0,00;0,00;0,00;0,00;;;;;;N;;0,00;;;;;;;;;N;N;;N;;;;;N;N;N;;;;;N;;;;;N;S;N;E;;PA;1;1;;1;;;;;;;N;0,00;;;;N;;;;N;;;;;;;;;;;;;;;;;;;N;;;;;N;;;;;;;;;1,00;100,00;;1;;;;V;N;;;;N;;;;;;;;;N;;;;;;;;;N;;;N;OM;;N;N;;;;;N;N;;;0;;;;;;;;;N;;1,00;;U;;;;;N;N;N;0
7;ACHOC PO ITALAC SCH 400G;46;GOIAS MINAS INDUSTRIA DE LATICINIOS LTDA;25;MATINAL;2504;ACHOCOLATADO PO;;;250403;ACHOCOLATADO PO GRD POPULAR;;;L;OT;1UNX400GR;UN;UNIDADE;1,00;CX C/ 24UN;CX;CAIXA;24,00;0,41;0,41;18069000.;"OUTROS CHOCOLATES E PREPARACOES ALIMENTICIAS CONT.CACAU
";18069000;;13;14;13;7898080640673,00;17898080640670,00;7898080640673,00;00080010401;8;7;ACHOC PO ITALAC SCH 400G;;7;ACHOC PO ITALAC SCH 400G;;;;;N;;;;;;;;;;;;;;;P:\BRUUUUUNO\7.PNG;;;  ;;;;;N;;S;;;;;;N;;;;;;;;;;;;;15;FERNANDO FREIRE;1275;BRUNO FREIRE DE SOUZA;1275;;12/02/2025 10:59:15;06/06/2025 14:59:51;12/02/2025 10:59:15;08/04/2015;;S;S;N;;C;;;N;;;1,00;0,50;0,50;0,50;P;0,00;;;4,93;0,00;;0,00;21;;N;0;;;N;N;N;R;0,00;0,00;0,00;0,00;0,00;0,00;0,00;0,00;0,00;0,00;;0,00;0,00;N;N;;S;N;;;N;;;;N;;;;;S;0,00;;;N;N;;;;;N;;;;N;N;;0,00;0,00;;0,00;;0,00;0,00;0,00;0,00;0,00;0,00;0,00;0,00;;;;;;N;;0,00;;;;;;;;;N;N;;N;;;;0,00;N;N;N;;;;;N;;;;;S;S;N;E;;PA;1;1;;1;;0,00;;10,11;;1,00;N;0,00;;;;N;;;;N;;S;;0,00;;;;;;;;;;;;;;;N;;20;;;N;;;;;;;;;1,00;100,00;;1;;;;V;N;;;;N;;;;;;;;;N;;;;;;;;;N;;;N;OM;;N;N;;;;N;N;N;;;0;;;;;;;;;N;;1,00;;U;;;;;N;N;N;0
8;ACHOC PO MARATA SCH 200G;3549;JAV INDUSTRIA DE ALIMENTOS LTDA;25;MATINAL;2504;ACHOCOLATADO PO;;;250401;ACHOCOLATADO PO PEQ POPULAR;;;L;OT;1UNX200GR;UN;UNIDADE;1,00;CX C/ 24UN;CX;CAIXA;24,00;0,23;0,23;18069000.;"OUTROS CHOCOLATES E PREPARACOES ALIMENTICIAS CONT.CACAU
";18069000;;13;0;13;7898286200787,00;27898286200781,00;7898286200787,00;5000000292;6;8;ACHOC PO MARATA SCH 200G;;8;ACHOC PO MARATA SCH 200G;;;;;N;;;;;;;;;;;;;;;P:\IMAGENS PRODUTOS\8.JPG;;;  ;;;;;N;;S;;;1;FOOD;;N;;;;;;;;;;;;;15;FERNANDO FREIRE;217;COMPRADOR - CRISTIANO;1275;;13/10/2023 16:35:08;27/11/2025 10:53:20;20/05/2025 11:12:52;08/04/2015;;S;S;N;;C;C;;N;;;1,00;0,50;0,50;0,50;P;0,00;;;2,89;0,00;;0,00;21;;S;0;;;N;N;N;R;0,00;0,00;0,00;0,00;0,00;0,00;0,00;0,00;0,00;0,00;;0,00;0,00;N;N;;S;N;;;N;;;;N;;;;;S;0,00;;;N;N;;;;;N;;;;N;N;;0,00;0,00;;0,00;;0,00;0,00;0,00;0,00;0,00;0,00;0,00;0,00;;;;;;N;;0,00;;;;;;;;;N;N;;N;;;;0,00;N;N;N;;;;;N;;;;;S;S;N;E;;PA;1;1;1,00;1;;0,00;;5,60;;1,00;N;0,00;;;;N;;;;N;;;;0,00;;;;;;;;;21/11/2017;;;;;;N;;20;;;N;1,00;;;;;;;;1,00;1,00;;1;1;;;V;N;;;;N;;;;;;;;;N;;;;;;;;;N;;;N;OM;;N;N;;;;N;N;N;;;0;;;;;;;;;N;;1,00;;U;;;;;N;N;N;0
9;ACHOC PO MARATA SCH 400G;3549;JAV INDUSTRIA DE ALIMENTOS LTDA;25;MATINAL;2504;ACHOCOLATADO PO;;;250403;ACHOCOLATADO PO GRD POPULAR;;;L;OT;1UNX400GR;UN;UNIDADE;1,00;CX C/ 24UN;CX;CAIXA;24,00;0,40;0,44;18069000.;"OUTROS CHOCOLATES E PREPARACOES ALIMENTICIAS CONT.CACAU
";18069000;;13;14;13;7898286200978,00;27898286200972,00;7898286200978,00;5000000291;4;9;ACHOC PO MARATA SCH 400G;;9;ACHOC PO MARATA SCH 400G;;;;;N;;;;;;;;;;;;;;;P:\IMAGENS PRODUTOS\9.JPG;;;  ;;;;;N;;S;;;;;;N;;;;;;;;;;;;;15;FERNANDO FREIRE;217;COMPRADOR - CRISTIANO;1275;;13/10/2023 16:38:35;27/11/2025 10:53:20;20/05/2025 11:13:12;08/04/2015;;S;S;N;;C;C;;N;;;1,00;0,50;0,50;0,50;P;0,00;;;5,17;0,00;;0,00;21;;S;0;;;N;N;N;R;0,00;0,00;0,00;0,00;0,00;0,00;0,00;0,00;0,00;0,00;;0,00;0,00;N;N;;S;N;;;N;;;;N;;;;;S;0,00;;;N;N;;;;;N;;;;N;N;;0,00;0,00;;0,00;;0,00;0,00;0,00;0,00;0,00;0,00;0,00;0,00;;;;;;N;;0,00;;;;;;;;;N;N;;N;;;;0,00;N;N;N;;;;;N;;;;;S;S;N;E;;PA;1;1;1,00;1;;0,00;;10,50;;1,00;N;0,00;;;;N;;;;N;;;;0,00;;;;;;;;;15/02/2018;;;;;;N;;20;;;N;1,00;;;;;;;;1,00;1,00;;1;1;;;V;N;;;;N;;;;;;;;;N;;;;;;;;;N;;;N;OM;;N;N;;;;N;N;N;;;0;;;;;;;;;N;;1,00;;U;;;;;N;N;N;0
30551;BATATA RUSTICA P LEVE KETCHUP 80GR;1457;M C F RODRIGUES DE ANDRADE DIST IMPORT EXP DE ALIM EIRELI;22;LANCHE;2203;BATATAS;;;220302;BATATA ONDULADA MED;;;L;OT;1UNX80GR;UN;UNIDADE;1,00;CX C/ 20UN;CX;CAIXA;20,00;0,10;0,10;20052000.;"BATATAS PREPARADAS OU CONSERVADAS,NAO CONGELADAS
";20052000;;13;0;13;7896422001267,00;0,00;7896422001267,00;;0;30551;BATATA RUSTICA P LEVE KETCHUP 80GR;;30551;BATATA RUSTICA P LEVE KETCHUP 80GR;;;;;N;;;;;;;;;;;;;;;;;;  ;;;;;N;;S;;;;;;N;;;;;;;;;;;;;150;NAYRON ARAUJO RODRIGUES DOS SANTOS;156;JOSUE CONCEICAO DE OLIVEIRA;453;;11/04/2023 15:37:54;06/06/2025 14:59:51;01/03/2023 18:03:32;11/04/2023;;S;N;N;;C;;;N;;;;0,50;0,50;0,50;P;0,00;;;5,10;0,00;;0,00;28;;N;0;;;N;N;N;R;4,90;0,00;0,00;0,00;0,00;0,00;0,00;0,00;0,00;0,00;;0,00;0,00;N;N;;S;N;;;N;;;;N;;;;;S;0,00;;;N;N;;;;;N;;;;N;N;;0,00;0,00;;0,00;;0,00;0,00;0,00;0,00;0,00;0,00;0,00;0,00;;;;;;N;;0,00;;;;;;;;;N;N;;N;;;;4,90;N;;N;;;;;N;;;;;N;S;N;E;;PA;1;1;;1;;;;;;;N;;;;;N;;;;N;;;;0,00;;;;;;;;;;;;;;;N;;20;;;N;;;;;;;;;1,00;1,00;;1;;;;V;N;;;;N;;;;;;;;;;;;;;;;;;N;;;;OM;;N;N;;;;;N;N;;;0;;;;;;;;;N;;1,00;;U;;;2;;N;N;N;0
10;ACHOC PO NESCAU 2.0 LT 400G;1099;NESTLE BRASIL LTDA;25;MATINAL;2504;ACHOCOLATADO PO;;;250403;ACHOCOLATADO PO GRD POPULAR;;;L;OT;1UNX400GR;UN;UNIDADE;1,00;CX C/ 30UN;CX;CAIXA;30,00;0,46;0,46;18069000.;"OUTROS CHOCOLATES E PREPARACOES ALIMENTICIAS CONT.CACAU
";18069000;;13;14;13;7891000053508,00;7891000051481,00;7891000053508,00;10;8;10;ACHOC PO NESCAU 2.0 LT 400G;;10;ACHOC PO NESCAU 2.0 LT 400G;;;;;N;;;;;;;;;;;;;;;;;;FL;;;;;N;;S;;;;;;N;;;;;;;;;;;;;15;FERNANDO FREIRE;107;MARCOS ANTONIO ESPINDOLA FRANCA;453;10/08/2022 10:44:06;01/03/2023 17:22:53;15/10/2025 10:24:03;01/03/2023 17:22:52;08/04/2015;;S;S;N;;A;B;;N;;;1,00;0,50;0,50;0,50;P;0,00;;;4,79;0,00;;0,00;21;;S;0;;;N;N;N;R;0,00;0,00;0,00;0,00;0,00;0,00;0,00;0,00;0,00;0,00;;0,00;0,00;N;N;;S;N;;;N;;;;N;;;;;S;0,00;;;N;N;;;;;N;;;;N;N;;0,00;0,00;;0,00;;0,00;0,00;0,00;0,00;0,00;0,00;0,00;0,00;;0,00;;;;N;;0,00;;;;;;;;;N;N;;N;;;;0,00;N;N;N;;;;;N;;;;;S;S;N;E;;PA;1;1;;1;;0,00;;13,85;;1,00;N;0,00;;;;N;;;;N;;;;0,00;;;;;;;;;01/09/2017;;;;;;N;;;;;N;;;;;;;;;1,00;100,00;;1;;;;V;N;;;;N;;;;;;;;;N;;;;;;;;;N;;;N;OM;;N;N;;;;;N;N;;;0;;;;;;;;;N;;1,00;;U;;;;;N;N;N;0
11;ACUCAR CONDESSA CRISTAL 1KG;1;DISTRIBUIDORA FREITAS LOPES LTDA;12;INDUSTRIA PRINCESA PA;1201;ACUCAR PRINCESA DO PARA;340;ACUCAR;120101;ACUCAR CRISTAL PRINCESA DO PARA;;;L;OT;1UNX1KG;UN;UNIDADE;1,00;30X1KG;FD;FARDO;30,00;1,01;1,01;17011400.;OUTROS ACUCARES D/CANA BRUTO S/AROMAT./CORANTES ;17011400;;13;14;13;7897962903233,00;17897962903233,00;7897962903233,00;11;6;11;ACUCAR CONDESSA CRISTAL 1KG;;11;ACUCAR CONDESSA CRISTAL 1KG;;;;;N;;;;;;;;;;;;;;;;;;FL;;;;;N;;N;;;;;;N;;;;;;;;;;;;;15;FERNANDO FREIRE;1275;BRUNO FREIRE DE SOUZA;1275;16/12/1992;21/02/2024 17:08:56;07/05/2025 13:44:59;21/02/2024 17:08:56;04/04/2015;;S;N;N;;C;A;;N;;;1,00;0,50;0,50;0,50;P;0,00;;;2,30;0,00;;0,00;21;;S;0;;;N;N;N;R;0,00;0,00;0,00;0,00;0,00;0,00;0,00;0,00;0,00;0,00;;0,00;0,00;N;N;;S;N;;;N;;;;N;;;;;S;0,00;;;N;N;;;;;S;;;;N;N;;0,00;0,00;;0,00;;0,00;0,00;0,00;0,00;0,00;0,00;0,00;0,00;;;;;;N;;0,00;;;;;;;;;N;N;;N;;;;0,00;N;N;N;;;;;N;;;;;N;S;N;E;;PA;1;1;1,00;1;;0,00;;30,26;;;N;0,00;;;;N;;;;N;;;;;;;;;;;;;;;;;;;N;;;;;N;1,00;;;;;;;;1,00;1,00;;1;1;;;V;N;;;;N;;;;;;;;;N;;;;;;;;;N;;;N;OM;;N;N;;;;N;N;N;;;0;;;;;;;;;N;;1,00;;U;;;;;N;N;N;0
12;ACUCAR CONDESSA CRISTAL 2KG;1;DISTRIBUIDORA FREITAS LOPES LTDA;12;INDUSTRIA PRINCESA PA;1201;ACUCAR PRINCESA DO PARA;340;ACUCAR;120101;ACUCAR CRISTAL PRINCESA DO PARA;;;L;OT;1UNX2KG;KG;KILOGRAMA;1,00;15X2KG;FD;FARDO;15,00;2,02;2,02;17011400.;OUTROS ACUCARES D/CANA BRUTO S/AROMAT./CORANTES ;17011400;;13;14;13;7897962900348,00;17897962900348,00;7897962900348,00;12;4;12;ACUCAR CONDESSA CRISTAL 2KG;;12;ACUCAR CONDESSA CRISTAL 2KG;;;;;N;;;;;;;;;;;;;;;;1;DISTRIBUIDORA FREITAS LOPES LTDA;FL;;;;;N;;N;;;;;;N;;;;;;;;;;;;;15;FERNANDO FREIRE;1275;BRUNO FREIRE DE SOUZA;1275;16/12/1992;21/02/2024 17:10:05;07/05/2025 13:44:59;21/02/2024 17:10:05;04/04/2015;;S;N;N;;C;B;;N;;;1,00;0,50;0,50;0,50;P;0,00;;;0,00;0,00;;0,00;21;;S;0;;;N;N;N;R;0,00;0,00;0,00;0,00;0,00;0,00;0,00;0,00;0,00;0,00;;0,00;0,00;N;N;;S;N;;;N;;;;N;;;;;S;0,00;;;N;N;;;;;N;;;;N;N;;0,00;0,00;;0,00;;0,00;0,00;0,00;0,00;0,00;0,00;0,00;0,00;;;;;;N;;0,00;;;;;;;;;N;N;;N;;;;;N;N;N;;;;;N;;;;;S;S;N;E;;PA;1;1;1,00;1;;0,00;;30,23;;;N;0,00;;;;N;;;;N;;;;;;;;;;;;;;;;;;;N;;;;;N;1,00;;;;;;;;1,00;1,00;;1;1;;;V;N;;;;N;;;;;;;;;N;;;;;;;;;N;;;N;OM;;N;N;;;;N;N;N;;;0;;;;;;;;;N;;1,00;;U;;;1;;N;N;N;0
13;ACUCAR CONDESSA TRITURADO 1KG;1;DISTRIBUIDORA FREITAS LOPES LTDA;12;INDUSTRIA PRINCESA PA;1201;ACUCAR PRINCESA DO PARA;340;ACUCAR;120102;ACUCAR TRITURADO PRINCESA DO PARA;;;L;OT;1UNX1KG;KG;KILOGRAMA;1,00;FD C/ 30UN;FD;FARDO;30,00;1,01;1,01;17011400.;OUTROS ACUCARES D/CANA BRUTO S/AROMAT./CORANTES ;17011400;;13;14;13;7897962900218,00;17897962900218,00;7897962900218,00;13;2;13;ACUCAR CONDESSA TRITURADO 1KG;;13;ACUCAR CONDESSA TRITURADO 1KG;;;;;N;;;;;;;;;;;;;;;;;;FL;;;;;N;;N;;;;;;N;;;;;;;;;;;;;15;FERNANDO FREIRE;453;AMF CONSULTA;453;16/12/1992;04/07/2023 09:20:27;07/05/2025 13:44:59;26/08/2022 09:37:14;02/04/2015;;S;S;N;;C;A;;N;;;1,00;0,50;0,50;0,50;P;0,00;;;1,90;0,00;;0,00;21;;S;0;;;N;N;N;R;0,00;0,00;0,00;0,00;0,00;0,00;0,00;0,00;0,00;0,00;;0,00;0,00;N;N;;S;N;;;N;;;;N;;;;;S;0,00;;;N;N;;;;;S;;;;N;N;;0,00;0,00;;0,00;;0,00;0,00;0,00;0,00;0,00;0,00;0,00;0,00;;;;;;N;;0,00;;;;;;;;;N;N;;N;;;;0,00;N;N;N;;;;;N;;;;;S;S;N;E;;PA;1;1;1,00;1;;0,00;;30,26;;;N;0,00;;;;N;;;;N;;;;0,00;;;;;;;;;01/11/2018;;;;;;N;;;;;N;1,00;;;;;;;;1,00;1,00;;1;1;;;V;N;;;;N;;;;;;;;;N;;;;;;;;;N;;;N;OM;;N;N;;;;;N;N;;;0;;;;;;;;;N;;1,00;;U;;;;;N;N;N;0
14;MP ACUCAR CRISTAL A GRANEL KG;1;DISTRIBUIDORA FREITAS LOPES LTDA;11;INDUSTRIA MP;1101;ACUCAR SACA BAG;;;110101;ACUCAR CRISTAL SACA BAG;;;MP;OT;KG;KG;KILOGRAMA;1,00;KG;KG;KILOGRAMA;1,00;1,00;1,00;17019900.;"OUTS.ACUCARES DE CANA,BETERRABA,SACAROSE QUIM.PURA,SOL.
";17019900;;8;14;8;1001021,00;1001021,00;1001021,00;14;0;14;MP ACUCAR CRISTAL A GRANEL KG;;14;MP ACUCAR CRISTAL A GRANEL KG;;;;;N;;;;;;;;;;;;;;;;1;DISTRIBUIDORA FREITAS LOPES LTDA;;;;;;N;;N;;;;;;N;;;;;;;;;;;;;15;FERNANDO FREIRE;103;ELAINE DO NASCIMENTO CABRAL SOUSA;103;;21/01/2025 15:51:46;27/11/2025 09:02:57;21/01/2025 15:51:46;02/04/2015;;S;N;S;;C;C;;N;;;1,00;0,50;0,50;0,50;P;0,00;;;2,20;0,00;;0,00;21;;S;0;;;N;N;N;R;0,00;0,00;0,00;0,00;0,00;0,00;0,00;0,00;0,00;0,00;;0,00;0,00;N;N;;S;N;;;N;;;;N;;;;;S;0,00;;;N;N;;;;;S;;;;N;N;;0,00;0,00;;0,00;;0,00;0,00;0,00;0,00;0,00;0,00;0,00;0,00;;;;;;N;;0,00;;;;;;;;;N;N;;N;;;;0,00;N;N;N;;;;;N;;;;;N;S;N;E;;PA;1;1;;1;;0,00;;1,00;;1,00;N;0,00;;;;N;;;;N;;S;;0,00;;;;;;;;;;;;;;;N;;;;;N;;;;;;;;;1,00;100,00;;1;;;;V;N;;;;N;;;;;;;;;N;;;;;;;;;N;;;N;OM;;N;N;;;;N;N;N;;;0;;;;;;;;;N;;1,00;;U;;;1;;N;N;N;0
30357;BISC VIVALE CR CRACKER MANTEIGA 300G;33;DN DISTRIBUIDORA E REPRESENTACOES EIRELI  ;22;LANCHE;2205;BISCOITO SALGADO;;;220501;BISCOITO CREME CRACKER;;;MP;OT;1UNX300GR;UN;UNIDADE;1,00;CX C/ 20UN;CX;CAIXA;20,00;0,33;0,33;19053100.;"OUTS.BOLACHAS/BISCOITOS COM EDULCORANTES
";19053100;;13;14;13;7896003710168,00;17896003710165,00;7896003710168,00;;7;30357;BISC VIVALE CR CRACKER MANTEIGA 300G;;30357;BISC VIVALE CR CRACKER MANTEIGA 300G;;;;;N;;;;;;;;;;;;;;;;;;  ;;;;;N;;S;;;;;;N;;;;;;;;;;;;;150;NAYRON ARAUJO RODRIGUES DOS SANTOS;107;MARCOS ANTONIO ESPINDOLA FRANCA;103;;29/05/2023;06/06/2025 14:59:51;29/05/2023 13:30:03;25/11/2022;;S;S;N;;C;A;;N;;;1,00;0,50;0,50;0,50;P;0,00;;;4,37;0,00;;0,00;21;;S;0;;;N;N;N;R;13,27;0,00;0,00;0,00;0,00;0,00;0,00;0,00;0,00;0,00;;0,00;0,00;N;N;;S;N;;;N;;;;N;;;;;S;0,00;;;N;N;;;;;N;;;;N;N;;0,00;0,00;;0,00;;0,00;0,00;0,00;0,00;0,00;0,00;0,00;0,00;;;;;;N;;0,00;;;;;;;;;N;N;;N;;;;13,27;N;N;N;;;;;N;;;;;S;S;N;E;;PA;1;1;;1;;0,00;;6,56;;1,00;N;0,00;;;;N;;;;N;;;;0,00;;;;;;;;;02/09/2017;;;;;;N;;20;;;N;;;;;;;;;1,00;100,00;;1;;;;V;N;;;;N;;;;;;;;;N;;;;;;;;;N;;;N;OM;;N;N;;;;;N;N;;;0;;;;;;;;;N;;1,00;;U;;;;;N;N;N;0
15;ACUCAR PRINCESA CRISTAL 1KG;1;DISTRIBUIDORA FREITAS LOPES LTDA;12;INDUSTRIA PRINCESA PA;1201;ACUCAR PRINCESA DO PARA;340;ACUCAR;120101;ACUCAR CRISTAL PRINCESA DO PARA;;;PA;OT;1UNX1KG;KG;KILOGRAMA;1,00;30X1KG;FD;FARDO;30,00;1,02;1,02;17011400.;OUTROS ACUCARES D/CANA BRUTO S/AROMAT./CORANTES ;17011400;;13;14;13;7897962900096,00;17897962900096,00;7897962900096,00;15;9;15;ACUCAR PRINCESA CRISTAL 1KG;;16;ACUCAR PRINCESA TRITURADO 1KG;;;;;N;;;;;;;;;;;;;;;P:\IMAGENS PRODUTOS\15.PNG.PNG;;;  ;;;;;N;;S;;;;;;N;;;;;;;;;;;;;15;FERNANDO FREIRE;625;DAYANE DOS SANTOS PEREIRA;436;;11/10/2023 13:41:01;06/06/2025 14:59:51;11/10/2023 13:41:01;02/04/2015;;S;S;N;;A;A;;N;;;1,00;0,50;0,50;0,50;P;0,00;;;3,35;0,00;;0,00;21;;S;0;;;N;N;N;R;0,00;0,00;0,00;0,00;0,00;0,00;0,00;0,00;0,00;0,00;;0,00;0,00;N;N;;S;N;;;N;;;;N;;;;;S;0,00;;;N;N;;;;;S;;;;N;N;;0,00;0,00;;0,00;;0,00;0,00;0,00;0,00;0,00;0,00;0,00;0,00;;;;;;N;;0,00;;;;;;;;;N;N;;N;;;;0,00;N;N;N;;;;;N;;;;;S;S;N;E;;PA;1;1;1,00;1;;0,00;;30,46;;1,00;N;0,00;;;;N;;;;N;;;;0,00;;;;;;;;;;;;;;;N;;20;;;N;1,00;;;;;;;;1,00;1,00;;1;1;;;V;N;;;;N;;;;;;;;;N;;;;;;;;;N;;;N;OM;;N;N;;;;N;N;N;;;0;;;;;;;;;N;;1,00;;U;;;;;N;N;N;0
16;ACUCAR PRINCESA TRITURADO 1KG;1;DISTRIBUIDORA FREITAS LOPES LTDA;12;INDUSTRIA PRINCESA PA;1201;ACUCAR PRINCESA DO PARA;340;ACUCAR;120102;ACUCAR TRITURADO PRINCESA DO PARA;;;PA;OT;1UNX1KG;UN;UNIDADE;1,00;FD C/ 30UN;FD;FARDO;30,00;1,01;1,01;17011400.;OUTROS ACUCARES D/CANA BRUTO S/AROMAT./CORANTES ;17011400;;13;14;13;7897962900089,00;161616,00;7897962900089,00;16;7;16;ACUCAR PRINCESA TRITURADO 1KG;;16;ACUCAR PRINCESA TRITURADO 1KG;;;;;N;;;;;;;;;;;;;;;P:\BRUUUUUNO\ACUCAR_PRINCESA_TRITURADO 16 - 6645.JPG;;;  ;;;;;N;;S;;;1;FOOD;;N;;;;;;;;;;;;;15;FERNANDO FREIRE;265;GILBERTO PINHEIRO GUIMARAES;436;;14/06/2024 11:10:12;20/06/2025 11:42:30;14/06/2024 11:10:12;02/04/2015;;S;S;N;;A;A;;N;;;1,00;0,50;0,50;0,50;P;0,00;;;3,41;0,00;;0,00;21;;S;0;;;N;N;N;R;0,00;0,00;0,00;0,00;0,00;0,00;0,00;0,00;0,00;0,00;;0,00;0,00;N;N;;S;N;;;N;;;;N;;;;;S;0,00;;;N;N;;;;;S;;;;N;N;;0,00;0,00;;0,00;;0,00;0,00;0,00;0,00;0,00;0,00;0,00;0,00;;;;;;N;;0,00;;;;;;;;;N;N;;N;;;;0,00;N;N;N;;;;;N;;;;;S;S;N;E;;PA;1;1;1,00;0;;0,00;;30,24;;1,00;N;0,00;;;;N;;;;N;;S;;0,00;;;;;;;;;01/12/2018;;;;;;N;;20;;;N;1,00;;;;;;;;1,00;1,00;;1;1;;;V;N;;;;N;;;;;;;;;N;;;;;;;;;N;;;N;OM;;N;N;;;;N;N;N;;;0;;;;;;;;;N;;1,00;;U;;;;;N;N;N;0
17;ACUCAR SACA CRISTAL 50KG;1;DISTRIBUIDORA FREITAS LOPES LTDA;12;INDUSTRIA PRINCESA PA;1201;ACUCAR PRINCESA DO PARA;340;ACUCAR;120101;ACUCAR CRISTAL PRINCESA DO PARA;;;PA;OT;1UNX50KG;SC;SACA;1,00;1X50KG;SC;SACA;1,00;50,14;50,14;17011400.;OUTROS ACUCARES D/CANA BRUTO S/AROMAT./CORANTES ;17011400;;8;8;8;100103,00;1100103,00;100103,00;17;5;17;ACUCAR SACA CRISTAL 50KG;;17;ACUCAR SACA CRISTAL 50KG;;;;;N;;;;;;;;;;;;;;;;1;DISTRIBUIDORA FREITAS LOPES LTDA;  ;;;;;N;;S;;;1;FOOD;;N;;;;;;;;;;;;;15;FERNANDO FREIRE;268;DANIEL FREIRE;268;;19/02/2024;02/09/2025 17:13:36;02/09/2025 17:13:36;04/04/2015;;S;S;S;;A;A;;N;;;1,00;0,50;0,50;0,50;P;0,00;;;0,88;0,00;;0,00;21;;S;0;;;N;N;N;R;0,00;0,00;0,00;0,00;0,00;0,00;0,00;0,00;0,00;0,00;;0,00;0,00;N;N;;S;N;;;N;;;;N;;;;;S;0,00;;;N;N;;;;;S;;;;N;N;;0,00;0,00;;0,00;;0,00;0,00;0,00;0,00;0,00;0,00;0,00;0,00;;;;;;N;;0,00;;;;;;;;;N;N;;N;;;;0,00;N;N;N;;;;;N;;;;;S;S;N;E;;PA;1;1;1,00;1;;0,07;;50,14;;;N;0,00;;;;N;;;;N;;;;;;;;;;;;;;;;;;;N;;20;;;N;1,00;;;;;;;;1,00;1,00;;1;1;;;V;N;;;;N;;;;;;;;;N;;;;;;;;;N;;;N;OM;;N;N;;;;;N;N;;;0;;;;;;;;;N;;1,00;;U;;;1;;N;N;N;0
18;ACUCAR SACA TRITURADO 50KG;1;DISTRIBUIDORA FREITAS LOPES LTDA;12;INDUSTRIA PRINCESA PA;1201;ACUCAR PRINCESA DO PARA;340;ACUCAR;120102;ACUCAR TRITURADO PRINCESA DO PARA;;;PA;OT;1UNX50KG;SC;SACA;1,00;1X50KG;SC;SACA;1,00;50,14;50,14;17011400.;OUTROS ACUCARES D/CANA BRUTO S/AROMAT./CORANTES ;17011400;;8;8;8;100104,00;1100104,00;100104,00;18;3;17;ACUCAR SACA CRISTAL 50KG;;17;ACUCAR SACA CRISTAL 50KG;;;;;N;;;;;;;;;;;;;;;;;;  ;;;;;N;;S;;;1;FOOD;;N;;;;;;;;;;;;;15;FERNANDO FREIRE;579;ELISON LUCAS OLIVEIRA;453;;07/10/2024;06/06/2025 14:59:51;26/08/2022 09:37:16;04/04/2015;;S;S;N;;A;A;;N;;;1,00;0,50;0,50;0,50;P;0,00;;;0,00;0,00;;0,00;21;;S;0;;;N;N;N;R;0,00;0,00;0,00;0,00;0,00;0,00;0,00;0,00;0,00;0,00;;0,00;0,00;N;N;;S;N;;;N;;;;N;;;;;S;0,00;;;N;N;;;;;S;;;;N;N;;0,00;0,00;;0,00;;0,00;0,00;0,00;0,00;0,00;0,00;0,00;0,00;;;;;;N;;0,00;;;;;;;;;N;N;;N;;;;;N;N;N;;;;;N;;;;;S;S;N;E;;PA;1;1;1,00;1;;0,07;;50,14;;;N;0,00;;;;N;;;;N;;;;;;;;;;;;;;;;;;;N;;20;;;N;1,00;;;;;;;;1,00;1,00;;1;1;;;V;N;;;;N;;;;;;;;;N;;;;;;;;;N;;;N;OM;;N;N;;;;;N;N;;;0;;;;;;;;;N;;1,00;;U;;;1;;N;N;N;0
19;AGUA SANIT YPE 1L;2724;QUIMICA AMPARO LTDA;23;LIMPEZA;2304;LIMPEZA DE LAVANDERIA;;;230406;SABAO LIQUIDO INSTITUCIONAL;;;L;OT;1UNX1LT;UN;UNIDADE;1,00;CX C/ 12UN;CX;CAIXA;12,00;1,13;1,13;28289011.;HIPLOCORITO DE SODIO;28289011;;13;14;13;7896098904671,00;17896098904678,00;7896098904671,00;32.1000;1;19;AGUA SANIT YPE 1L;;19;AGUA SANIT YPE 1L;;;;;N;;;;;;;;;;;;;;;;;;  ;;;;;N;;S;;;;;;N;;;;;;;;;;;;;15;FERNANDO FREIRE;1275;BRUNO FREIRE DE SOUZA;453;;01/03/2023 17:40:11;06/06/2025 14:59:51;01/03/2023 17:40:10;08/04/2015;;S;S;N;;C;B;;N;;;1,00;0,50;0,50;0,50;P;0,00;;;2,89;0,00;;0,00;21;;S;0;;;N;N;N;R;0,00;0,00;0,00;0,00;0,00;0,00;0,00;0,00;0,00;0,00;;0,00;0,00;N;N;;S;N;;;N;;;;N;;;;;S;0,00;;;N;N;;;;;N;;;;N;N;;0,00;0,00;;0,00;;0,00;0,00;0,00;0,00;0,00;0,00;0,00;0,00;;;;;;N;;0,00;;;;;;;;;N;N;;N;;;;0,00;N;N;N;;;;;N;;;;;S;S;N;E;;PA;1;1;;1;;0,00;;13,54;;1,00;N;0,00;;;;N;;;;N;;;;0,00;;;;;;;;;;;;;;;N;;20;;;N;;;;;;;;;1,00;100,00;;1;;;;V;N;;;;N;;;;;;;;;N;;;;;;;;;N;;;N;OM;;N;N;;;;;N;N;;;0;;;;;;;;;N;;1,00;;U;;;;;N;N;N;0
20;ALMONDEGA BERTIN AO MOLHO 410G;68;JBS S/A (RJ);13;ALIMENTOS EM CONSERVA;1309;ALMONDEGA;;;130902;ALMONDEGA MED;;;L;OT;1UNX410GR;UN;UNIDADE;1,00;CX C/ 24UN;CX;CAIXA;24,00;0,50;0,50;16025000.;"(ICMS ST 0%) - PREPARACOES ALIMENTICIAS E CONSERVAS,DE BOVINOS.(ENGLOBA CARNE DE HAMBURGUER)
";16025000;;0;0;0;0,00;0,00;0,00;353522;5;20;ALMONDEGA BERTIN AO MOLHO 410G;;20;ALMONDEGA BERTIN AO MOLHO 410G;;;;;N;;;;;;;;;;;;;;;;;;FL;;;;;N;;S;;;;;;N;;;;;;;;;;;;;15;FERNANDO FREIRE;453;AMF CONSULTA;453;04/01/2018 10:36:09;01/03/2023 15:13:04;02/03/2025 14:53:01;01/03/2023 15:13:04;08/04/2015;;S;S;N;;C;;;N;;;1,00;0,50;0,50;0,50;P;0,00;;;0,00;0,00;;0,00;21;;S;0;;;N;N;N;R;0,00;0,00;0,00;0,00;0,00;0,00;0,00;0,00;0,00;0,00;;0,00;0,00;N;N;;S;N;;;N;;;;N;;;;;S;0,00;;;N;N;;;;;S;;;;N;N;;0,00;0,00;;0,00;;0,00;0,00;0,00;0,00;0,00;0,00;0,00;0,00;;;;;;N;;0,00;;;;;;;;;N;N;;N;;;;;N;N;N;;;;;N;;;;;S;S;N;E;;PA;1;1;;1;;0,00;;11,87;;;N;0,00;;;;N;;;;N;;;;;;;;;;;;;;;;;;;N;;;;;N;;;;;;;;;1,00;100,00;;1;;;;V;N;;;;N;;;;;;;;;N;;;;;;;;;N;;;N;OM;;N;N;;;;;N;N;;;0;;;;;;;;;N;;1,00;;U;;;;;N;N;N;0
21;ALMONDEGA BORDON AO MOLHO 420G;67;JBS S/A (SP);13;ALIMENTOS EM CONSERVA;1309;ALMONDEGA;;;130902;ALMONDEGA MED;;;L;OT;1UNX420GR;UN;UNIDADE;1,00;CX C/ 24UN;CX;CAIXA;24,00;0,49;0,49;16025000.;"(ICMS ST 0%) - PREPARACOES ALIMENTICIAS E CONSERVAS,DE BOVINOS.(ENGLOBA CARNE DE HAMBURGUER)
";16025000;;13;14;13;7896031221889,00;27896031221883,00;7896031221889,00;374301;3;21;ALMONDEGA BORDON AO MOLHO 420G;;21;ALMONDEGA BORDON AO MOLHO 420G;;;;;N;;;;;;;;;;;;;;;P:\IMAGENS PRODUTOS\21.JPG;;;  ;;;;;N;;S;;;;;;N;;;;;;;;;;;;;15;FERNANDO FREIRE;217;COMPRADOR - CRISTIANO;1701;;14/08/2024 08:54:16;15/11/2025 08:43:09;14/08/2024 08:54:16;08/04/2015;;S;S;N;;B;B;;N;;;1,00;0,50;0,50;0,50;P;0,00;;;7,04;0,00;;0,00;21;;S;0;;;N;N;N;R;0,00;0,00;0,00;0,00;0,00;0,00;0,00;0,00;0,00;0,00;;0,00;0,00;N;N;;S;N;;;N;;;;N;;;;;S;0,00;;;N;N;;;;;N;;;;N;N;;0,00;0,00;;0,00;;0,00;0,00;0,00;0,00;0,00;0,00;0,00;0,00;;;;;;N;;0,00;;;;;;;;;N;N;;N;;;;0,00;N;N;N;;;;;N;;;;;S;S;N;E;;PA;1;1;;1;;0,00;;11,67;;1,00;N;0,00;;;;N;;;;N;;S;;0,00;;;;;;;;;24/03/2019;;;;;;N;;20;;;N;;;;;;;;;1,00;100,00;;1;;;;V;N;;;;N;;;;;;;;;N;;;;;;;;;N;;;N;OM;;N;N;;;;N;N;N;;;0;;;;;;;;;N;;1,00;;U;;;;;N;N;N;0
22;ALMONDEGA BORDON AO MOLHO 830G;67;JBS S/A (SP);13;ALIMENTOS EM CONSERVA;1309;ALMONDEGA;;;130903;ALMONDEGA GRD;;;L;OT;1UNX830GR;UN;UNIDADE;1,00;CX C/ 12UN;CX;CAIXA;12,00;0,96;0,96;16025000.;"(ICMS ST 0%) - PREPARACOES ALIMENTICIAS E CONSERVAS,DE BOVINOS.(ENGLOBA CARNE DE HAMBURGUER)
";16025000;;13;14;13;7898430866098,00;17898430866095,00;7898430866098,00;371233;1;22;ALMONDEGA BORDON AO MOLHO 830G;;22;ALMONDEGA BORDON AO MOLHO 830G;;;;;N;;;;;;;;;;;;;;;P:\IMAGENS PRODUTOS\22.JPG;;;  ;;;;;N;;S;;;;;;N;;;;;;;;;;;;;15;FERNANDO FREIRE;265;GILBERTO PINHEIRO GUIMARAES;103;;11/06/2024;06/06/2025 14:59:51;11/06/2024 07:56:47;08/04/2015;;S;S;N;;C;C;;N;;;1,00;0,50;0,50;0,50;P;0,00;;;14,00;0,00;;0,00;21;;S;0;;;N;N;N;R;0,00;0,00;0,00;0,00;0,00;0,00;0,00;0,00;0,00;0,00;;0,00;0,00;N;N;;S;N;;;N;;;;N;;;;;S;0,00;;;N;N;;;;;S;;;;N;N;;0,00;0,00;;0,00;;0,00;0,00;0,00;0,00;0,00;0,00;0,00;0,00;;;;;;N;;0,00;;;;;;;;;N;N;;N;;;;0,00;N;N;N;;;;;N;;;;;S;S;N;E;;PA;1;1;;1;;0,00;;11,60;;1,00;N;0,00;;;;N;;;;N;;S;;0,00;;;;;;;;;23/11/2018;;;;;;N;;20;;;N;;;;;;;;;1,00;100,00;;1;;;;V;N;;;;N;;;;;;;;;N;;;;;;;;;N;;;N;OM;;N;N;;;;N;N;N;;;0;;;;;;;;;N;;1,00;;U;;;;;N;N;N;0
23;ALMONDEGA TARGET AO MOLHO 420G;66;JBS S/A (SP);13;ALIMENTOS EM CONSERVA;1309;ALMONDEGA;;;130902;ALMONDEGA MED;;;L;OT;1UNX420GR;UN;UNIDADE;1,00;CX C/ 24UN;CX;CAIXA;24,00;0,48;0,48;16025000.;"(ICMS ST 0%) - PREPARACOES ALIMENTICIAS E CONSERVAS,DE BOVINOS.(ENGLOBA CARNE DE HAMBURGUER)
";16025000;;13;14;13;7898466107073,00;17898466107070,00;7898466107073,00;374304;0;23;ALMONDEGA TARGET AO MOLHO 420G;;23;ALMONDEGA TARGET AO MOLHO 420G;;;;;N;;;;;;;;;;;;;;;P:\IMAGENS PRODUTOS\23.JPG;;;  ;;;;;N;;S;;;;;;N;;;;;;;;;;;;;15;FERNANDO FREIRE;217;COMPRADOR - CRISTIANO;156;;14/10/2023 11:00:50;15/11/2025 08:43:09;14/10/2023 11:00:50;30/04/2015;;S;S;N;;B;C;;N;;;1,00;0,50;0,50;0,50;P;0,00;;;7,02;0,00;;0,00;21;;S;0;;;N;N;N;R;0,00;0,00;0,00;0,00;0,00;0,00;0,00;0,00;0,00;0,00;;0,00;0,00;N;N;;S;N;;;N;;;;N;;;;;S;0,00;;;N;N;;;;;S;;;;N;N;;0,00;0,00;;0,00;;0,00;0,00;0,00;0,00;0,00;0,00;0,00;0,00;;;;;;N;;0,00;;;;;;;;;N;N;;N;;;;0,00;N;N;N;;;;;N;;;;;S;S;N;E;;PA;1;1;;1;;0,00;;11,60;;1,00;N;0,00;;;;N;;;;N;;;;0,00;;;;;;;;;;;;;;;N;;20;;;N;;;;;;;;;1,00;100,00;;1;;;;V;N;;;;N;;;;;;;;;N;;;;;;;;;N;;;N;OM;;N;N;;;;N;N;N;;;0;;;;;;;;;N;;1,00;;U;;;;;N;N;N;0
24;AMAC R YPE ACONCHEGO AZUL 2L;1795;ARMAZEM MATEUS S A CD SANTA ISABEL;23;LIMPEZA;2304;LIMPEZA DE LAVANDERIA;;;230416;AMACIANTE MED;;;L;OT;1UNX2LT;UN;UNIDADE;1,00;6X2LT;CX;CAIXA;6,00;2,07;2,07;38099190.;OUTROS AGENTES DE APRESTO/ACABAMENTO,ETC.P/IND.TEXTIL;38099190;;13;14;13;7896098902400,00;27896098902404,00;7896098902400,00;05.2001;8;24;AMAC R YPE ACONCHEGO AZUL 2L;;24;AMAC R YPE ACONCHEGO AZUL 2L;;;;;N;;;;;;;;;;;;;;;;;;  ;;;;;N;;S;;;;;;N;;;;;;;;;;;;;15;FERNANDO FREIRE;1275;BRUNO FREIRE DE SOUZA;1275;;02/06/2025;05/11/2025 09:59:47;05/11/2025 09:59:47;11/04/2015;;S;S;N;;C;C;;N;;;1,00;0,50;0,50;0,50;P;0,00;;;8,79;0,00;;0,00;21;;S;0;;;N;N;N;R;0,00;0,00;0,00;0,00;0,00;0,00;0,00;0,00;0,00;0,00;;0,00;0,00;N;N;;S;N;;;N;;;;N;;;;;S;0,00;;;N;N;;;;;N;;;;N;N;;0,00;0,00;;0,00;;0,00;0,00;0,00;0,00;0,00;0,00;0,00;0,00;;;;;;N;;0,00;;;;;;;;;N;N;;N;;;;0,00;N;N;N;;;;;N;;;;;S;S;N;E;;PA;1;1;;1;;0,00;;12,75;;1,00;N;0,00;;;;N;;;;N;;;;0,00;;;;;;;;;01/06/2018;;;;;;N;;20;;;N;;;;;;;;;1,00;100,00;;1;;;;V;N;;;;N;;;;;;;;;N;;;;;;;;;N;;;N;OM;;N;N;;;;;N;N;;;0;;;;;;;;;N;;1,00;;U;;;;;N;N;N;0
26675;KIT DISNEY SH+COND ARIEL 350ML;1408;OKAJIMA DISTRIBUICAO E COMERCIO LTDA;27;HIGIENE PESSOAL;2705;HIGIENE CAPILAR;191;ARIEL;270501;SHAMPOO BASICO;;;L;OT;KIT;UN;UNIDADE;1,00;1X1;UN;UNIDADE;1,00;1,00;1,00;33051000.;XAMPUS,PREPARAC?ES CAPILARES.;33051000;;13;0;13;7896111986813,00;0,00;7896111986813,00;;2;26675;KIT DISNEY SH+COND ARIEL 350ML;;26675;KIT DISNEY SH+COND ARIEL 350ML;;;;;N;;;;;;;;;;;;;;;;;;FL;;;;;N;;S;;;;;;N;;;;;;;;;;;;;150;NAYRON ARAUJO RODRIGUES DOS SANTOS;453;AMF CONSULTA;453;15/12/1992;07/03/2023 11:50:00;14/04/2025 16:35:00;07/03/2023 11:50:00;10/03/2022;;S;S;N;;;;;N;;;1,00;0,50;0,50;0,50;P;0,00;;;18,74;0,00;;0,00;35;;N;0;;;N;N;N;R;0,00;0,00;0,00;0,00;0,00;0,00;0,00;0,00;0,00;0,00;;0,00;0,00;N;N;;S;N;;;N;;;;N;;;;;S;0,00;;;N;N;;;;;N;;;;N;N;;0,00;0,00;;0,00;;0,00;0,00;0,00;0,00;0,00;0,00;0,00;0,00;;;;;;N;;0,00;;;;;;;;;N;N;;N;;;;0,00;N;N;S;;;;;N;;;;;N;S;N;E;;PA;1;1;;1;;;;;;;S;0,00;;;;N;;;;N;;;;0,00;;;;;;;;;;;;;;;N;;;;;N;;;;;;;;;1,00;1,00;;1;;;;V;N;;;;N;;;;;;;;;N;;;;;;;;;N;;;N;OM;;N;N;;;;;N;N;;;0;;;;;;;;;N;;1,00;;U;;;;;N;N;N;0
25;AMAC R YPE ACONCHEGO (AZUL) 500ML;1795;ARMAZEM MATEUS S A CD SANTA ISABEL;23;LIMPEZA;2304;LIMPEZA DE LAVANDERIA;;;230415;AMACIANTE PEQ;;;L;OT;500ML;UN;UNIDADE;1,00;24X500ML;CX;CAIXA;24,00;0,54;0,54;38099190.;OUTROS AGENTES DE APRESTO/ACABAMENTO,ETC.P/IND.TEXTIL;38099190;;13;14;13;7896098900406,00;57896098900401,00;7896098900406,00;05.0501;6;25;AMAC R YPE ACONCHEGO (AZUL) 500ML;;25;AMAC R YPE ACONCHEGO (AZUL) 500ML;;;;;N;;;;;;;;;;;;;;;P:\IMAGENS PRODUTOS\25.JPG;;;  ;;;;;N;;S;;;;;;N;;;;;;;;;;;;;15;FERNANDO FREIRE;1275;BRUNO FREIRE DE SOUZA;1275;;21/10/2023 10:39:24;05/11/2025 10:02:13;05/11/2025 10:02:13;08/04/2015;;S;S;N;;C;C;;N;;;1,00;0,50;0,50;0,50;P;0,00;;;4,12;0,00;;0,00;21;;S;0;;;N;N;N;R;20,00;0,00;0,00;0,00;0,00;0,00;0,00;0,00;0,00;0,00;;0,00;0,00;N;N;;S;N;;;N;;;;N;;;;;S;0,00;;;N;N;;;;;N;;;;N;N;;0,00;0,00;;0,00;;0,00;0,00;0,00;0,00;0,00;0,00;0,00;0,00;;;;;;N;;0,00;;;;;;;;;N;N;;N;;;;20,00;N;N;N;;;;;N;;;;;S;S;N;E;;PA;1;1;;1;;0,00;;12,99;;1,00;N;0,00;;;;N;;;;N;;;;0,00;;;;;;;;;01/02/2018;;;;;;N;;20;;;N;;;;;;;;;1,00;100,00;;1;;;;V;N;;;;N;;;;;;;;;N;;;;;;;;;N;;;N;OM;;N;N;;;;N;N;N;;;0;;;;;;;;;N;;1,00;;U;;;;;N;N;N;0
26;AMAC R YPE DELICADO 2L;2724;QUIMICA AMPARO LTDA;23;LIMPEZA;2304;LIMPEZA DE LAVANDERIA;;;230416;AMACIANTE MED;;;L;OT;UN;UN;UNIDADE;1,00;6X2LT;CX;CAIXA;6,00;2,12;2,12;38099190.;OUTROS AGENTES DE APRESTO/ACABAMENTO,ETC.P/IND.TEXTIL;38099190;;13;14;13;7896098902394,00;17896098902391,00;7896098902394,00;05.2062;4;28;AMAC R YPE INTENSO 2LT;;28;AMAC R YPE INTENSO 2LT;;;;;N;;;;;;;;;;;;;;;;;;FL;;;;;N;;S;;;;;;N;;;;;;;;;;;;;15;FERNANDO FREIRE;453;AMF CONSULTA;453;16/12/1992;27/12/2022 15:14:55;07/05/2025 13:44:59;27/12/2022 15:14:55;08/04/2015;;S;S;N;;C;C;;N;;;1,00;0,50;0,50;0,50;P;0,00;;;8,12;0,00;;0,00;21;;S;0;;;N;N;N;R;0,00;0,00;0,00;0,00;0,00;0,00;0,00;0,00;0,00;0,00;;0,00;0,00;N;N;;S;N;;;N;;;;N;;;;;S;0,00;;;N;N;;;;;N;;;;N;N;;0,00;0,00;;0,00;;0,00;0,00;0,00;0,00;0,00;0,00;0,00;0,00;;;;;;N;;0,00;;;;;;;;;N;N;;N;;;;0,00;N;N;N;;;;;N;;;;;S;S;N;E;;PA;1;1;;1;;0,00;;12,72;;;N;0,00;;;;N;;;;N;;;;0,00;;;;;;;;;01/06/2018;;;;;;N;;;;;N;;;;;;;;;1,00;100,00;;1;;;;V;N;;;;N;;;;;;;;;N;;;;;;;;;N;;;N;OM;;N;N;;;;;N;N;;;0;;;;;;;;;N;;1,00;;U;;;;;N;N;N;0
27;AMAC R YPE CARINHO 500ML;2724;QUIMICA AMPARO LTDA;23;LIMPEZA;2304;LIMPEZA DE LAVANDERIA;;;230415;AMACIANTE PEQ;;;L;OT;500ML;UN;UNIDADE;1,00;24X500ML;CX;CAIXA;24,00;0,55;0,55;38099190.;OUTROS AGENTES DE APRESTO/ACABAMENTO,ETC.P/IND.TEXTIL;38099190;;13;14;13;7896098900420,00;57896098900425,00;7896098900420,00;05.0503;2;25;AMAC R YPE ACONCHEGO (AZUL) 500ML;;25;AMAC R YPE ACONCHEGO (AZUL) 500ML;;;;;N;;;;;;;;;;;;;;;;;;FL;;;;;N;;S;;;;;;N;;;;;;;;;;;;;15;FERNANDO FREIRE;453;AMF CONSULTA;453;15/12/1992;27/12/2022 15:14:55;07/05/2025 13:44:59;27/12/2022 15:14:55;08/04/2015;;S;S;N;;C;C;;N;;;1,00;0,50;0,50;0,50;P;0,00;;;2,30;0,00;;0,00;21;;S;0;;;N;N;N;R;0,00;0,00;0,00;0,00;0,00;0,00;0,00;0,00;0,00;0,00;;0,00;0,00;N;N;;S;N;;;N;;;;N;;;;;S;0,00;;;N;N;;;;;N;;;;N;N;;0,00;0,00;;0,00;;0,00;0,00;0,00;0,00;0,00;0,00;0,00;0,00;;;;;;N;;0,00;;;;;;;;;N;N;;N;;;;0,00;N;N;N;;;;;N;;;;;S;S;N;E;;PA;1;1;;1;;0,00;;13,08;;;N;0,00;;;;N;;;;N;;;;0,00;;;;;;;;;01/06/2018;;;;;;N;;;;;N;;;;;;;;;1,00;100,00;;1;;;;V;N;;;;N;;;;;;;;;N;;;;;;;;;N;;;N;OM;;N;N;;;;;N;N;;;0;;;;;;;;;N;;1,00;;U;;;;;N;N;N;0
28;AMAC R YPE INTENSO 2LT;2724;QUIMICA AMPARO LTDA;23;LIMPEZA;2304;LIMPEZA DE LAVANDERIA;;;230416;AMACIANTE MED;;;L;OT;UN;UN;UNIDADE;1,00;6X2LT;CX;CAIXA;6,00;2,12;2,12;38099190.;OUTROS AGENTES DE APRESTO/ACABAMENTO,ETC.P/IND.TEXTIL;38099190;;13;14;13;7896098903032,00;27896098903036,00;7896098903032,00;05.2063;0;28;AMAC R YPE INTENSO 2LT;;28;AMAC R YPE INTENSO 2LT;;;;;N;;;;;;;;;;;;;;;;;;FL;;;;;N;;S;;;;;;N;;;;;;;;;;;;;15;FERNANDO FREIRE;453;AMF CONSULTA;453;15/12/1992;27/12/2022 15:14:55;07/05/2025 13:44:59;27/12/2022 15:14:55;08/04/2015;;S;S;N;;C;C;;N;;;1,00;0,50;0,50;0,50;P;0,00;;;6,32;0,00;;0,00;21;;S;0;;;N;N;N;R;0,00;0,00;0,00;0,00;0,00;0,00;0,00;0,00;0,00;0,00;;0,00;0,00;N;N;;S;N;;;N;;;;N;;;;;S;0,00;;;N;N;;;;;N;;;;N;N;;0,00;0,00;;0,00;;0,00;0,00;0,00;0,00;0,00;0,00;0,00;0,00;;;;;;N;;0,00;;;;;;;;;N;N;;N;;;;0,00;N;N;N;;;;;N;;;;;S;S;N;E;;PA;1;1;;1;;0,00;;12,72;;;N;0,00;;;;N;;;;N;;;;0,00;;;;;;;;;01/05/2018;;;;;;N;;;;;N;;;;;;;;;1,00;100,00;;1;;;;V;N;;;;N;;;;;;;;;N;;;;;;;;;N;;;N;OM;;N;N;;;;;N;N;;;0;;;;;;;;;N;;1,00;;U;;;;;N;N;N;0
29;AMAC R YPE TERNURA ROSA 2L;1795;ARMAZEM MATEUS S A CD SANTA ISABEL;23;LIMPEZA;2304;LIMPEZA DE LAVANDERIA;;;230416;AMACIANTE MED;;;L;OT;UN;UN;UNIDADE;1,00;6X2LT;CX;CAIXA;6,00;2,12;2,12;38099190.;OUTROS AGENTES DE APRESTO/ACABAMENTO,ETC.P/IND.TEXTIL;38099190;;13;14;13;7896098902417,00;27896098902411,00;7896098902417,00;05.2002;9;24;AMAC R YPE ACONCHEGO AZUL 2L;;24;AMAC R YPE ACONCHEGO AZUL 2L;;;;;N;;;;;;;;;;;;;;;;;;  ;;;;;N;;S;;;;;;N;;;;;;;;;;;;;15;FERNANDO FREIRE;265;GILBERTO PINHEIRO GUIMARAES;1275;;02/06/2025;24/11/2025 12:41:33;05/11/2025 09:59:57;08/04/2015;;S;S;N;;C;C;;N;;;1,00;0,50;0,50;0,50;P;0,00;;;8,79;0,00;;0,00;21;;S;0;;;N;N;N;R;0,00;0,00;0,00;0,00;0,00;0,00;0,00;0,00;0,00;0,00;;0,00;0,00;N;N;;S;N;;;N;;;;N;;;;;S;0,00;;;N;N;;;;;N;;;;N;N;;0,00;0,00;;0,00;;0,00;0,00;0,00;0,00;0,00;0,00;0,00;0,00;;;;;;N;;0,00;;;;;;;;;N;N;;N;;;;0,00;N;N;N;;;;;N;;;;;S;S;N;E;;PA;1;1;;1;;0,00;;12,72;;1,00;N;0,00;;;;N;;;;N;;;;0,00;;;;;;;;;01/06/2018;;;;;;N;;20;;;N;;;;;;;;;1,00;100,00;;1;;;;V;N;;;;N;;;;;;;;;N;;;;;;;;;N;;;N;OM;;N;N;;;;;N;N;;;0;;;;;;;;;N;;1,00;;U;;;;;N;N;N;0
30;AMAC R YPE TERNURA (ROSA) 500ML;2724;QUIMICA AMPARO LTDA;23;LIMPEZA;2304;LIMPEZA DE LAVANDERIA;;;230415;AMACIANTE PEQ;;;L;OT;UN;UN;UNIDADE;1,00;24X500ML;CX;CAIXA;24,00;0,51;0,51;38099190.;OUTROS AGENTES DE APRESTO/ACABAMENTO,ETC.P/IND.TEXTIL;38099190;;13;14;13;7896098900413,00;57896098900418,00;7896098900413,00;05.0502;2;25;AMAC R YPE ACONCHEGO (AZUL) 500ML;;25;AMAC R YPE ACONCHEGO (AZUL) 500ML;;;;;N;;;;;;;;;;;;;;;P:\BRUUUUUNO\30.PNG;;;  ;;;;;N;;S;;;;;;N;;;;;;;;;;;;;15;FERNANDO FREIRE;217;COMPRADOR - CRISTIANO;1275;;30/01/2025 11:53:26;06/06/2025 14:59:51;30/01/2025 11:53:26;08/04/2015;;S;S;N;;C;C;;N;;;1,00;0,50;0,50;0,50;P;0,00;;;4,12;0,00;;0,00;21;;S;0;;;N;N;N;R;20,00;0,00;0,00;0,00;0,00;0,00;0,00;0,00;0,00;0,00;;0,00;0,00;N;N;;S;N;;;N;;;;N;;;;;S;0,00;;;N;N;;;;;N;;;;N;N;;0,00;0,00;;0,00;;0,00;0,00;0,00;0,00;0,00;0,00;0,00;0,00;;;;;;N;;0,00;;;;;;;;;N;N;;N;;;;20,00;N;N;N;;;;;N;;;;;S;S;N;E;;PA;1;1;;1;;0,00;;12,99;;1,00;N;0,00;;;;N;;;;N;;S;;0,00;;;;;;;;;01/03/2018;;;;;;N;;20;;;N;;;;;;;;;1,00;100,00;;1;;;;V;N;;;;N;;;;;;;;;N;;;;;;;;;N;;;N;OM;;N;N;;;;N;N;N;;;0;;;;;;;;;N;;1,00;;U;;;;;N;N;N;0
31;ZZ;176;DIST BELEM DE ALIMENTOS LTDA;1;MIGRACAO;1;MIGRACAO;;;1;MIGRACAO;;;L;OT;1;UN;UNIDADE;1,00;1;CX;CAIXA;1,00;0,02;0,02;82121020.;APARELHOS DE BARBEAR, N?O ELETRICOS ;82121020;;0;0;0;0,00;0,00;0,00;;0;17036;TESTE WINTHOR INDUSTRIA;;17036;TESTE WINTHOR INDUSTRIA;;;;;N;;;;;;;;;;;;;;;;;;FL;;;; ;N;;S;;;;;;N;;;;;;;;;;;;;15;FERNANDO FREIRE;453;AMF CONSULTA;453;15/12/1992;02/03/2023 16:39:43;07/05/2025 13:44:59;02/03/2023 16:39:43;08/04/2015;;S;S;N;;C;B;;N;;;1,00;0,50;0,50;0,50;P;0,00;;;3,49;0,00;;0,00;21;;S;0;;;N;N;N;R;0,00;0,00;0,00;0,00;0,00;0,00;0,00;0,00;0,00;0,00;;0,00;0,00;N;N;;S;N;;;N;;;;N;;;;;S;0,00;;;N;N;;;;;N;;;;N;N;;0,00;0,00;;0,00;;0,00;0,00;0,00;0,00;0,00;0,00;0,00;0,00;;;;;;N;;0,00;;;;;;;;;N;N;;N;;;;0,00;N;N;N;;;;;N;;;;;S;S;N;E;;PA;1;1;;1;;0,00;;6,53;;1,00;N;0,00;;;;N;;;;N;;;;0,00;;;;;;;;;;;;;;;N;;;;;N;;;;;;;;;1,00;100,00;;1;;;;V;N;;;;N;;;;;;;;;N;;;;;;;;;N;;;N;OM;;N;N;;;;;N;N;;;0;;;;;;;;;N;;1,00;;U;;;;;N;N;N;0
32;ZZZZZZZZZZZZZZ;110;SUPERGIRO DISTRIBUIDORA BELEM LTDA;27;HIGIENE PESSOAL;2707;HIGIENE BARBA;194;GILLETTE;270701;APARELHO BARBEAR BASICO;;;L;OT;2X1;CT;CARTELA;1,00;12X1;UN;UNIDADE;1,00;0,01;0,01;82121020.;APARELHOS DE BARBEAR, N?O ELETRICOS ;82121020;;13;0;13;0,00;0,00;0,00;32;9;32;ZZZZZZZZZZZZZZ;;7268;APB PROBAK II OS C/2;;;;;N;;;;;;;;;;;;;;;;;;FL;;;; ;N;;S;;;;;;N;;;;;;;;;;;;;15;FERNANDO FREIRE;265;GILBERTO PINHEIRO GUIMARAES;103;08/04/2024 14:59:47;08/04/2024 14:59:47;07/05/2025 13:44:59;08/04/2024 14:58:56;08/04/2015;;S;S;N;;C;B;;N;;;10,00;0,50;0,50;0,50;P;0,00;;;3,91;0,00;;0,00;21;;S;0;;;N;N;N;R;0,00;0,00;0,00;0,00;0,00;0,00;0,00;0,00;0,00;0,00;;0,00;0,00;N;N;;S;N;;;N;;;;N;;;;;S;0,00;;;N;N;;;;;N;;;;N;N;;0,00;0,00;;0,00;;0,00;0,00;0,00;0,00;0,00;0,00;0,00;0,00;;;;;;N;;0,00;;;;;;;;;N;N;;N;;;;0,00;N;N;N;;;;;N;;;;;S;S;N;E;;PA;1;1;;1;;0,00;;3,95;;1,00;N;0,00;;;;N;;;;N;;;;0,00;;;;;;;;;;;;;;;N;;;;;N;;;;;;;;;1,00;100,00;;1;;;;V;N;;;;N;;;;;;;;;N;;;;;;;;;N;;;N;OM;;N;N;;;;N;N;N;;;0;;;;;;;;;N;;1,00;;U;;;;;N;N;N;0
33;ARAME PANTANAL OVAL P/ CERC 17X15 1000MT;90;MORLAN S/A;144;BAZAR/DIVERS;1408;AGROPECUARIA;;;140802;ARAME LISO;;;L;OT;1UNX1UN;UN;UNIDADE;1,00;1UNX1UN;UN;UNIDADE;1,00;44,00;44,00;73130000.;73130000 - ARAME FARPADO DE FERRO OU ACO ;73130000;;13;14;13;7897047209397,00;17897047209397,00;7897047209397,00;33;7;33;ARAME PANTANAL OVAL P/ CERC 17X15 1000MT;;33;ARAME PANTANAL OVAL P/ CERC 17X15 1000MT;;;;;N;;;;;;;;;;;;;;;;;;FL;;;;;N;;S;;;;;;N;;;;;;;;;;;;;15;FERNANDO FREIRE;265;GILBERTO PINHEIRO GUIMARAES;453;09/02/2018;25/08/2022 16:33:54;02/03/2025 14:53:01;25/08/2022 16:33:54;08/04/2015;;S;S;N;;C;C;;N;;;1,00;0,50;0,50;0,50;P;0,00;;;243,35;0,00;;0,00;21;;S;0;;;N;N;N;R;0,00;0,00;0,00;0,00;0,00;0,00;0,00;0,00;0,00;0,00;;0,00;0,00;N;N;;S;N;;;N;;;;N;;;;;S;0,00;;;N;N;;;;;N;;;;N;N;;0,00;0,00;;0,00;;0,00;0,00;0,00;5,00;0,00;0,00;0,00;0,00;;;;;;N;;0,00;;;;;;;;;N;N;;N;;;;0,00;N;N;N;;;;;N;;;;;S;S;N;E;;PA;1;1;;1;;0,04;;44,00;;1,00;N;0,00;;;;N;;;;N;;;;;;;;;;;;;;;;;;;N;;;;;N;;;;;;;;;1,00;100,00;;1;;;;V;N;;;;N;;;;;;;;;N;;;;;;;;;N;;;N;OM;;N;N;;;;;N;N;;;0;;;;;;;;;N;;1,00;;U;;;;;N;N;N;0
34;MP ARROZ A GRANEL T1 KG;1;DISTRIBUIDORA FREITAS LOPES LTDA;11;INDUSTRIA MP;1102;ARROZ SACA GRANEL;;;110201;ARROZ T1 SACA GRANEL;;;MP;OT;KG;KG;KILOGRAMA;1,00;SC C/ 60KG;SC;SACA;60,00;1,01;1,01;10063021.;ARROZ BRANQUEADO OU SEMIBRANQUEADO, POLIDO;10063021;;8;14;8;100106,00;1001061,00;100106,00;34;5;34;MP ARROZ A GRANEL T1 KG;;34;MP ARROZ A GRANEL T1 KG;;;;;N;;;;;;;;;;;;;;;;1;DISTRIBUIDORA FREITAS LOPES LTDA;;;;;;N;;S;;;;;;N;;;;;;;;;;;;;15;FERNANDO FREIRE;103;ELAINE DO NASCIMENTO CABRAL SOUSA;324;;08/02/2025 07:32:51;18/11/2025 14:46:16;08/02/2025 07:32:51;08/04/2015;;S;N;N;;C;C;;N;;;1,00;0,50;0,50;0,50;P;0,00;;;2,25;0,00;;0,00;21;;S;0;;;N;N;N;R;0,00;0,00;0,00;0,00;0,00;0,00;0,00;0,00;0,00;0,00;;0,00;0,00;N;N;;S;N;;;N;;;;N;;;;;S;0,00;;;N;N;;;;;S;;;;N;N;;0,00;0,00;;0,00;;0,00;0,00;0,00;0,00;0,00;0,00;0,00;0,00;;;;;;N;;0,00;;;;;;;;;N;N;;N;;;;0,00;N;N;N;;;;;N;;;;;N;S;N;E;;PA;1;1;;1;;0,00;;1,00;;;N;0,00;;;;N;;;;N;;S;;0,00;;;;;;;;;;;;;;;N;;;;;N;;;;;;;;;1,00;100,00;;1;;;;V;N;;;;N;;;;;;;;;N;;;;;;;;;N;;;N;OM;;N;N;;;;N;N;N;;;0;;;;;;;;;N;;1,00;;U;;;1;;N;N;N;0
29718;ABS NAT MAX GEL MAIS S/ABAS LV8PG7;1457;M C F RODRIGUES DE ANDRADE DIST IMPORT EXP DE ALIM EIRELI;27;HIGIENE PESSOAL;2703;HIGIENE INTIMA ADULTA;;;270307;ABSORVENTE COM ABAS PREMIUM;;;L;OT;1UNX1UN;UN;UNIDADE;1,00;1UNX1UN;UN;UNIDADE;1,00;1,00;1,00;96190000.;"ABSORVENTES/FRALDAS/SEMELHS.DE PASTA DE PAPEL
";96190000;;13;0;13;7896064443982,00;0,00;7896064443982,00;;6;29717;ABS NAT MAX GEL MAIS C/ABAS LV8PG7;;29717;ABS NAT MAX GEL MAIS C/ABAS LV8PG7;;;;;N;;;;;;;;;;;;;;;;;;  ;;;;;N;;S;;;;;;N;;;;;;;;;;;;;150;NAYRON ARAUJO RODRIGUES DOS SANTOS;1275;BRUNO FREIRE DE SOUZA;453;;01/03/2023 16:58:55;06/06/2025 14:59:51;01/03/2023 16:58:55;26/08/2022;;S;N;N;;;;;N;;;1,00;0,50;0,50;0,50;P;0,00;;;2,17;0,00;;0,00;28;;N;0;;;N;N;N;R;0,00;0,00;0,00;0,00;0,00;0,00;0,00;0,00;0,00;0,00;;0,00;0,00;N;N;;S;N;;;N;;;;N;;;;;S;0,00;;;N;N;;;;;N;;;;N;N;;0,00;0,00;;0,00;;0,00;0,00;0,00;0,00;0,00;0,00;0,00;0,00;;;;;;N;;0,00;;;;;;;;;N;N;;N;;;;0,00;N;N;S;;;;;N;;;;;N;S;N;E;;PA;1;1;;1;;;;;;;N;0,00;;;;N;;;;N;;;;0,00;;;;;;;;;;;;;;;N;;20;;;N;;;;;;;;;1,00;1,00;;1;;;;V;N;;;;N;;;;;;;;;N;;;;;;;;;N;;;N;OM;;N;N;;;;;N;N;;;0;;;;;;;;;N;;1,00;;U;;;;;N;N;N;0
35;MP ARROZ A GRANEL PARBO T1 KG;1;DISTRIBUIDORA FREITAS LOPES LTDA;11;INDUSTRIA MP;1102;ARROZ SACA GRANEL;;;110202;ARROZ T1 PARB SACA GRANEL;;;MP;OT;KG;KG;KILOGRAMA;1,00;SC C/ 60KG;SC;SACA;60,00;1,01;1,01;10063011.;ARROZ SEMIBRANQUEADO OU BRANQUEADO, MESMO POLIDO OU BRUNIDO - PARBOILIZADO - POLIDO OU BRUNIDO;10063011;;8;14;8;100107,00;1001071,00;100107,00;35;3;35;MP ARROZ A GRANEL PARBO T1 KG;;35;MP ARROZ A GRANEL PARBO T1 KG;;;;;N;;;;;;;;;;;;;;;;1;DISTRIBUIDORA FREITAS LOPES LTDA;;;;;;N;;N;;;;;;N;;;;;;;;;;;;;15;FERNANDO FREIRE;103;ELAINE DO NASCIMENTO CABRAL SOUSA;324;;08/02/2025 07:32:11;17/10/2025 15:32:52;08/02/2025 07:32:11;08/04/2015;;S;N;N;;C;C;;N;;;1,00;0,50;0,50;0,50;P;0,00;;;2,75;0,00;;0,00;21;;S;0;;;N;N;N;R;0,00;0,00;0,00;0,00;0,00;0,00;0,00;0,00;0,00;0,00;;0,00;0,00;N;N;;S;N;;;N;;;;N;;;;;S;0,00;;;N;N;;;;;S;;;;N;N;;0,00;0,00;;0,00;;0,00;0,00;0,00;0,00;0,00;0,00;0,00;0,00;;;;;;N;;0,00;;;;;;;;;N;N;;N;;;;0,00;N;N;N;;;;;N;;;;;N;S;N;E;;PA;1;1;;1;;0,00;;1,00;;;N;0,00;;;;N;;;;N;;S;;0,00;;;;;;;;;;;;;;;N;;;;;N;;;;;;;;;1,00;100,00;;1;;;;V;N;;;;N;;;;;;;;;N;;;;;;;;;N;;;N;OM;;N;N;;;;N;N;N;;;0;;;;;;;;;N;;1,00;;U;;;1;;N;N;N;0
36;MP ARROZ A GRANEL T2 KG;1;DISTRIBUIDORA FREITAS LOPES LTDA;11;INDUSTRIA MP;1102;ARROZ SACA GRANEL;;;110203;ARROZ T2 SACA GRANEL;;;MP;OT;KG;KG;KILOGRAMA;1,00;SC C/ 60KG;SC;SACA;60,00;1,00;1,00;10063021.;ARROZ BRANQUEADO OU SEMIBRANQUEADO, POLIDO;10063021;;8;14;8;100108,00;1001081,00;100108,00;36;1;36;MP ARROZ A GRANEL T2 KG;;36;MP ARROZ A GRANEL T2 KG;;;;;N;;;;;;;;;;;;;;;;1;DISTRIBUIDORA FREITAS LOPES LTDA;;;;;;N;;N;;;;;;N;;;;;;;;;;;;;15;FERNANDO FREIRE;177;ROSANE DUARTE DOS SANTOS;324;;08/02/2025 07:33:15;19/05/2025 11:11:08;08/02/2025 07:33:15;08/04/2015;;S;N;N;;C;C;;N;;;1,00;0,50;0,50;0,50;P;0,00;;;2,75;0,00;;0,00;21;;S;0;;;N;N;N;R;0,00;0,00;0,00;0,00;0,00;0,00;0,00;0,00;0,00;0,00;;0,00;0,00;N;N;;S;N;;;N;;;;N;;;;;S;0,00;;;N;N;;;;;S;;;;N;N;;0,00;0,00;;0,00;;0,00;0,00;0,00;0,00;0,00;0,00;0,00;0,00;;;;;;N;;0,00;;;;;;;;;N;N;;N;;;;0,00;N;N;N;;;;;N;;;;;N;S;N;E;;PA;1;1;;1;;0,00;;1,00;;;N;0,00;;;;N;;;;N;;S;;0,00;;;;;;;;;;;;;;;N;;;;;N;;;;;;;;;1,00;100,00;;1;;;;V;N;;;;N;;;;;;;;;N;;;;;;;;;N;;;N;OM;;N;N;;;;N;N;N;;;0;;;;;;;;;N;;1,00;;U;;;1;;N;N;N;0
37;MP ARROZ A GRANEL T3 KG;1;DISTRIBUIDORA FREITAS LOPES LTDA;11;INDUSTRIA MP;1102;ARROZ SACA GRANEL;;;110204;ARROZ T3 SACA GRANEL;;;MP;OT;KG;KG;KILOGRAMA;1,00;SC C/ 60KG;SC;SACA;60,00;1,00;1,00;10063021.;ARROZ BRANQUEADO OU SEMIBRANQUEADO, POLIDO;10063021;;8;14;8;370037,00;0,00;370037,00;37;0;37;MP ARROZ A GRANEL T3 KG;;37;MP ARROZ A GRANEL T3 KG;;;;;N;;;;;;;;;;;;;;;;1;DISTRIBUIDORA FREITAS LOPES LTDA;;;;;;N;;N;;;;;;N;;;;;;;;;;;;;15;FERNANDO FREIRE;1275;BRUNO FREIRE DE SOUZA;1275;;08/02/2025 07:34:08;30/10/2025 15:55:01;30/10/2025 15:55:01;08/04/2015;;S;N;N;;C;C;;N;;;1,00;0,50;0,50;0,50;P;0,00;;;2,55;0,00;;0,00;21;;S;0;;;N;N;N;R;0,00;0,00;0,00;0,00;0,00;0,00;0,00;0,00;0,00;0,00;;0,00;0,00;N;N;;S;N;;;N;;;;N;;;;;S;0,00;;;N;N;;;;;S;;;;N;N;;0,00;0,00;;0,00;;0,00;0,00;0,00;0,00;0,00;0,00;0,00;0,00;;;;;;N;;0,00;;;;;;;;;N;N;;N;;;;0,00;N;N;N;;;;;N;;;;;N;S;N;E;;PA;1;1;;1;;0,00;;1,00;;;N;0,00;;;;N;;;;N;;S;;0,00;;;;;;;;;;;;;;;N;;;;;N;;;;;;;;;1,00;100,00;;1;;;;V;N;;;;N;;;;;;;;;N;;;;;;;;;N;;;N;OM;;N;N;;;;N;N;N;;;0;;;;;;;;;N;;1,00;;U;;;1;;N;N;N;0
38;ARROZ CADU T3 BRANCO 1KG;1;DISTRIBUIDORA FREITAS LOPES LTDA;12;INDUSTRIA PRINCESA PA;1202;ARROZ PRINCESA DO PARA;342;ARROZ;120203;ARROZ BCO T3 PRINCESA DO PARA;;;L;OT;1UNX1KG;KG;KILOGRAMA;1,00;FD C/ 30UN;FD;FARDO;30,00;1,01;1,01;10062020.;ARROZ DESCASCADO(#CARGO#), N?O PARBOILIZADO ;10062020;;13;14;13;7897962906838,00;17897962906838,00;7897962906838,00;38;8;38;ARROZ CADU T3 BRANCO 1KG;;38;ARROZ CADU T3 BRANCO 1KG;;;;;S;;ARROZ T-3 POLIDO L.FINO CADU/CERT.PA-0095Z N? 7898 LOTE 245/CERT.PA-0095Z N? 7913 LOTE 246;;;;;;;;;;;;;;;;FL;;;;;N;;N;;;;;;N;;;;;;;;;;;;;15;FERNANDO FREIRE;453;AMF CONSULTA;453;19/12/2018;26/08/2022 12:27:10;07/05/2025 13:44:59;26/08/2022 12:27:10;04/04/2015;;S;N;N;;C;A;;N;;;1,00;0,50;0,50;0,50;P;0,00;;;1,87;0,00;;0,00;21;;S;0;;;N;N;N;R;0,00;0,00;0,00;0,00;0,00;0,00;0,00;0,00;0,00;0,00;;0,00;0,00;N;N;;S;N;;;N;;;;N;;;;;S;0,00;;;N;N;;;;;S;;;;N;N;;0,00;0,00;;0,00;;0,00;0,00;0,00;0,00;0,00;0,00;0,00;0,00;;;;;;N;;0,00;;;;;;;;;N;N;;N;;;;0,00;N;N;N;;;;;N;;;;;N;S;N;E;;PA;1;1;1,00;1;;0,00;;30,24;;;N;0,00;;;;N;;;;N;;;;;;;;;;;;;14/03/2018;;;;;;N;;;;;N;1,00;;;;;;;;1,00;1,00;;1;1;;;V;N;;;;N;;;;;;;;;N;;;;;;;;;N;;;N;OM;;N;N;;;;;N;N;;;0;;;;;;;;;N;;1,00;;U;;;;;N;N;N;0
39;ARROZ CONDE T2 BRANCO 1KG;1;DISTRIBUIDORA FREITAS LOPES LTDA;12;INDUSTRIA PRINCESA PA;1202;ARROZ PRINCESA DO PARA;342;ARROZ;120202;ARROZ BCO T2 PRINCESA DO PARA;;;L;OT;1UNX1KG;KG;KILOGRAMA;1,00;FD C/ 30UN;FD;FARDO;30,00;1,01;1,01;10062020.;ARROZ DESCASCADO(#CARGO#), N?O PARBOILIZADO ;10062020;;13;14;13;7897962900157,00;17897962900157,00;7897962900157,00;39;6;39;ARROZ CONDE T2 BRANCO 1KG;;39;ARROZ CONDE T2 BRANCO 1KG;;;;;S;;ARROZ CONDE T-2 POLIDO LONGO FINO/CERT.PA-0095Z N? 7917 LOTE 296/CERT.PA-0095Z N? 7983  LOTE 297;;;;;;;;;;;;;;;;FL;;;;;N;;N;;;;;;N;;;;;;;;;;;;;15;FERNANDO FREIRE;282;NOELIO JUNIOR DA SILVA MARQUES;453;16/12/1992;19/03/2024;07/05/2025 13:44:59;26/08/2022 10:07:59;04/04/2015;;S;S;N;;C;A;;N;;;1,00;0,50;0,50;0,50;P;0,00;;;2,01;0,00;;0,00;21;;S;0;;;N;N;N;R;0,00;0,00;0,00;0,00;0,00;0,00;0,00;0,00;0,00;0,00;;0,00;0,00;N;N;;S;N;;;N;;;;N;;;;;S;0,00;;;N;N;;;;;S;;;;N;N;;0,00;0,00;;0,00;;0,00;0,00;0,00;0,00;0,00;0,00;0,00;0,00;;;;;;N;;0,00;;;;;;;;;N;N;;N;;;;0,00;N;N;N;;;;;N;;;;;S;S;N;E;;PA;1;1;1,00;1;;0,00;;30,26;;;N;0,00;;;;N;;;;N;;;;;;;;;;;;;06/03/2018;;;;;;N;;;;;N;1,00;;;;;;;;1,00;1,00;;1;1;;;V;N;;;;N;;;;;;;;;N;;;;;;;;;N;;;N;OM;;N;N;;;;;N;N;;;0;;;;;;;;;N;;1,00;;U;;;;;N;N;N;0
30460;CHARQUE CAICO DIANT 5KG;3208;MARACAJAU DISTRIBUIDORA LTDA ;26;PERECIVEL;2601;CHARQUE;;;260101;CHARQUE PECA 5KG;;;L;OT;5KG;PC;PACOTE;1,00;CX C/ 06PC;CX;CAIXA;6,00;5,28;5,28;02102000.;CARNES BOVINAS,SALGADAS,SECAS OU DEFUMS.;02102000;;13;14;13;7896983001249,00;27896983001243,00;7896983001249,00;;3;30460;CHARQUE CAICO DIANT 5KG;;30460;CHARQUE CAICO DIANT 5KG;;;;;N;;;;;;;;;;;;;;;;;;FL;;;;;N;;S;;;;;;N;;;;;;;;;;;;;453;AMF CONSULTA;453;AMF CONSULTA;453;15/12/1992;30/01/2023 21:55:06;07/05/2025 13:44:59;30/01/2023 21:55:06;30/01/2023;;S;S;N;;C;C;;N;;;1,00;0,50;0,50;0,50;P;0,00;;;0,00;0,00;;0,00;21;;N;0;;;N;N;N;R;0,00;0,00;0,00;0,00;0,00;0,00;0,00;0,00;0,00;0,00;;0,00;0,00;N;N;;S;N;;;N;;;;N;;;;;S;0,00;;;N;N;;;;;S;;;;N;N;;0,00;0,00;;0,00;;0,00;0,00;0,00;0,00;0,00;0,00;0,00;0,00;;;;;;N;;0,00;;;;;;;;;N;N;;N;;;;0,00;N;N;N;;;;;N;;;;;S;S;N;E;;PA;1;1;;1;;0,01;;31,70;;;N;0,00;;;;N;;;;N;;;;0,00;;;;;;;;;;;;;;;N;;;;;N;;;;;;;;;1,00;100,00;;1;;;;V;N;;;;N;;;;;;;;;N;;;;;;;;;N;;;N;OM;;N;N;;;;;N;N;;;0;;;;;;;;;N;;1,00;;U;;;;;N;N;N;0
30462;SARD G COSTA OLEO SAB LIMAO 125G;535;EMPRESA BRASILEIRA DE DISTRIBUICAO LTDA;13;ALIMENTOS EM CONSERVA;1303;SARDINHA;;;130301;SARDINHA NORMAL;;;L;OT;UNIDADE;UN;UNIDADE;1,00;CX C/ 50UN;CX;CAIXA;50,00;0,17;0,17;16041310.;"PREPARS.E CONSERVAS,DE SARDINHAS,INTEIRAS OU EM PEDACOS
";16041310;;13;14;13;7891167021037,00;57891167021032,00;7891167021037,00;2103;0;601;SARD G COSTA TOMATE 125G;;601;SARD G COSTA TOMATE 125G;;;;;N;;;;;;;;;;;;;;;P:\BRUUUUUNO\30462.PNG;;;  ;;;;;N;;S;;;;;;N;;;;;;;;;;;;;324;DENIS NUNES;217;COMPRADOR - CRISTIANO;1275;;31/01/2025 14:16:42;29/09/2025 08:57:08;19/03/2025 17:53:40;01/02/2023;;S;S;N;;A;A;;N;;;1,00;0,50;0,50;0,50;P;0,00;;;4,95;0,00;;0,00;21;;S;0;;;N;N;N;R;0,00;0,00;0,00;0,00;0,00;0,00;0,00;0,00;0,00;0,00;;0,00;0,00;N;N;;S;N;;;N;;;;N;;;;;S;0,00;;;N;N;;;;;S;;;;N;N;;0,00;0,00;;0,00;;0,00;0,00;0,00;0,00;0,00;0,00;0,00;0,00;;;;;;N;;0,00;;;;;;;;;N;N;;N;;;;0,00;N;N;N;;;;;N;;;;;S;S;N;E;1440;PA;1;1;16,00;1;;0,00;;8,46;;1,00;N;0,00;;;;N;;;;N;;S;;0,00;;;;;;;;;;;;;100,00;85,00;N;;20;;;N;10,00;;;;;;;;1,00;160,00;;1;1;;;V;N;1224;;;N;;;;;;;;;N;;;;;;;;;N;;;N;OM;;N;N;;;;N;N;N;;;0;;;;;;;;;N;;1,00;;U;;;;;N;N;N;0
40;ARROZ FAZENDA T1 PARBO 1KG;27;COOPERATIVA REGIONAL AGROPECUARIA SUL CATARINENSE;21;GRAO;2101;ARROZ;342;ARROZ;210105;ARROZ PARBOILIZADO;;;L;OT;1UNX1KG;KG;KILOGRAMA;1,00;FD C/ 30UN;FD;FARDO;30,00;1,00;1,01;10063011.;ARROZ SEMIBRANQUEADO OU BRANQUEADO, MESMO POLIDO OU BRUNIDO - PARBOILIZADO - POLIDO OU BRUNIDO;10063011;;13;14;13;7896389600107,00;17896389600104,00;7896389600107,00;66002;0;40;ARROZ FAZENDA T1 PARBO 1KG;;40;ARROZ FAZENDA T1 PARBO 1KG;;;;;N;;;;;;;;;;;;;;;P:\IMAGENS PRODUTOS\40.JPG;;;  ;;;;;N;;S;;;1;FOOD;;N;;;;;;;;;;;;;15;FERNANDO FREIRE;217;COMPRADOR - CRISTIANO;217;;28/02/2025 13:33:28;07/11/2025 08:45:41;07/11/2025 08:45:41;08/04/2015;;S;S;N;;A;A;;N;;;1,00;0,50;0,50;0,50;P;0,00;;;2,67;0,00;;0,00;21;;S;0;;;N;N;N;R;0,00;0,00;0,00;0,00;0,00;0,00;0,00;0,00;0,00;0,00;;0,00;0,00;N;N;;S;N;;;N;;;;N;;;;;S;0,00;;;N;N;;;;;S;;;;N;N;;0,00;0,00;;0,00;;0,00;0,00;0,00;0,00;0,00;0,00;0,00;0,00;;;;;;N;;0,00;;;;;;;;;N;N;;N;;;;0,00;N;N;N;;;;;N;;;;;S;S;N;E;;PA;1;1;;1;;0,00;;30,24;;1,00;N;0,00;;;;N;;;;N;;S;;0,00;;;;;;;;;01/12/2017;;;;;;N;;20;;;N;;;;;;;;;1,00;100,00;;1;;;;V;N;;;;N;;;;;;;;;N;;;;;;;;;N;;;N;OM;;N;N;;;;N;N;N;;;0;;;;;;;;;N;;1,00;;U;;;;;N;N;N;0
41;ARROZ FAZENDA T1 BRANCO 1KG;27;COOPERATIVA REGIONAL AGROPECUARIA SUL CATARINENSE;21;GRAO;2101;ARROZ;342;ARROZ;210101;ARROZ BRANCO T1;;;L;OT;1UNX1KG;KG;KILOGRAMA;1,00;FD C/ 30UN;FD;FARDO;30,00;1,00;1,01;10063021.;ARROZ BRANQUEADO OU SEMIBRANQUEADO, POLIDO;10063021;;13;14;13;7896389600060,00;17896389600060,00;7896389600060,00;66004;8;41;ARROZ FAZENDA T1 BRANCO 1KG;;41;ARROZ FAZENDA T1 BRANCO 1KG;;;;;N;;;;;;;;;;;;;;;P:\IMAGENS PRODUTOS\41.JPEG;;;  ;;;;;N;;S;;;1;FOOD;;N;;;;;;;;;;;;;15;FERNANDO FREIRE;217;COMPRADOR - CRISTIANO;217;;17/04/2025;04/11/2025 10:48:55;27/08/2025 09:06:38;08/04/2015;;S;S;N;;A;A;;N;;;1,00;0,50;0,50;0,50;P;0,00;;;2,70;0,00;;0,00;21;;S;0;;;N;N;N;R;0,00;0,00;0,00;0,00;0,00;0,00;0,00;0,00;0,00;0,00;;0,00;0,00;N;N;;S;N;;;N;;;;N;;;;;S;0,00;;;N;N;;;;;S;;;;N;N;;0,00;0,00;;0,00;;0,00;0,00;0,00;0,00;0,00;0,00;0,00;0,00;;;;;;N;;0,00;;;;;;;;;N;N;;N;;;;0,00;N;N;N;;;;;N;;;;;S;S;N;E;;PA;1;1;;1;;0,00;;30,20;;1,00;N;0,00;;;;N;;;;N;;S;;0,00;;;;;;;;;01/02/2018;;;;;;N;;20;;;N;;;;;;;;;1,00;100,00;;1;;;;V;N;;;;N;;;;;;;;;N;;;;;;;;;N;;;N;OM;;N;N;;;;N;N;N;;;0;;;;;;;;;N;;1,00;;U;;;;;N;N;N;0
42;ARROZ MALAM T1 BRANCO 1KG;1;DISTRIBUIDORA FREITAS LOPES LTDA;12;INDUSTRIA PRINCESA PA;1202;ARROZ PRINCESA DO PARA;342;ARROZ;120201;ARROZ BCO T1 PRINCESA DO PARA;;;PA;OT;1UNX1KG;KG;KILOGRAMA;1,00;FD C/ 30UN;FD;FARDO;30,00;1,00;1,01;10063021.;ARROZ BRANQUEADO OU SEMIBRANQUEADO, POLIDO;10063021;;13;14;13;7897962900195,00;17897962900195,00;7897962900195,00;42;6;42;ARROZ MALAM T1 BRANCO 1KG;;42;ARROZ MALAM T1 BRANCO 1KG;;;;;S;;"ARROZ MALAM BRANCO T-1 POLIDO .FINO/CERT.PA-0095Z N? 9219  LOTE 279
/";;;;;;;;;;;;;P:\IMAGENS PRODUTOS\42- ARROZ MALAM BRANCO.PNG;;;  ;;;;;N;;S;;;1;FOOD;;N;;;;;;;;;;;;;15;FERNANDO FREIRE;625;DAYANE DOS SANTOS PEREIRA;1703;;03/02/2025 14:36:17;06/06/2025 14:59:51;03/02/2025 14:36:17;04/04/2015;;S;S;N;;A;A;;N;;;1,00;0,50;0,50;0,50;P;0,00;;;3,38;0,00;;0,00;21;;S;0;;;N;N;N;R;0,00;0,00;0,00;0,00;0,00;0,00;0,00;0,00;0,00;0,00;;0,00;0,00;N;N;;S;N;;;N;;;;N;;;;;S;0,00;;;N;N;;;;;S;;;;N;N;;0,00;0,00;;0,00;;0,00;0,00;0,00;0,00;0,00;0,00;0,00;0,00;;;;;;N;;0,00;;;;;;;;;N;N;;N;;;;0,00;N;N;N;;;;;N;;;;;S;S;N;E;;PA;1;1;1,00;1;;0,00;;30,30;;1,00;N;0,00;;;;N;;;;N;;S;;0,00;;;;;;;;;20/02/2018;;;;;;N;;20;;;N;1,00;;;;;;;;1,00;1,00;;1;1;;;V;N;;;;N;;;;;;;;;N;;;;;;;;;N;;;N;OM;;N;N;;;;N;N;N;;;0;;;;;;;;P:\BRUUUUUNO;N;;1,00;;U;;;;;N;N;N;0
43;ARROZ MALAM T1 PARBO 1KG;1;DISTRIBUIDORA FREITAS LOPES LTDA;12;INDUSTRIA PRINCESA PA;1202;ARROZ PRINCESA DO PARA;342;ARROZ;120205;ARROZ PARB PRINCESA DO PARA;;;PA;OT;1UNX1KG;KG;KILOGRAMA;1,00;FD C/ 30UN;FD;FARDO;30,00;1,00;1,01;10063011.;ARROZ SEMIBRANQUEADO OU BRANQUEADO, MESMO POLIDO OU BRUNIDO - PARBOILIZADO - POLIDO OU BRUNIDO;10063011;;13;14;13;7897962900508,00;17897962900508,00;7897962900508,00;;4;954;ARROZ PRINCESA T1 PARBO 1KG;;954;ARROZ PRINCESA T1 PARBO 1KG;;;FD;FARDO;S;;ARROZ T-1 PARBOILIZADO MALAM - / PA - 0095Z CERT.9133LOTE 296/PA - 0095Z CERT.9239 LOTE 297/;;;;;;;;;;;;;P:\IMAGENS PRODUTOS\43- ARROZ MALAM PARBO.PNG;;;  ;;;;;N;;S;;;1;FOOD;;N;;;;;;;;;;;;;15;FERNANDO FREIRE;625;DAYANE DOS SANTOS PEREIRA;1703;;03/02/2025 14:30:03;06/06/2025 14:59:51;03/02/2025 14:30:03;04/04/2015;;S;S;N;;A;A;;N;;;1,00;0,50;0,50;0,50;P;0,00;;;3,81;0,00;;0,00;21;;S;0;;;N;N;N;R;0,00;0,00;0,00;0,00;0,00;0,00;0,00;0,00;0,00;0,00;;0,00;0,00;N;N;;S;N;;;N;;;;N;;;;;S;0,00;;;N;N;;;;;S;;;;N;N;;0,00;0,00;;0,00;;0,00;0,00;0,00;0,00;0,00;0,00;0,00;0,00;;;;;;N;;0,00;;;;;;;;;N;N;;N;;;;0,00;N;N;N;;;;;N;;;;;S;S;N;E;;PA;1;1;1,00;1;;0,00;;30,40;;1,00;N;0,00;;;;N;;;;N;;S;;0,00;;;;;;;;;01/03/2018;;;;;;N;;20;;;N;1,00;;;;;;;;1,00;1,00;;1;1;;;V;N;;;;N;;;;;;;;;N;;;;;;;;;N;;;N;OM;;N;N;;;;N;N;N;;;0;;;;;;;;;N;;1,00;;U;;;;;N;N;N;0
44;ARROZ SACA T1 BRANCO 50KG;1;DISTRIBUIDORA FREITAS LOPES LTDA;12;INDUSTRIA PRINCESA PA;1202;ARROZ PRINCESA DO PARA;342;ARROZ;120201;ARROZ BCO T1 PRINCESA DO PARA;;;L;OT;SC C/50KG;SC;SACA;1,00;SC C/50KG;SC;SACA;1,00;50,14;50,14;10062020.;ARROZ DESCASCADO(#CARGO#), N?O PARBOILIZADO ;10062020;;13;14;13;44004,00;0,00;44004,00;44;2;44;ARROZ SACA T1 BRANCO 50KG;;44;ARROZ SACA T1 BRANCO 50KG;;;;;N;;;;;;;;;;;;;;;;;;FL;;;;;N;;S;;;;;;N;;;;;;;;;;;;;15;FERNANDO FREIRE;1275;BRUNO FREIRE DE SOUZA;1275;;04/07/2023 09:25:36;30/10/2025 15:59:00;30/10/2025 15:58:39;04/04/2015;;S;S;N;;C;;;N;;;1,00;0,50;0,50;0,50;P;0,00;;;0,00;0,00;;0,00;21;;S;0;;;N;N;N;R;0,00;0,00;0,00;0,00;0,00;0,00;0,00;0,00;0,00;0,00;;0,00;0,00;N;N;;S;N;;;N;;;;N;;;;;S;0,00;;;N;N;;;;;S;;;;N;N;;0,00;0,00;;0,00;;0,00;0,00;0,00;0,00;0,00;0,00;0,00;0,00;;;;;;N;;0,00;;;;;;;;;N;N;;N;;;;;N;N;N;;;;;N;;;;;S;S;N;E;;PA;1;1;1,00;1;;0,07;;50,14;;1,00;N;0,00;;;;N;;;;N;;;;;;;;;;;;;;;;;;;N;;;;;N;1,00;;;;;;;;1,00;1,00;;1;1;;;V;N;;;;N;;;;;;;;;N;;;;;;;;;N;;;N;OM;;N;N;;;;;N;N;;;0;;;;;;;;;N;;1,00;;U;;;1;;N;N;N;0
45;ARROZ SACA T1 PARBO 50KG;1;DISTRIBUIDORA FREITAS LOPES LTDA;12;INDUSTRIA PRINCESA PA;1202;ARROZ PRINCESA DO PARA;342;ARROZ;120205;ARROZ PARB PRINCESA DO PARA;;;L;OT;SC C/50KG;SC;SACA;1,00;SC C/50KG;SC;SACA;1,00;50,14;50,14;10062010.;ARROZ DESCASCADO(#CARGO#), PARBOILIZADO;10062010;;13;14;13;450045,00;0,00;450045,00;45;0;45;ARROZ SACA T1 PARBO 50KG;;45;ARROZ SACA T1 PARBO 50KG;;;;;N;;;;;;;;;;;;;;;;;;FL;;;;;N;;S;;;;;;N;;;;;;;;;;;;;15;FERNANDO FREIRE;1275;BRUNO FREIRE DE SOUZA;1275;04/07/2023 09:25:14;04/07/2023 09:25:14;30/10/2025 16:09:20;30/10/2025 16:09:20;04/04/2015;;S;S;N;;C;;;N;;;1,00;0,50;0,50;0,50;P;0,00;;;0,00;0,00;;0,00;21;;S;0;;;N;N;N;R;0,00;0,00;0,00;0,00;0,00;0,00;0,00;0,00;0,00;0,00;;0,00;0,00;N;N;;S;N;;;N;;;;N;;;;;S;0,00;;;N;N;;;;;S;;;;N;N;;0,00;0,00;;0,00;;0,00;0,00;0,00;0,00;0,00;0,00;0,00;0,00;;;;;;N;;0,00;;;;;;;;;N;N;;N;;;;;N;N;N;;;;;N;;;;;S;S;N;E;;PA;1;1;1,00;1;;0,07;;50,14;;;N;0,00;;;;N;;;;N;;;;;;;;;;;;;;;;;;;N;;;;;N;1,00;;;;;;;;1,00;1,00;;1;1;;;V;N;;;;N;;;;;;;;;N;;;;;;;;;N;;;N;OM;;N;N;;;;;N;N;;;0;;;;;;;;;N;;1,00;;U;;;1;;N;N;N;0
46;ARROZ SACA T2 BRANCO 50KG;1;DISTRIBUIDORA FREITAS LOPES LTDA;12;INDUSTRIA PRINCESA PA;1202;ARROZ PRINCESA DO PARA;342;ARROZ;120202;ARROZ BCO T2 PRINCESA DO PARA;;;L;OT;SC C/50KG;SC;SACA;1,00;SC C/50KG;SC;SACA;1,00;50,14;50,14;10062020.;ARROZ DESCASCADO(#CARGO#), N?O PARBOILIZADO ;10062020;;13;14;13;460046,00;0,00;460046,00;46;9;46;ARROZ SACA T2 BRANCO 50KG;;46;ARROZ SACA T2 BRANCO 50KG;;;;;N;;;;;;;;;;;;;;;;;;FL;;;;;N;;S;;;;;;N;;;;;;;;;;;;;15;FERNANDO FREIRE;1275;BRUNO FREIRE DE SOUZA;1275;04/07/2023 09:25:31;04/07/2023 09:25:31;30/10/2025 16:12:10;30/10/2025 16:12:10;04/04/2015;;S;S;N;;C;;;N;;;1,00;0,50;0,50;0,50;P;0,00;;;0,00;0,00;;0,00;21;;S;0;;;N;N;N;R;0,00;0,00;0,00;0,00;0,00;0,00;0,00;0,00;0,00;0,00;;0,00;0,00;N;N;;S;N;;;N;;;;N;;;;;S;0,00;;;N;N;;;;;S;;;;N;N;;0,00;0,00;;0,00;;0,00;0,00;0,00;0,00;0,00;0,00;0,00;0,00;;;;;;N;;0,00;;;;;;;;;N;N;;N;;;;;N;N;N;;;;;N;;;;;S;S;N;E;;PA;1;1;1,00;1;;0,07;;50,14;;;N;0,00;;;;N;;;;N;;;;;;;;;;;;;;;;;;;N;;;;;N;1,00;;;;;;;;1,00;1,00;;1;1;;;V;N;;;;N;;;;;;;;;N;;;;;;;;;N;;;N;OM;;N;N;;;;;N;N;;;0;;;;;;;;;N;;1,00;;U;;;1;;N;N;N;0
47;ARROZ SACA T3 BRANCO 50KG;1;DISTRIBUIDORA FREITAS LOPES LTDA;12;INDUSTRIA PRINCESA PA;1202;ARROZ PRINCESA DO PARA;342;ARROZ;120203;ARROZ BCO T3 PRINCESA DO PARA;;;L;OT;SC C/50KG;SC;SACA;1,00;SC C/50KG;SC;SACA;1,00;50,14;50,14;10062020.;ARROZ DESCASCADO(#CARGO#), N?O PARBOILIZADO ;10062020;;13;14;13;470047,00;0,00;470047,00;47;7;47;ARROZ SACA T3 BRANCO 50KG;;47;ARROZ SACA T3 BRANCO 50KG;;;;;N;;;;;;;;;;;;;;;;;;FL;;;;;N;;S;;;;;;N;;;;;;;;;;;;;15;FERNANDO FREIRE;1275;BRUNO FREIRE DE SOUZA;1275;04/07/2023 09:25:33;04/07/2023 09:25:33;30/10/2025 16:14:51;30/10/2025 16:14:51;04/04/2015;;S;S;N;;C;;;N;;;1,00;0,50;0,50;0,50;P;0,00;;;0,00;0,00;;0,00;21;;S;0;;;N;N;N;R;0,00;0,00;0,00;0,00;0,00;0,00;0,00;0,00;0,00;0,00;;0,00;0,00;N;N;;S;N;;;N;;;;N;;;;;S;0,00;;;N;N;;;;;S;;;;N;N;;0,00;0,00;;0,00;;0,00;0,00;0,00;0,00;0,00;0,00;0,00;0,00;;;;;;N;;0,00;;;;;;;;;N;N;;N;;;;;N;N;N;;;;;N;;;;;S;S;N;E;;PA;1;1;1,00;1;;0,07;;50,14;;;N;0,00;;;;N;;;;N;;;;;;;;;;;;;;;;;;;N;;;;;N;1,00;;;;;;;;1,00;1,00;;1;1;;;V;N;;;;N;;;;;;;;;N;;;;;;;;;N;;;N;OM;;N;N;;;;;N;N;;;0;;;;;;;;;N;;1,00;;U;;;1;;N;N;N;0
48;ARROZ ZILMAR T1 PARBO 1KG;102;REALENGO ALIMENTOS LTDA;21;GRAO;2101;ARROZ;342;ARROZ;210105;ARROZ PARBOILIZADO;;;L;OT;1UNX1KG;KG;KILOGRAMA;1,00;FD C/ 30UN;FD;FARDO;30,00;1,00;1,01;10063011.;ARROZ SEMIBRANQUEADO OU BRANQUEADO, MESMO POLIDO OU BRUNIDO - PARBOILIZADO - POLIDO OU BRUNIDO;10063011;;13;14;13;7898911195150,00;17898911195150,00;7898911195150,00;48;5;48;ARROZ ZILMAR T1 PARBO 1KG;;48;ARROZ ZILMAR T1 PARBO 1KG;;;;;N;;;;;;;;;;;;;;;P:\IMAGENS PRODUTOS\48.PNG;;;  ;;;;;N;;S;;;1;FOOD;;N;;;;;;;;;;;;;15;FERNANDO FREIRE;217;COMPRADOR - CRISTIANO;217;;09/05/2025;26/11/2025 16:36:11;15/10/2025 13:14:05;08/04/2015;;S;S;N;;A;A;;N;;;1,00;0,50;0,50;0,50;P;0,00;;;2,60;0,00;;0,00;21;;S;0;;;N;N;N;R;0,00;0,00;0,00;0,00;0,00;0,00;0,00;0,00;0,00;0,00;;0,00;0,00;N;N;;S;N;;;N;;;;N;;;;;S;0,00;;;N;N;;;;;S;;;;N;N;;0,00;0,00;;0,00;;0,00;0,00;0,00;0,00;0,00;0,00;0,00;0,00;;;;;;N;;0,00;;;;;;;;;N;N;;N;;;;0,00;N;N;N;;;;;N;;;;;S;S;N;E;;PA;1;1;;1;;0,00;;30,20;;1,00;N;0,00;;;;N;;;;N;;S;;0,00;;;;;;;;;08/09/2017;;;;;;N;;20;;;N;;;;;;;;;1,00;100,00;;1;;;;V;N;;;;N;;;;;;;;;N;;;;;;;;;N;;;N;OM;;N;N;;;;N;N;N;;;0;;;;;;;;;N;;1,00;;U;;;;;N;N;N;0
49;ATUM G COSTA RALADO OLEO170G;535;EMPRESA BRASILEIRA DE DISTRIBUICAO LTDA;13;ALIMENTOS EM CONSERVA;1304;ATUM;;;130401;ATUM SOLIDO;;;MP;OT;1UNX170GR;UN;UNIDADE;1,00;CX C/ 24UN;UN;UNIDADE;24,00;0,22;0,22;16041410.;PREP.,CONS.D/ATUNS, INTEIROS OU PEDACOS ;16041410;;13;0;13;7891167011748,00;27891167011742,00;7891167011748,00;1174;3;49;ATUM G COSTA RALADO OLEO170G;;49;ATUM G COSTA RALADO OLEO170G;;;;;N;;;;;;;;;;;;;;;P:\BRUUUUUNO\49.PNG;;;  ;;;;;N;;S;;;;;;N;;;;;;;;;;;;;15;FERNANDO FREIRE;265;GILBERTO PINHEIRO GUIMARAES;103;;29/11/2024 09:07:12;02/09/2025 16:03:51;02/09/2025 12:52:10;08/04/2015;;S;S;N;;C;C;;N;;;1,00;0,50;0,50;0,50;P;0,00;;;4,99;0,00;;0,00;21;;S;0;;;N;N;N;R;0,00;0,00;0,00;0,00;0,00;0,00;0,00;0,00;0,00;0,00;;0,00;0,00;N;N;;S;N;;;N;;;;N;;;;;S;0,00;;;N;N;;;;;N;;;;N;N;;0,00;0,00;;0,00;;0,00;0,00;0,00;0,00;0,00;0,00;0,00;0,00;;;;;;N;;0,00;;;;;;;;;N;N;;N;;;;0,00;N;N;N;;;;;N;;;;;S;S;N;E;1440;PA;1;1;23,00;1;;0,00;;5,35;;1,00;N;0,00;;;;N;;;;N;;S;;0,00;;;;;;;;;04/02/2020;;;;100,00;85,00;N;;20;;;N;9,00;;;;;;;;1,00;207,00;;1;1;;;V;N;1224;;;N;;;;;;;;;N;;;;;;;;;N;;;N;OM;;N;N;;;;N;N;N;;;0;;;;;;;;;N;;1,00;;U;;;;;N;N;N;0
50;ATUM G COSTA SOLIDO 170G;1408;OKAJIMA DISTRIBUICAO E COMERCIO LTDA;13;ALIMENTOS EM CONSERVA;1304;ATUM;;;130402;ATUM RALADO;;;L;OT;1UNX170GR;UN;UNIDADE;1,00;CX C/ 24UN;CX;CAIXA;24,00;0,22;0,22;16041410.;PREP.,CONS.D/ATUNS, INTEIROS OU PEDACOS ;16041410;;13;14;13;7891167011731,00;27891167011735,00;7891167011731,00;;7;50;ATUM G COSTA SOLIDO 170G;;50;ATUM G COSTA SOLIDO 170G;;;;;N;;;;;;;;;;;;;;;;;;  ;;;;;N;;S;;;;;;N;;;;;;;;;;;;;15;FERNANDO FREIRE;265;GILBERTO PINHEIRO GUIMARAES;103;;10/09/2025;10/09/2025 16:52:41;10/09/2025 16:34:20;08/04/2015;;S;S;N;;C;C;;N;;;1,00;0,50;0,50;0,50;P;0,00;;;10,04;0,00;;0,00;21;;S;0;;;N;N;N;R;50,30;0,00;0,00;0,00;0,00;0,00;0,00;0,00;0,00;0,00;;0,00;0,00;N;N;;S;N;;;N;;;;N;;;;;S;0,00;;;N;N;;;;;N;;;;N;N;;0,00;0,00;;0,00;;0,00;0,00;0,00;0,00;0,00;0,00;0,00;0,00;;;;;;N;;0,00;;;;;;;;;N;N;;N;;;;50,30;N;N;N;;;;;N;;;;;S;S;N;E;1440;PA;1;1;23,00;1;;0,00;;5,28;;1,00;N;0,00;;;;N;;;;N;;;;0,00;;;;;;;;;10/08/2019;;;;100,00;85,00;N;;;;;N;9,00;;;;;;;;1,00;207,00;;1;1;;;V;N;1224;;;N;;;;;;;;;N;;;;;;;;;N;;;N;OM;;N;N;;;;;N;N;;;0;;;;;;;;;N;;1,00;;U;;;;;N;N;N;0
51;AVEIA QUAKER FLOCOS FINOS 200G;535;EMPRESA BRASILEIRA DE DISTRIBUICAO LTDA;25;MATINAL;2507;CEREAIS MATINAIS;;;250702;AVEIA;;;L;OT;200GR;UN;UNIDADE;1,00;CX C/ 28UN;CX;CAIXA;28,00;0,23;0,23;11041200.;"GRAOS DE AVEIA,ESMAGADOS OU EM FLOCOS
";11041200;;13;14;13;7894321219721,00;17894321219728,00;7894321219721,00;;5;51;AVEIA QUAKER FLOCOS FINOS 200G;;51;AVEIA QUAKER FLOCOS FINOS 200G;;;;;N;;;;;;;;;;;;;;;;;;FL;;;;;N;;S;;;;;;N;;;;;;;;;;;;;15;FERNANDO FREIRE;453;AMF CONSULTA;453;15/12/1992;27/12/2022 15:07:10;07/05/2025 13:44:59;27/12/2022 15:07:10;08/04/2015;;S;S;N;;C;B;;N;;;1,00;0,50;0,50;0,50;P;0,00;;;2,24;0,00;;0,00;21;;S;0;;;N;N;N;R;0,00;0,00;0,00;0,00;0,00;0,00;0,00;0,00;0,00;0,00;;0,00;0,00;N;N;;S;N;;;N;;;;N;;;;;S;0,00;;;N;N;;;;;N;;;;N;N;;0,00;0,00;;0,00;;0,00;0,00;0,00;0,00;0,00;0,00;0,00;0,00;;;;;;N;;0,00;;;;;;;;;N;N;;N;;;;0,00;N;N;N;;;;;N;;;;;S;S;N;E;;PA;1;1;;1;;0,00;;6,74;;;N;0,00;;;;N;;;;N;;;;0,00;;;;;;;;;07/07/2017;;;;;;N;;;;;N;;;;;;;;;1,00;100,00;;1;;;;V;N;;;;N;;;;;;;;;N;;;;;;;;;N;;;N;OM;;N;N;;;;;N;N;;;0;;;;;;;;;N;;1,00;;U;;;;;N;N;N;0
52;AVEIA QUAKER FLOCOS REGULAR 200G;535;EMPRESA BRASILEIRA DE DISTRIBUICAO LTDA;25;MATINAL;2507;CEREAIS MATINAIS;;;250702;AVEIA;;;L;OT;200GR;UN;UNIDADE;1,00;CX C/ 28UN;CX;CAIXA;28,00;0,23;0,23;11041200.;"GRAOS DE AVEIA,ESMAGADOS OU EM FLOCOS
";11041200;;13;14;13;7894321219820,00;17894321219827,00;7894321219820,00;;3;52;AVEIA QUAKER FLOCOS REGULAR 200G;;52;AVEIA QUAKER FLOCOS REGULAR 200G;;;;;N;;;;;;;;;;;;;;;;1;DISTRIBUIDORA FREITAS LOPES LTDA;FL;;;;;N;;S;;;;;;N;;;;;;;;;;;;;15;FERNANDO FREIRE;107;MARCOS ANTONIO ESPINDOLA FRANCA;453;15/12/1992;27/12/2022 15:07:10;07/05/2025 13:44:59;27/12/2022 15:07:10;08/04/2015;;S;S;N;;C;B;;N;;;1,00;0,50;0,50;0,50;P;0,00;;;2,24;0,00;;0,00;21;;S;0;;;N;N;N;R;0,00;0,00;0,00;0,00;0,00;0,00;0,00;0,00;0,00;0,00;;0,00;0,00;N;N;;S;N;;;N;;;;N;;;;;S;0,00;;;N;N;;;;;N;;;;N;N;;0,00;0,00;;0,00;;0,00;0,00;0,00;0,00;0,00;0,00;0,00;0,00;;;;;;N;;0,00;;;;;;;;;N;N;;N;;;;0,00;N;N;N;;;;;N;;;;;S;S;N;E;;PA;1;1;;1;;0,00;;6,71;;1,00;N;0,00;;;;N;;;;N;;;;0,00;;;;;;;;;22/07/2017;;;;;;N;;;;;N;;;;;;;;;1,00;100,00;;1;;;;V;N;;;;N;;;;;;;;;N;;;;;;;;;N;;;N;OM;;N;N;;;;;N;N;;;0;;;;;;;;;N;;1,00;;U;;;1;;N;N;N;0
55;AZEITONA VDE BONDUELLE VIDRO 200GR;7;BONDUELLE DO BRASIL PRODUTOS ALIMENTICIOS LTDA;28;SALADA FRIA;2813;AZEITONA;;;281302;AZEITONA VIDRO PEQ;;;L;OT;1UNX200GR;UN;UNIDADE;1,00;CX C/ 12UN;CX;CAIXA;12,00;0,56;0,56;07112020.;AZEITONAS CONSERVS.C/AGUA SULFURADA, ETC. ;07112020;;13;14;13;7890000000551,00;79000000000551,00;3083681039214,00;89190;8;55;AZEITONA VDE BONDUELLE VIDRO 200GR;;55;AZEITONA VDE BONDUELLE VIDRO 200GR;;;;;N;;;;;;;;;;;;;;;;;;FL;;;;;N;;S;;;;;;N;;;;;;;;;;;;;15;FERNANDO FREIRE;436;FAIVES.TEC;453;15/12/1992;01/03/2023 15:45:01;21/08/2025 08:55:55;01/03/2023 15:45:01;08/04/2015;;S;S;N;;C;C;;N;;;1,00;0,50;0,50;0,50;P;0,00;;;5,38;0,00;;0,00;21;;S;0;;;N;N;N;R;0,00;0,00;0,00;0,00;0,00;0,00;0,00;0,00;0,00;0,00;;0,00;11,27;N;N;;S;N;;;N;;;;N;;;;;S;0,00;;;N;N;;;;;N;;;;N;N;;0,00;0,00;;0,00;;0,00;0,00;0,00;0,00;0,00;0,00;0,00;0,00;;;;;;N;;0,00;;;;;;;;;N;N;;N;;;;0,00;N;N;N;;;;;N;;;;;S;S;N;E;;PA;1;1;;1;;0,00;;6,89;;1,00;N;0,00;;;;N;;;;N;;;;;;;;;;;;;06/02/2018;;;;;;N;;;;;N;;;;;;;;;1,00;100,00;;1;;;;V;N;;;;N;;;;;;;;;N;;;;;;;;;N;;;N;OM;;N;N;;;;;N;N;;;0;;;;;;;;;N;;1,00;;U;;;;;N;N;N;0
58;AZEITONA VDE OLE VIDRO 100GR;4;ANGELO AURICCHIO & CIA LTDA;28;SALADA FRIA;2813;AZEITONA;;;281302;AZEITONA VIDRO PEQ;;;L;OT;1UNX100GR;UN;UNIDADE;1,00;CX C/ 12UN;CX;CAIXA;12,00;0,32;0,32;20057000.;"AZEITONAS PREPARADAS/CONSERV.N/CONG.EXC.EM VINAGRE,ETC.
";20057000;;13;14;13;7891032014256,00;27891032014250,00;7891032014256,00;1426;2;58;AZEITONA VDE OLE VIDRO 100GR;;58;AZEITONA VDE OLE VIDRO 100GR;;;;;N;;;;;;;;;;;;;;;;;;  ;;;;;N;;S;;;;;;N;;;;;;;;;;;;;15;FERNANDO FREIRE;282;NOELIO JUNIOR DA SILVA MARQUES;103;;29/09/2025;29/09/2025 14:18:39;29/09/2025 12:40:09;08/04/2015;;S;S;N;;C;C;;N;;;1,00;0,50;0,50;0,50;P;0,00;;;4,54;0,00;;0,00;21;;S;0;;;N;N;N;R;4,00;0,00;0,00;0,00;0,00;0,00;0,00;0,00;0,00;0,00;;0,00;0,00;N;N;;S;N;;;N;;;;N;;;;;S;0,00;;;N;N;;;;;N;;;;N;N;;0,00;0,00;;0,00;;0,00;0,00;0,00;0,00;0,00;0,00;0,00;0,00;;;;;;N;;0,00;;;;;;;;;N;N;;N;;;;4,00;N;N;N;;;;;N;;;;;S;S;N;E;;PA;1;1;;1;;0,00;;3,82;;1,00;N;0,00;;;;N;;;;N;;;;0,00;;;;;;;;;;;;;;;N;;;;;N;;;;;;;;;1,00;100,00;;1;;;;V;N;;;;N;;;;;;;;;N;;;;;;;;;N;;;N;OM;;N;N;;;;;N;N;;;0;;;;;;;;;N;;1,00;;U;;;;;N;N;N;0
59;AZEITONA VDE QUERO VIDRO 100GR;48;HEINZ BRASIL S/A;28;SALADA FRIA;2813;AZEITONA;;;281302;AZEITONA VIDRO PEQ;;;L;OT;1UNX100GR;UN;UNIDADE;1,00;CX C/ 24UN;CX;CAIXA;24,00;0,32;0,32;07112020.;AZEITONAS CONSERVS.C/AGUA SULFURADA, ETC. ;07112020;;0;0;0;0,00;0,00;0,00;59;0;59;AZEITONA VDE QUERO VIDRO 100GR;;59;AZEITONA VDE QUERO VIDRO 100GR;;;;;N;;;;;;;;;;;;;;;;;;FL;;;;;N;;N;;;;;;N;;;;;;;;;;;;;15;FERNANDO FREIRE;453;AMF CONSULTA;453;16/06/2015;01/03/2023 15:13:52;07/05/2025 13:44:59;01/03/2023 15:13:52;08/04/2015;;S;S;N;;C;;;N;;;1,00;0,50;0,50;0,50;P;0,00;;;0,00;0,00;;0,00;21;;N;0;;;N;N;N;R;0,00;0,00;0,00;0,00;0,00;0,00;0,00;0,00;0,00;0,00;;0,00;0,00;N;N;;S;N;;;N;;;;N;;;;;S;0,00;;;N;N;;;;;N;;;;N;N;;0,00;0,00;;0,00;;0,00;0,00;0,00;0,00;0,00;0,00;0,00;0,00;;;;;;N;;0,00;;;;;;;;;N;N;;N;;;;;N;N;N;;;;;N;;;;;N;S;N;E;;PA;1;1;;1;;;;;;;N;0,00;;;;N;;;;N;;;;;;;;;;;;;;;;;;;N;;;;;N;;;;;;;;;1,00;100,00;;1;;;;V;N;;;;N;;;;;;;;;N;;;;;;;;;N;;;N;OM;;N;N;;;;;N;N;;;0;;;;;;;;;N;;1,00;;U;;;;;N;N;N;0
60;AZEITONA VDE TING SCH 100GR;112;TING INDUSTRIA E COMERCIO LTDA;28;SALADA FRIA;2813;AZEITONA;;;281313;AZEITONA SACHE;;;L;OT;1UNX100GR;UN;UNIDADE;1,00;CX C/ 24UN;CX;CAIXA;24,00;0,23;0,23;07112020.;AZEITONAS CONSERVS.C/AGUA SULFURADA, ETC. ;07112020;;13;14;13;7898137933543,00;17898137933540,00;7898137933543,00;60;4;60;AZEITONA VDE TING SCH 100GR;;60;AZEITONA VDE TING SCH 100GR;;;;;N;;;;;;;;;;;;;;;;;;FL;;;;;N;;N;;;;;;N;;;;;;;;;;;;;15;FERNANDO FREIRE;453;AMF CONSULTA;453;15/12/1992;01/03/2023 15:45:01;07/05/2025 13:44:59;01/03/2023 15:45:01;08/04/2015;;S;S;N;;C;C;;N;;;1,00;0,50;0,50;0,50;P;0,00;;;1,07;0,00;;0,00;21;;S;0;;;N;N;N;R;0,00;0,00;0,00;0,00;0,00;0,00;0,00;0,00;0,00;0,00;;0,00;0,00;N;N;;S;N;;;N;;;;N;;;;;S;0,00;;;N;N;;;;;N;;;;N;N;;0,00;0,00;;0,00;;0,00;0,00;0,00;0,00;0,00;0,00;0,00;0,00;;;;;;N;;0,00;;;;;;;;;N;N;;N;;;;0,00;N;N;N;;;;;N;;;;;S;S;N;E;;PA;1;1;;1;;;;;;;N;0,00;;;;N;;;;N;;;;;;;;;;;;;;;;;;;N;;;;;N;;;;;;;;;1,00;100,00;;1;;;;V;N;;;;N;;;;;;;;;N;;;;;;;;;N;;;N;OM;;N;N;;;;;N;N;;;0;;;;;;;;;N;;1,00;;U;;;;;N;N;N;0
61;AZEITONA VDE TING VIDRO 100GR;112;TING INDUSTRIA E COMERCIO LTDA;28;SALADA FRIA;2813;AZEITONA;;;281302;AZEITONA VIDRO PEQ;;;L;OT;1UNX100GR;UN;UNIDADE;1,00;CX C/ 24UN;CX;CAIXA;24,00;0,33;0,33;07112020.;AZEITONAS CONSERVS.C/AGUA SULFURADA, ETC. ;07112020;;13;14;13;7898137930058,00;17898137930655,00;7898137930058,00;0;2;61;AZEITONA VDE TING VIDRO 100GR;;61;AZEITONA VDE TING VIDRO 100GR;;;;;N;;;;;;;;;;;;;;;;;;FL;;;;;N;;N;;;;;;N;;;;;;;;;;;;;13;ALESSANDRO GOMES;453;AMF CONSULTA;453;15/12/1992;01/03/2023 15:45:01;07/05/2025 13:44:59;01/03/2023 15:45:01;10/03/2015;;S;S;N;;C;C;;N;;;1,00;0,50;0,50;0,50;P;0,00;;;1,51;0,00;;0,00;21;;S;0;;;N;N;N;R;0,00;0,00;0,00;0,00;0,00;0,00;0,00;0,00;0,00;0,00;;0,00;0,00;N;N;;S;N;;;N;;;;N;;;;;S;0,00;;;N;N;;;;;N;;;;N;N;;0,00;0,00;;0,00;;0,00;0,00;0,00;0,00;0,00;0,00;0,00;0,00;;;;;;N;;0,00;;;;;;;;;N;N;;N;;;;0,00;N;N;N;;;;;N;;;;;S;S;N;E;;PA;1;1;;1;;;;;;;N;0,00;;;;N;;;;N;;;;;;;;;;;;;;;;;;;N;;;;;N;;;;;;;;;1,00;100,00;;1;;;;V;N;;;;N;;;;;;;;;N;;;;;;;;;N;;;N;OM;;N;N;;;;;N;N;;;0;;;;;;;;;N;;1,00;;U;;;;;N;N;N;0
64;BEB CACHACA DUELO 490ML;76;LUGPET DISTRIBUIDORA DE BEBIDAS LTDA;15;BEB ALCOOLICA;1511;CANA E CACHACA;;;151101;CANA E CACHACA;;;L;OT;1UNX490ML;UN;UNIDADE;1,00;12X490ML;CX;CAIXA;12,00;0,49;0,48;22084000.1;RUM E OUTRAS AGUARDENTES DE CANA(ST);22084000;01;13;14;13;7896718200183,00;17896718200183,00;7896718200183,00;0202001;7;64;BEB CACHACA DUELO 490ML;;64;BEB CACHACA DUELO 490ML;;;;;N;;;;;;;;;;;;;;;P:\IMAGENS PRODUTOS\64.PNG;;;  ;;;;;N;;S;;;1;FOOD;;N;;;;;;;;;;;;;15;FERNANDO FREIRE;217;COMPRADOR - CRISTIANO;156;;11/11/2023 11:31:59;02/10/2025 11:22:43;11/11/2023 11:31:59;08/04/2015;;S;S;N;;A;B;;N;;;1,00;0,50;0,50;0,50;P;0,00;;;2,57;0,00;;0,00;21;;S;0;;;N;N;N;R;0,00;0,00;0,00;0,00;0,00;0,00;0,00;0,00;0,00;0,00;;0,00;0,00;N;N;;S;N;;;N;;;;N;;;;;S;0,00;;;N;N;;;;;N;;;;N;N;;0,00;0,00;;0,00;;0,00;0,00;0,00;0,00;0,00;0,00;0,00;0,00;;;;;;N;;0,00;;;;;;;;;N;N;;N;;;;0,00;N;N;N;;;;;N;;;;;S;S;N;E;;PA;1;1;;1;;0,00;;5,73;;1,00;N;0,00;;;;N;;;;N;;;;0,00;;;;;;;;;20/01/2018;;;;;;N;;20;;;N;;;;;;;;;1,00;100,00;;1;;;;V;N;;;;N;;;;;;;;;N;;;;;;;;;N;;;N;OM;;N;N;;;;N;N;N;;;0;;;;;;;;;N;;1,00;;U;;;;;N;N;N;0
65;BEB CACHACA 51 PIRASSUNUNGA 965ML;4218;GBS COMERCIO LTDA;15;BEB ALCOOLICA;1511;CANA E CACHACA;;;151101;CANA E CACHACA;;;L;OT;1UNX965ML;UN;UNIDADE;1,00;12X965ML;CX;CAIXA;12,00;1,00;1,44;22084000.;RUM E OUTRAS AGUARDENTES DE CANA;22084000;;13;14;13;7896002100014,00;17896002100011,00;7896002100014,00;57;5;65;BEB CACHACA 51 PIRASSUNUNGA 965ML;;65;BEB CACHACA 51 PIRASSUNUNGA 965ML;;;;;N;;;;;;;;;;;;;;;P:\IMAGENS PRODUTOS\65.JPG;;;  ;;;;;N;;S;;;1;FOOD;;N;;;;;;;;;;;;;15;FERNANDO FREIRE;217;COMPRADOR - CRISTIANO;1275;;30/04/2024;05/11/2025 14:20:11;03/11/2025 16:02:52;08/04/2015;;S;S;N;;A;A;;N;;;1,00;0,50;0,50;0,50;P;0,00;;;9,58;0,00;;0,00;21;;S;0;;;N;N;N;R;0,00;0,00;0,00;0,00;0,00;0,00;0,00;0,00;0,00;0,00;;0,00;0,00;N;N;;S;N;;;N;;;;N;;;;;S;0,00;;;N;N;;;;;N;;;;N;N;;0,00;0,00;;0,00;;0,00;0,00;0,00;0,00;0,00;0,00;0,00;0,00;;;;;;N;;0,00;;;;;;;;;N;N;;N;;;;0,00;N;N;N;;;;;N;;;;;S;S;N;E;;PA;1;1;14,00;1;;0,00;;17,33;;1,00;N;0,00;;;;N;;;;N;;;;0,00;;;;;;;;;;;;;;;N;;20;;;N;4,00;;;;;;;;1,00;56,00;;1;1;;;V;N;;;;N;;;;;;;;;N;;;;;;;;;N;;;N;OM;;N;N;;;;N;N;N;;;0;;;;;;;;;N;;1,00;;U;;;;;N;N;N;0
66;BEB CACHACA TATUZINHO 600ML;4218;GBS COMERCIO LTDA;15;BEB ALCOOLICA;1511;CANA E CACHACA;;;151101;CANA E CACHACA;;;L;OT;1UNX600ML;UN;UNIDADE;1,00;12X600ML;CX;CAIXA;12,00;1,00;1,05;22084000.;RUM E OUTRAS AGUARDENTES DE CANA;22084000;;13;14;13;7896050200094,00;17896050200091,00;7896050200094,00;66;3;66;BEB CACHACA TATUZINHO 600ML;;66;BEB CACHACA TATUZINHO 600ML;;;;;N;;;;;;;;;;;;;;;P:\IMAGENS PRODUTOS\66.JPG;;;  ;;;;;N;;S;;;1;FOOD;;N;;;;;;;;;;;;;15;FERNANDO FREIRE;177;ROSANE DUARTE DOS SANTOS;1275;;01/04/2024;10/11/2025 16:24:03;03/11/2025 16:12:29;08/04/2015;;S;S;N;;B;A;;N;;;1,00;0,50;0,50;0,50;P;0,00;;;6,08;0,00;;0,00;21;;S;0;;;N;N;N;R;0,00;0,00;0,00;0,00;0,00;0,00;0,00;0,00;0,00;0,00;;0,00;0,00;N;N;;S;N;;;N;;;;N;;;;;S;0,00;;;N;N;;;;;N;;;;N;N;;0,00;0,00;;0,00;;0,00;0,00;0,00;0,00;0,00;0,00;0,00;0,00;;;;;;N;;0,00;;;;;;;;;N;N;;N;;;;0,00;N;N;N;;;;;N;;;;;S;S;N;E;;PA;1;1;;1;;0,00;;12,63;;1,00;N;0,00;;;;N;;;;N;;;;0,00;;;;;;;;;;;;;;;N;;20;;;N;;;;;;;;;1,00;100,00;;1;;;;V;N;;;;N;;;;;;;;;N;;;;;;;;;N;;;N;OM;;N;N;;;;N;N;N;;;0;;;;;;;;;N;;1,00;;U;;;;;N;N;N;0
145;BISC TRIGOLINO SODA 400G;94;OCRIM SA PRODUTOS ALIMENTICIOS (FILIAL);22;LANCHE;2205;BISCOITO SALGADO;;;220506;BISCOITO SODA;;;L;OT;UNIDADE;UN;UNIDADE;1,00;CX C/ 10UN;CX;CAIXA;10,00;0,44;0,44;19059020.;BOLACHAS.;19059020;;13;14;13;7896593400920,00;17896593400927,00;7896593400920,00;145;7;145;BISC TRIGOLINO SODA 400G;;145;BISC TRIGOLINO SODA 400G;;;;;N;;;;;;;;;;;;;;;;;;FL;;;;;N;;S;;;;;;N;;;;;;;;;;;;;15;FERNANDO FREIRE;453;AMF CONSULTA;453;16/07/2019;27/12/2022 15:07:10;07/10/2025 10:04:44;27/12/2022 15:07:10;09/04/2015;;S;S;N;;C;C;;N;;;1,00;0,50;0,50;0,50;P;0,00;;;2,10;0,00;;0,00;21;;S;0;;;N;N;N;R;0,00;0,00;0,00;0,00;0,00;0,00;0,00;0,00;0,00;0,00;;0,00;0,00;N;N;;S;N;;;N;;;;N;;;;;S;0,00;;;N;N;;;;;N;;;;N;N;;0,00;0,00;;0,00;;0,00;0,00;0,00;0,00;0,00;0,00;0,00;0,00;;;;;;N;;0,00;;;;;;;;;N;N;;N;;;;0,00;N;N;N;;;;;N;;;;;S;S;N;E;;PA;1;1;;1;;0,00;;4,50;;1,00;N;0,00;;;;N;;;;N;;;;0,00;;;;;;;;;03/12/2017;;;;;;N;;;;;N;;;;;;;;;1,00;100,00;;1;;;;V;N;;;;N;;;;;;;;;N;;;;;;;;;N;;;N;OM;;N;N;;;;;N;N;;;0;;;;;;;;;N;;1,00;;U;;;;;N;N;N;0
146;BISC TRIGOLINO WAFER CHOCOLATE 115G;94;OCRIM SA PRODUTOS ALIMENTICIOS (FILIAL);22;LANCHE;2206;BISCOITO DOCE;;;220607;BISCOITO WAFER GRD;;;L;OT;UNIDADE;UN;UNIDADE;1,00;CX C/ 34UN;CX;CAIXA;34,00;0,13;0,13;19053200.;"BISCOITO WAFFER -'PREPARAC?ES A BASE DE CEREAIS, FARINHAS, AMIDOS, FECULAS OU DE LEITE; PRODUTOS DE PASTELARIA - PRODUTOS DE PADARIA, PASTELARIA OU DA INDUSTRIA DE BOLACHAS E BISCOITOS, MESMO ADICIONADOS DE CACAU; HOSTIAS, CAPSULAS VAZIAS PARA MEDICAMENTOS, OBREIAS, PASTAS SECAS DE FARINHA, AMIDO OU FECULA, EM FOLHAS, E PRODUTOS SEMELHANTES. - BOLACHAS E BISCOITOS, ADICIONADOS DE EDULCORANTES; WAFFLES E WAFERS: - WAFFLES E WAFERS";19053200;;13;14;13;7896593402412,00;27896593402416,00;7896593402412,00;00500567;5;146;BISC TRIGOLINO WAFER CHOCOLATE 115G;;146;BISC TRIGOLINO WAFER CHOCOLATE 115G;;;;;N;;;;;;;;;;;;;;;;;;  ;;;;;N;;S;;;;;;N;;;;;;;;;;;;;15;FERNANDO FREIRE;1275;BRUNO FREIRE DE SOUZA;1275;;27/03/2024 10:47:41;07/10/2025 10:04:44;27/03/2024 10:47:41;09/04/2015;;S;S;N;;C;C;;N;;;1,00;0,50;0,50;0,50;P;0,00;;;1,58;0,00;;0,00;21;;S;0;;;N;N;N;R;0,00;0,00;0,00;0,00;0,00;0,00;0,00;0,00;0,00;0,00;;0,00;0,00;N;N;;S;N;;;N;;;;N;;;;;S;0,00;;;N;N;;;;;N;;;;N;N;;0,00;0,00;;0,00;;0,00;0,00;0,00;0,00;0,00;0,00;0,00;0,00;;;;;;N;;0,00;;;;;;;;;N;N;;N;;;;0,00;N;N;N;;;;;N;;;;;N;S;N;E;;PA;1;1;;1;;0,00;;4,43;;1,00;N;0,00;;;;N;;;;N;;;;0,00;;;;;;;;;;;;;;;N;;20;;;N;;;;;;;;;1,00;100,00;;1;;;;V;N;;;;N;;;;;;;;;N;;;;;;;;;N;;;N;OM;;N;N;;;;N;N;N;;;0;;;;;;;;;N;;1,00;;U;;;;;N;N;N;0
147;BISC TRIGOLINO WAFER CHOCOLATE 30G;94;OCRIM SA PRODUTOS ALIMENTICIOS (FILIAL);22;LANCHE;2206;BISCOITO DOCE;;;220606;BISCOITO WAFER PEQ;;;L;OT;UNIDADE;UN;UNIDADE;1,00;CX C/ 60UN;CX;CAIXA;60,00;0,04;0,04;19053200.;"BISCOITO WAFFER -'PREPARAC?ES A BASE DE CEREAIS, FARINHAS, AMIDOS, FECULAS OU DE LEITE; PRODUTOS DE PASTELARIA - PRODUTOS DE PADARIA, PASTELARIA OU DA INDUSTRIA DE BOLACHAS E BISCOITOS, MESMO ADICIONADOS DE CACAU; HOSTIAS, CAPSULAS VAZIAS PARA MEDICAMENTOS, OBREIAS, PASTAS SECAS DE FARINHA, AMIDO OU FECULA, EM FOLHAS, E PRODUTOS SEMELHANTES. - BOLACHAS E BISCOITOS, ADICIONADOS DE EDULCORANTES; WAFFLES E WAFERS: - WAFFLES E WAFERS";19053200;;13;14;13;7896593402429,00;17896593402426,00;7896593402429,00;00500519;3;147;BISC TRIGOLINO WAFER CHOCOLATE 30G;;147;BISC TRIGOLINO WAFER CHOCOLATE 30G;;;;;N;;;;;;;;;;;;;;;P:\BRUUUUUNO\147 N.JPG;;;  ;;;;;N;;S;;;;;;N;;;;;;;;;;;;;15;FERNANDO FREIRE;177;ROSANE DUARTE DOS SANTOS;1275;;13/02/2025;19/11/2025 11:09:00;27/12/2024 09:46:17;09/04/2015;;S;S;N;;C;C;;N;;;1,00;0,50;0,50;0,50;P;0,00;;;0,54;0,00;;0,00;21;;S;0;;;N;N;N;R;0,00;0,00;0,00;0,00;0,00;0,00;0,00;0,00;0,00;0,00;;0,00;0,00;N;N;;S;N;;;N;;;;N;;;;;S;0,00;;;N;N;;;;;N;;;;N;N;;0,00;0,00;;0,00;;0,00;0,00;0,00;0,00;0,00;0,00;0,00;0,00;;;;;;N;;0,00;;;;;;;;;N;N;;N;;;;0,00;N;N;N;;;;;N;;;;;S;S;N;E;;PA;1;1;;1;;0,00;;2,10;;1,00;N;0,00;;;;N;;;;N;;S;;0,00;;;;;;;;;30/06/2017;;;;;;N;;20;;;N;;;;;;;;;1,00;100,00;;1;;;;V;N;;;;N;;;;;;;;;N;;;;;;;;;N;;;N;OM;;N;N;;;;N;N;N;;;0;;;;;;;;;N;;1,00;;U;;;;;N;N;N;0
148;BISC TRIGOLINO WAFER MORANGO 115G;94;OCRIM SA PRODUTOS ALIMENTICIOS (FILIAL);22;LANCHE;2206;BISCOITO DOCE;;;220607;BISCOITO WAFER GRD;;;L;OT;UNIDADE;UN;UNIDADE;1,00;CX C/ 34UN;CX;CAIXA;34,00;0,13;0,13;19053200.;"BISCOITO WAFFER -'PREPARAC?ES A BASE DE CEREAIS, FARINHAS, AMIDOS, FECULAS OU DE LEITE; PRODUTOS DE PASTELARIA - PRODUTOS DE PADARIA, PASTELARIA OU DA INDUSTRIA DE BOLACHAS E BISCOITOS, MESMO ADICIONADOS DE CACAU; HOSTIAS, CAPSULAS VAZIAS PARA MEDICAMENTOS, OBREIAS, PASTAS SECAS DE FARINHA, AMIDO OU FECULA, EM FOLHAS, E PRODUTOS SEMELHANTES. - BOLACHAS E BISCOITOS, ADICIONADOS DE EDULCORANTES; WAFFLES E WAFERS: - WAFFLES E WAFERS";19053200;;13;14;13;7896593402436,00;27896593402430,00;7896593402436,00;00500568;1;146;BISC TRIGOLINO WAFER CHOCOLATE 115G;;146;BISC TRIGOLINO WAFER CHOCOLATE 115G;;;;;N;;;;;;;;;;;;;;;;;;  ;;;;;N;;S;;;;;;N;;;;;;;;;;;;;15;FERNANDO FREIRE;1275;BRUNO FREIRE DE SOUZA;1275;;27/03/2024 10:48:15;07/10/2025 10:04:44;27/03/2024 10:48:15;09/04/2015;;S;S;N;;C;C;;N;;;1,00;0,50;0,50;0,50;P;0,00;;;1,58;0,00;;0,00;21;;S;0;;;N;N;N;R;0,00;0,00;0,00;0,00;0,00;0,00;0,00;0,00;0,00;0,00;;0,00;0,00;N;N;;S;N;;;N;;;;N;;;;;S;0,00;;;N;N;;;;;N;;;;N;N;;0,00;0,00;;0,00;;0,00;0,00;0,00;0,00;0,00;0,00;0,00;0,00;;;;;;N;;0,00;;;;;;;;;N;N;;N;;;;0,00;N;N;N;;;;;N;;;;;N;S;N;E;;PA;1;1;;1;;0,00;;4,43;;1,00;N;0,00;;;;N;;;;N;;;;0,00;;;;;;;;;;;;;;;N;;20;;;N;;;;;;;;;1,00;100,00;;1;;;;V;N;;;;N;;;;;;;;;N;;;;;;;;;N;;;N;OM;;N;N;;;;N;N;N;;;0;;;;;;;;;N;;1,00;;U;;;;;N;N;N;0
149;BISC TRIGOLINO WAFER MORANGO 30G;94;OCRIM SA PRODUTOS ALIMENTICIOS (FILIAL);22;LANCHE;2206;BISCOITO DOCE;;;220606;BISCOITO WAFER PEQ;;;L;OT;UNIDADE;UN;UNIDADE;1,00;CX C/ 60UN;CX;CAIXA;60,00;0,04;0,04;19053200.;"BISCOITO WAFFER -'PREPARAC?ES A BASE DE CEREAIS, FARINHAS, AMIDOS, FECULAS OU DE LEITE; PRODUTOS DE PASTELARIA - PRODUTOS DE PADARIA, PASTELARIA OU DA INDUSTRIA DE BOLACHAS E BISCOITOS, MESMO ADICIONADOS DE CACAU; HOSTIAS, CAPSULAS VAZIAS PARA MEDICAMENTOS, OBREIAS, PASTAS SECAS DE FARINHA, AMIDO OU FECULA, EM FOLHAS, E PRODUTOS SEMELHANTES. - BOLACHAS E BISCOITOS, ADICIONADOS DE EDULCORANTES; WAFFLES E WAFERS: - WAFFLES E WAFERS";19053200;;13;14;13;7896593402443,00;17896593402440,00;7896593402443,00;00500518;0;147;BISC TRIGOLINO WAFER CHOCOLATE 30G;;147;BISC TRIGOLINO WAFER CHOCOLATE 30G;;;;;N;;;;;;;;;;;;;;;P:\BRUUUUUNO\149 N.JPG;;;  ;;;;;N;;S;;;;;;N;;;;;;;;;;;;;15;FERNANDO FREIRE;177;ROSANE DUARTE DOS SANTOS;1275;;29/06/2024 10:28:54;19/11/2025 11:09:00;29/06/2024 10:28:54;09/04/2015;;S;S;N;;C;C;;N;;;1,00;0,50;0,50;0,50;P;0,00;;;0,54;0,00;;0,00;21;;S;0;;;N;N;N;R;0,00;0,00;0,00;0,00;0,00;0,00;0,00;0,00;0,00;0,00;;0,00;0,00;N;N;;S;N;;;N;;;;N;;;;;S;0,00;;;N;N;;;;;N;;;;N;N;;0,00;0,00;;0,00;;0,00;0,00;0,00;0,00;0,00;0,00;0,00;0,00;;;;;;N;;0,00;;;;;;;;;N;N;;N;;;;0,00;N;N;N;;;;;N;;;;;S;S;N;E;;PA;1;1;;1;;0,00;;2,10;;1,00;N;0,00;;;;N;;;;N;;S;;0,00;;;;;;;;;10/05/2017;;;;;;N;;20;;;N;;;;;;;;;1,00;100,00;;1;;;;V;N;;;;N;;;;;;;;;N;;;;;;;;;N;;;N;OM;;N;N;;;;N;N;N;;;0;;;;;;;;;N;;1,00;;U;;;;;N;N;N;0
29716;ABS NAT MAX NOT LONGO S/ABAS C/10;1457;M C F RODRIGUES DE ANDRADE DIST IMPORT EXP DE ALIM EIRELI;27;HIGIENE PESSOAL;2703;HIGIENE INTIMA ADULTA;;;270307;ABSORVENTE COM ABAS PREMIUM;;;L;OT;1UNX1UN;UN;UNIDADE;1,00;1UNX1UN;UN;UNIDADE;1,00;1,00;1,00;96190000.;"ABSORVENTES/FRALDAS/SEMELHS.DE PASTA DE PAPEL
";96190000;;13;0;13;7896064443180,00;0,00;7896064443180,00;;0;29716;ABS NAT MAX NOT LONGO S/ABAS C/10;;29716;ABS NAT MAX NOT LONGO S/ABAS C/10;;;;;N;;;;;;;;;;;;;;;;;;  ;;;;;N;;S;;;;;;N;;;;;;;;;;;;;150;NAYRON ARAUJO RODRIGUES DOS SANTOS;1275;BRUNO FREIRE DE SOUZA;453;;01/03/2023 15:48:09;06/06/2025 14:59:51;01/03/2023 15:48:08;26/08/2022;;S;N;N;;;;;N;;;1,00;0,50;0,50;0,50;P;0,00;;;4,11;0,00;;0,00;28;;N;0;;;N;N;N;R;0,00;0,00;0,00;0,00;0,00;0,00;0,00;0,00;0,00;0,00;;0,00;0,00;N;N;;S;N;;;N;;;;N;;;;;S;0,00;;;N;N;;;;;N;;;;N;N;;0,00;0,00;;0,00;;0,00;0,00;0,00;0,00;0,00;0,00;0,00;0,00;;;;;;N;;0,00;;;;;;;;;N;N;;N;;;;0,00;N;N;S;;;;;N;;;;;N;S;N;E;;PA;1;1;;1;;;;;;;N;0,00;;;;N;;;;N;;;;0,00;;;;;;;;;;;;;;;N;;20;;;N;;;;;;;;;1,00;1,00;;1;;;;V;N;;;;N;;;;;;;;;N;;;;;;;;;N;;;N;OM;;N;N;;;;;N;N;;;0;;;;;;;;;N;;1,00;;U;;;;;N;N;N;0
150;CAFE MARATA ALMOFADA 100G;818;INDUSTRIAS ALIMENTICIAS MARATA LTDA - CPN (PA);25;MATINAL;2501;CAFE;;;250101;CAFE ALMOFADA 100GR;;;L;OT;UNIDADE;UN;UNIDADE;1,00;FD C/ 50UN;FD;FARDO;50,00;0,10;0,10;09012100.;"CAFE TORRADO,NAO DESCAFEINADO
";09012100;;13;14;13;7898286200053,00;27898286200057,00;7898286200053,00;3000000000;3;150;CAFE MARATA ALMOFADA 100G;;150;CAFE MARATA ALMOFADA 100G;;;;;N;;;;;;;;;;;;;;;P:\BRUUUUUNO\150.PNG;;;  ;;;;;N;;S;;;;;;N;;;;;;;;;;;;;15;FERNANDO FREIRE;217;COMPRADOR - CRISTIANO;217;;18/06/2025;03/11/2025 09:13:15;04/12/2024 10:19:57;09/04/2015;;S;S;N;;A;A;;N;;;1,00;0,50;0,50;0,50;P;0,00;;;5,59;0,00;;0,00;21;;S;0;;;N;N;N;R;0,00;0,00;0,00;0,00;0,00;0,00;0,00;0,00;0,00;0,00;;0,00;0,00;N;N;;S;N;;;N;;;;N;;;;;S;0,00;;;N;N;;;;;S;;;;N;N;;0,00;0,00;;0,00;;0,00;0,00;0,00;0,00;0,00;0,00;0,00;0,00;;;;;;N;;0,00;;;;;;;;;N;N;;N;;;;0,00;N;N;N;;;;;N;;;;;S;S;N;E;;PA;1;1;1,00;1;;0,00;;5,20;;1,00;N;0,00;;;;N;;;;N;;S;;0,00;;;;;;;;;11/10/2017;;;;;;N;;20;;;N;1,00;;;;;;;;1,00;1,00;;1;1;;;V;N;;;;N;;;;;;;;;N;;;;;;;;;N;;;N;OM;;N;N;;;;N;N;N;;;0;;;;;;;;;N;;1,00;;U;;;;;N;N;N;0
151;CAFE MARATA ALMOFADA 250G;818;INDUSTRIAS ALIMENTICIAS MARATA LTDA - CPN (PA);25;MATINAL;2501;CAFE;;;250102;CAFE ALMOFADA 250GR;;;L;OT;UNIDADE;UN;UNIDADE;1,00;FD C/ 20UN;FD;FARDO;20,00;0,26;0,26;09012100.;"CAFE TORRADO,NAO DESCAFEINADO
";09012100;;13;14;13;7898286200060,00;27898286200064,00;7898286200060,00;3000000001;1;151;CAFE MARATA ALMOFADA 250G;;151;CAFE MARATA ALMOFADA 250G;;;;;N;;;;;;;;;;;;;;;P:\BRUUUUUNO\151.PNG;;;  ;;;;;N;;S;;;1;FOOD;;N;;;;;;;;;;;;;15;FERNANDO FREIRE;1275;BRUNO FREIRE DE SOUZA;217;;18/06/2025;24/11/2025 17:03:46;16/09/2025 20:55:20;09/04/2015;;S;S;N;;A;A;;N;;;1,00;0,50;0,50;0,50;P;0,00;;;14,39;0,00;;0,00;21;;S;0;;;N;N;N;R;0,00;0,00;0,00;0,00;0,00;0,00;0,00;0,00;0,00;0,00;;0,00;0,00;N;N;;S;N;;;N;;;;N;;;;;S;0,00;;;N;N;;;;;S;;;;N;N;;0,00;0,00;;0,00;;0,00;0,00;0,00;0,00;0,00;0,00;0,00;0,00;;;;;;N;;0,00;;;;;;;;;N;N;;N;;;;0,00;N;N;N;;;;;N;;;;;S;S;N;E;;PA;1;1;1,00;1;;0,00;;5,16;;1,00;N;0,00;;;;N;;;;N;;S;;0,00;;;;;;;;;12/10/2017;;;;;;N;;20;;;N;1,00;;;;;;;;1,00;1,00;;1;1;;;V;N;;;;N;;;;;;;;;N;;;;;;;;;N;;;N;OM;;N;N;;;;N;N;N;;;0;;;;;;;;;N;;1,00;;U;;;;;N;N;N;0
152;CAFE MARATA VACUO 250G;818;INDUSTRIAS ALIMENTICIAS MARATA LTDA - CPN (PA);25;MATINAL;2501;CAFE;;;250103;CAFE VACUO 250GR;;;L;OT;UNIDADE;UN;UNIDADE;1,00;CX C/ 20UN;CX;CAIXA;20,00;0,25;0,27;09012100.;"CAFE TORRADO,NAO DESCAFEINADO
";09012100;;13;0;13;7898286200039,00;17898286200036,00;7898286200039,00;3000000002;0;151;CAFE MARATA ALMOFADA 250G;;151;CAFE MARATA ALMOFADA 250G;;;;;N;;;;;;;;;;;;;;;P:\BRUUUUUNO\152.PNG;;;  ;;;;;N;;S;;;1;FOOD;;N;;;;;;;;;;;;;15;FERNANDO FREIRE;217;COMPRADOR - CRISTIANO;217;;28/02/2025 09:49:59;03/11/2025 09:51:27;16/09/2025 20:57:44;09/04/2015;;S;S;N;;A;A;;N;;;1,00;0,50;0,50;0,50;P;0,00;;;13,89;0,00;;0,00;21;;S;0;;;N;N;N;R;0,00;0,00;0,00;0,00;0,00;0,00;0,00;0,00;0,00;0,00;;0,00;0,00;N;N;;S;N;;;N;;;;N;;;;;S;0,00;;;N;N;;;;;S;;;;N;N;;0,00;0,00;;0,00;;0,00;0,00;0,00;0,00;0,00;0,00;0,00;0,00;;;;;;N;;0,00;;;;;;;;;N;N;;N;;;;0,00;N;N;N;;;;;N;;;;;S;S;N;E;;PA;1;1;1,00;1;;0,00;;5,40;;1,00;N;0,00;;;;N;;;;N;;S;;0,00;;;;;;;;;23/03/2018;;;;;;N;;20;;;N;1,00;;;;;;;;1,00;1,00;;1;1;;;V;N;;;;N;;;;;;;;;N;;;;;;;;;N;;;N;OM;;N;N;;;;N;N;N;;;0;;;;;;;;;N;;1,00;;U;;;;;N;N;N;0
162;CATCHUP TAMBAU 100% NORD TRAD SH 190G;111;TAMBAU INDUSTRIA ALIMENTICIA LTDA;17;CONDIMENTO E TEMPERO;1719;CATCHUP;;;171901;CATCHUP;;;L;OT;1UNX190GR;UN;UNIDADE;1,00;CX C/ 24UN;CX;CAIXA;24,00;0,23;0,23;21032010.;"KETCHUP E OUTROS MOLHOS DE TOMATE,EMBAL.IMEDIAT.P<=1KG
";21032010;;13;14;13;7896945402893,00;17896945402890,00;7896945402893,00;0203002;7;162;CATCHUP TAMBAU 100% NORD TRAD SH 190G;;162;CATCHUP TAMBAU 100% NORD TRAD SH 190G;;;;;N;;;;;;;;;;;;;;;;;;FL;;;;;N;;S;;;;;;N;;;;;;;;;;;;;15;FERNANDO FREIRE;453;AMF CONSULTA;453;16/12/1992;31/10/2022 15:29:00;07/05/2025 13:45:00;31/10/2022 15:29:00;09/04/2015;;S;S;N;;C;C;;N;;;1,00;0,50;0,50;0,50;P;0,00;;;1,35;0,00;;0,00;21;;S;0;3;AMF ATACAREJO LTDA;N;N;N;R;0,00;0,00;0,00;0,00;0,00;0,00;0,00;0,00;0,00;0,00;;0,00;0,00;N;N;;S;N;;;N;;;;N;;;;;S;0,00;;;N;N;;;;;N;;;;N;N;;0,00;0,00;;0,00;;0,00;0,00;0,00;0,00;0,00;0,00;0,00;0,00;;;;;;N;;0,00;;;;;;;;;N;N;;N;;;;0,00;N;N;N;;;;;N;;;;;S;S;N;E;540;PA;1;1;;1;;0,00;;5,40;;;N;0,00;;;;N;;;;N;;;;0,00;;;;;;;;;01/09/2017;;;;100,00;60,00;N;;;;;N;;;;;;;;;1,00;100,00;;1;;;;V;N;324;;;N;;;;;;;;;N;;;;;;;;;N;;;N;OM;;N;N;;;;;N;N;;;0;;;;;;;;;N;;1,00;;U;;;;;N;N;N;0
163;CHARQUE ANHANGUERA PA TRAD 5KG;41;FRIGORIFICO VILHENA LTDA;26;PERECIVEL;2601;CHARQUE;;;260101;CHARQUE PECA 5KG;;;L;OT;5KG;PC;PACOTE;1,00;CX C/ 06PC;CX;CAIXA;6,00;5,01;5,01;02102000.;CARNES BOVINAS,SALGADAS,SECAS OU DEFUMS.;02102000;;13;14;13;7898937001589,00;78989370015891,00;7898937001589,00;;5;163;CHARQUE ANHANGUERA PA TRAD 5KG;;163;CHARQUE ANHANGUERA PA TRAD 5KG;;;;;N;;;;;;;;;;;;;;;;;;FL;;;;;N;;S;;;;;;N;;;;;;;;;;;;;15;FERNANDO FREIRE;453;AMF CONSULTA;453;03/11/2020 09:30:35;17/08/2022 16:51:32;07/05/2025 13:45:00;17/08/2022 16:51:32;09/04/2015;;S;S;N;;C;C;;N;;;1,00;0,50;0,50;0,50;P;0,00;;;70,00;0,00;;0,00;21;;N;0;;;N;N;N;R;0,00;0,00;0,00;0,00;0,00;0,00;0,00;0,00;0,00;0,00;;0,00;0,00;N;N;;S;N;;;N;;;;N;;;;;S;0,00;;;N;N;;;;;S;;;;N;N;;0,00;0,00;;0,00;;0,00;0,00;0,00;0,00;0,00;0,00;0,00;0,00;;;;;;N;;0,00;;;;;;;;;N;N;;N;;;;0,00;N;N;N;;;;;N;;;;;S;S;N;E;;PA;1;1;;1;;0,01;;31,96;;1,00;N;0,00;;;;N;;;;N;;;;0,00;;;;;;;;;;;;;;;N;;;;;N;;;;;;;;;1,00;100,00;;1;;;;V;N;;;;N;;;;;;;;;N;;;;;;;;;N;;;N;OM;;N;N;;;;;N;N;;;0;;;;;;;;;N;;1,00;;U;;;;;N;N;N;0
164;CHARQUE FAVORITO PA J BEEF 5KG;39;FAVORITO COMERCIO E INDUSTRIA DE CARNES LTDA;26;PERECIVEL;2601;CHARQUE;;;260101;CHARQUE PECA 5KG;;;L;OT;5KG;PC;PACOTE;1,00;CX C/ 06PC;CX;CAIXA;6,00;5,00;5,28;02102000.;CARNES BOVINAS,SALGADAS,SECAS OU DEFUMS.;02102000;;13;14;13;7897046900172,00;57897046900177,00;7897046900172,00;2;3;164;CHARQUE FAVORITO PA J BEEF 5KG;;164;CHARQUE FAVORITO PA J BEEF 5KG;;;;;N;;;;;;;;;;;;;;;P:\BRUUUUUNO\164.PNG;;;  ;;;;;N;;S;;;1;FOOD;;N;;;;;;;;;;;;;15;FERNANDO FREIRE;217;COMPRADOR - CRISTIANO;217;;31/01/2025 13:54:35;14/11/2025 20:51:47;14/11/2025 20:51:47;09/04/2015;;S;S;S;;A;A;;N;;;1,00;0,50;0,50;0,50;P;0,00;;;147,50;0,00;;0,00;21;;S;0;;;N;N;N;R;0,00;0,00;0,00;0,00;0,00;0,00;0,00;0,00;0,00;0,00;;0,00;0,00;N;N;;S;N;;;N;;;;N;;;;;S;0,00;;;N;N;;;;;S;;;;N;N;;0,00;0,00;;0,00;;0,00;0,00;0,00;0,00;0,00;0,00;0,00;0,00;;;;;;N;;0,00;;;;;;;;;N;N;;N;;;;0,00;N;N;N;;;;;N;;;;;S;S;N;E;;PA;1;1;;1;;0,01;;31,70;;1,00;N;0,00;;;;N;;;;N;;S;;0,00;;;;;;;;;;;;;;;N;;20;;;N;;;;;;;;;1,00;100,00;;1;;;;V;N;;;;N;;;;;;;;;N;;;;;;;;;N;;;N;OM;;N;N;;;;N;N;N;;;0;;;;;;;;;N;;1,00;;U;;;;;N;N;N;0
165;CHARQUE FRIBOI PA J BEEF 5KG;65;JBS S/A (SP);26;PERECIVEL;2601;CHARQUE;;;260101;CHARQUE PECA 5KG;;;L;OT;5KG;PC;PACOTE;1,00;CX C/ 06PC;CX;CAIXA;6,00;5,12;5,12;02102000.;CARNES BOVINAS,SALGADAS,SECAS OU DEFUMS.;02102000;;13;14;13;7898542029916,00;17898542029916,00;7898542029916,00;165;1;165;CHARQUE FRIBOI PA J BEEF 5KG;;165;CHARQUE FRIBOI PA J BEEF 5KG;;;;;N;;;;;;;;;;;;;;;;;;FL;;;;;N;;N;;;;;;N;;;;;;;;;;;;;15;FERNANDO FREIRE;453;AMF CONSULTA;453;15/12/1992;17/08/2022 16:58:15;07/05/2025 13:45:00;17/08/2022 16:58:15;09/04/2015;;S;S;N;;C;;;N;;;1,00;0,50;0,50;0,50;P;0,00;;;0,00;0,00;;0,00;21;;N;0;;;N;N;N;R;0,00;0,00;0,00;0,00;0,00;0,00;0,00;0,00;0,00;0,00;;0,00;0,00;N;N;;S;N;;;N;;;;N;;;;;S;0,00;;;N;N;;;;;S;;;;N;N;;0,00;0,00;;0,00;;0,00;0,00;0,00;0,00;0,00;0,00;0,00;0,00;;;;;;N;;0,00;;;;;;;;;N;N;;N;;;;;N;N;N;;;;;N;;;;;N;S;N;E;;PA;1;1;;1;;;;;;;N;0,00;;;;N;;;;N;;;;;;;;;;;;;;;;;;;N;;;;;N;;;;;;;;;1,00;100,00;;1;;;;V;N;;;;N;;;;;;;;;N;;;;;;;;;N;;;N;OM;;N;N;;;;;N;N;;;0;;;;;;;;;N;;1,00;;U;;;;;N;N;N;0
166;CHARQUE FRINENSE PA J BEEF 5KG;42;FRINENSE ALIMENTOS LTDA;26;PERECIVEL;2601;CHARQUE;;;260101;CHARQUE PECA 5KG;;;L;OT;5KG;PC;PACOTE;1,00;CX C/ 06PC;CX;CAIXA;6,00;5,02;5,02;02102000.;CARNES BOVINAS,SALGADAS,SECAS OU DEFUMS.;02102000;;13;14;13;7898044481014,00;37898044481015,00;7898044481014,00;130250-0;0;166;CHARQUE FRINENSE PA J BEEF 5KG;;166;CHARQUE FRINENSE PA J BEEF 5KG;;;;;N;;;;;;;;;;;;;;;;1;DISTRIBUIDORA FREITAS LOPES LTDA;  ;;;;;N;;S;;;;;;N;;;;;;;;;;;;;15;FERNANDO FREIRE;107;MARCOS ANTONIO ESPINDOLA FRANCA;217;;11/07/2024 14:09:17;06/06/2025 14:59:51;11/07/2024 14:09:17;09/04/2015;;S;S;N;;C;C;;N;;;1,00;0,50;0,50;0,50;P;0,00;;;105,00;0,00;;0,00;21;;S;0;;;N;N;N;R;0,00;0,00;0,00;0,00;0,00;0,00;0,00;0,00;0,00;0,00;;0,00;0,00;N;N;;S;N;;;N;;;;N;;;;;S;0,00;;;N;N;;;;;S;;;;N;N;;0,00;0,00;;0,00;;0,00;0,00;0,00;0,00;0,00;0,00;0,00;0,00;;0,00;;;;N;;0,00;;;;;;;;;N;N;;N;;;;0,00;N;N;N;;;;;N;;;;;S;S;N;E;;PA;1;1;;1;;0,00;;30,12;;1,00;N;0,00;;;;N;;;;N;;S;;0,00;;;;;;;;;;;;;;;N;;20;;;N;;;;;;;;;1,00;100,00;;1;;;;V;N;;;;N;;;;;;;;;N;;;;;;;;;N;;;N;OM;;N;N;;;;N;N;N;;;0;;;;;;;;;N;;1,00;;U;;;1;;N;N;N;0
167;CHARQUE JS PA TRADICIONAL 30KG;54;INDUSTRIA E COMERCIO DE CHARQUE JS LTDA;26;PERECIVEL;2601;CHARQUE;;;260104;CHARQUE PECA 30KG;;;L;OT;30KG;PC;PACOTE;1,00;CX C/ 01PC;CX;CAIXA;1,00;30,51;30,51;02102000.;CARNES BOVINAS,SALGADAS,SECAS OU DEFUMS.;02102000;;13;14;13;7898936111012,00;17898936111019,00;7898936111012,00;0001;;167;CHARQUE JS PA TRADICIONAL 30KG;;167;CHARQUE JS PA TRADICIONAL 30KG;;;;;N;;;;;;;;;;;;;;;;;;  ;;;;;N;;S;;;;;;N;;;;;;;;;;;;;15;FERNANDO FREIRE;217;COMPRADOR - CRISTIANO;217;;24/04/2025;24/11/2025 15:44:26;13/08/2025 15:51:05;09/04/2015;;S;S;N;;C;C;;N;;;1,00;0,50;0,50;0,50;P;0,00;;;1080,00;0,00;;0,00;21;;N;0;;;N;N;N;R;0,00;0,00;0,00;0,00;0,00;0,00;0,00;0,00;0,00;0,00;;0,00;0,00;N;N;;S;N;;;N;;;;N;;;;;S;0,00;;;N;N;;;;;S;;;;N;N;;0,00;0,00;;0,00;;0,00;0,00;0,00;0,00;0,00;0,00;0,00;0,00;;;;;;N;;0,00;;;;;;;;;N;N;;N;;;;0,00;N;N;N;;;;;N;;;;;S;S;N;E;;PA;1;1;;1;;0,04;;30,51;;1,00;N;0,00;;;;N;;;;N;;;;0,00;;;;;;;;;;;;;;;N;;20;;;N;;;;;;;;;1,00;100,00;;1;;;;V;N;;;;N;;;;;;;;;N;;;;;;;;;N;;;N;OM;;N;N;;;;N;N;N;;;0;;;;;;;;;N;;1,00;;U;;;;;N;N;N;0
168;CHARQUE JS PA TRADICIONAL 5KG;54;INDUSTRIA E COMERCIO DE CHARQUE JS LTDA;26;PERECIVEL;2601;CHARQUE;;;260101;CHARQUE PECA 5KG;;;L;OT;5KG;PC;PACOTE;1,00;CX C/ 06PC;CX;CAIXA;6,00;5,12;5,12;02102000.;CARNES BOVINAS,SALGADAS,SECAS OU DEFUMS.;02102000;;13;14;13;7898936111029,00;17898936111026,00;7898936111029,00;0002;;168;CHARQUE JS PA TRADICIONAL 5KG;;168;CHARQUE JS PA TRADICIONAL 5KG;;;;;N;;;;;;;;;;;;;;;;;;  ;;;;;N;;S;;;;;;N;;;;;;;;;;;;;15;FERNANDO FREIRE;265;GILBERTO PINHEIRO GUIMARAES;217;;18/12/2024 10:36:59;03/09/2025 11:22:53;18/12/2024 10:36:59;09/04/2015;;S;S;N;;C;C;;N;;;1,00;0,50;0,50;0,50;P;0,00;;;175,00;0,00;;0,00;21;;N;0;;;N;N;N;R;0,00;0,00;0,00;0,00;0,00;0,00;0,00;0,00;0,00;0,00;;0,00;0,00;N;N;;S;N;;;N;;;;N;;;;;S;0,00;;;N;N;;;;;S;;;;N;N;;0,00;0,00;;0,00;;0,00;0,00;0,00;0,00;0,00;0,00;0,00;0,00;;;;;;N;;0,00;;;;;;;;;N;N;;N;;;;0,00;N;N;N;;;;;N;;;;;S;S;N;E;;PA;1;1;;1;;0,01;;30,70;;1,00;N;0,00;;;;N;;;;N;;S;;0,00;;;;;;;;;;;;;;;N;;20;;;N;;;;;;;;;1,00;100,00;;1;;;;V;N;;;;N;;;;;;;;;N;;;;;;;;;N;;;N;OM;;N;N;;;;N;N;N;;;0;;;;;;;;;N;;1,00;;U;;;;;N;N;N;0
169;CHARQUE KADAO PA J BEEF 5KG;70;KADAO INDUSTRIA DE ALIMENTOS LTDA;26;PERECIVEL;2601;CHARQUE;;;260101;CHARQUE PECA 5KG;;;L;OT;5KG;PC;PACOTE;1,00;CX C/ 06PC;CX;CAIXA;6,00;5,21;5,21;02102000.;CARNES BOVINAS,SALGADAS,SECAS OU DEFUMS.;02102000;;13;14;13;7898945570862,00;17898945570333,00;7898945570862,00;033-0;4;169;CHARQUE KADAO PA J BEEF 5KG;;169;CHARQUE KADAO PA J BEEF 5KG;;;;;N;;;;;;;;;;;;;;;P:\BRUUUUUNO\169.JPG;;;  ;;;;;N;;S;;;;;;N;;;;;;;;;;;;;15;FERNANDO FREIRE;265;GILBERTO PINHEIRO GUIMARAES;217;;20/11/2024 13:39:52;06/06/2025 14:59:51;20/11/2024 13:39:52;09/04/2015;;S;S;N;;C;A;;N;;;1,00;0,50;0,50;0,50;P;0,00;;;140,00;0,00;;0,00;21;;S;0;;;N;N;N;R;0,00;0,00;0,00;0,00;0,00;0,00;0,00;0,00;0,00;0,00;;0,00;0,00;N;N;;S;N;;;N;;;;N;;;;;S;0,00;;;N;N;;;;;S;;;;N;N;;0,00;0,00;;0,00;;0,00;0,00;0,00;0,00;0,00;0,00;0,00;0,00;;;;;;N;;0,00;;;;;;;;;N;N;;N;;;;0,00;N;N;N;;;;;N;;;;;S;S;N;E;;PA;1;1;;1;;0,01;;31,24;;1,00;N;0,00;;;;N;;;;N;;S;;0,00;;;;;;;;;;;;;;;N;;20;;;N;;;;;;;;;1,00;100,00;;1;;;;V;N;;;;N;;;;;;;;;N;;;;;;;;;N;;;N;OM;;N;N;;;;N;N;N;;;0;;;;;;;;;N;;1,00;;U;;;;;N;N;N;0
170;CHARQUE PALATARE PA J BEEF 5KG;86;MFB MARFRIG FRIGORIFICOS BRASIL S/A (GO);26;PERECIVEL;2601;CHARQUE;;;260101;CHARQUE PECA 5KG;;;L;OT;5KG;PC;PACOTE;1,00;CX C/ 06PC;CX;CAIXA;6,00;5,12;5,12;02102000.;CARNES BOVINAS,SALGADAS,SECAS OU DEFUMS.;02102000;;13;14;13;100138,00;100138,00;100138,00;170;8;170;CHARQUE PALATARE PA J BEEF 5KG;;170;CHARQUE PALATARE PA J BEEF 5KG;;;;;N;;;;;;;;;;;;;;;;;;FL;;;;;N;;N;;;;;;N;;;;;;;;;;;;;15;FERNANDO FREIRE;453;AMF CONSULTA;453;18/08/2015;17/08/2022 16:58:22;07/05/2025 13:45:00;17/08/2022 16:58:22;09/04/2015;;S;S;N;;C;;;N;;;1,00;0,50;0,50;0,50;P;0,00;;;0,00;0,00;;0,00;21;;N;0;;;N;N;N;R;0,00;0,00;0,00;0,00;0,00;0,00;0,00;0,00;0,00;0,00;;0,00;0,00;N;N;;S;N;;;N;;;;N;;;;;S;0,00;;;N;N;;;;;S;;;;N;N;;0,00;0,00;;0,00;;0,00;0,00;0,00;0,00;0,00;0,00;0,00;0,00;;;;;;N;;0,00;;;;;;;;;N;N;;N;;;;;N;N;N;;;;;N;;;;;N;S;N;E;;PA;1;1;;1;;;;;;;N;0,00;;;;N;;;;N;;;;;;;;;;;;;;;;;;;N;;;;;N;;;;;;;;;1,00;100,00;;1;;;;V;N;;;;N;;;;;;;;;N;;;;;;;;;N;;;N;OM;;N;N;;;;;N;N;;;0;;;;;;;;;N;;1,00;;U;;;;;N;N;N;0
171;CHARQUE PRINCESA PA J BEEF 5KG;42;FRINENSE ALIMENTOS LTDA;26;PERECIVEL;2601;CHARQUE;86;PRINCESA TERCEIRIZADO;260101;CHARQUE PECA 5KG;;;BC;OT;5KG;PC;PACOTE;1,00;CX C/ 06PC;CX;CAIXA;6,00;5,28;5,28;02102000.;CARNES BOVINAS,SALGADAS,SECAS OU DEFUMS.;02102000;;13;14;13;7898044484060,00;77898044484069,00;7898044484060,00;560010-0;6;171;CHARQUE PRINCESA PA J BEEF 5KG;;171;CHARQUE PRINCESA PA J BEEF 5KG;;;;;N;;;;;;;;;;;;;;;;;;  ;;;;;N;;S;;;;;;N;;;;;;;;;;;;;15;FERNANDO FREIRE;265;GILBERTO PINHEIRO GUIMARAES;217;;21/11/2024 14:15:12;06/06/2025 14:59:51;21/11/2024 14:15:12;09/04/2015;;S;S;N;;C;A;;N;;;1,00;0,50;0,50;0,50;P;0,00;;;112,50;0,00;;0,00;21;;S;0;99;TODAS FILIAIS ;N;N;N;R;0,00;0,00;0,00;0,00;0,00;0,00;0,00;0,00;0,00;0,00;;0,00;0,00;N;N;;S;N;;;N;;;;N;;;;;S;0,00;;;N;N;;;;;N;;;;N;N;;0,00;0,00;;0,00;;0,00;0,00;0,00;0,00;0,00;0,00;0,00;0,00;;;;;;N;;0,00;;;;;;;;;N;N;;N;;;;0,00;N;N;N;;;;;N;;;;;S;S;N;E;;PA;1;1;;1;;0,01;;31,70;;1,00;N;0,00;;;;N;;;;N;;S;;0,00;;;;;;;;;;;;;;;N;;20;;;N;;;;;;;;;1,00;100,00;;1;;;;V;N;;;;N;;;;;;;;;N;;;;;;;;;N;;;N;OM;;N;N;;;;N;N;N;;;0;;;;;;;;;N;;1,00;;U;;;;;N;N;N;0
172;CHARQUE UNIAO PA J BEEF 5KG;97;PRODUTORA DE CHARQUE CAMPEAO LTDA;26;PERECIVEL;2601;CHARQUE;;;260101;CHARQUE PECA 5KG;;;L;OT;5KG;PC;PACOTE;1,00;CX C/ 06PC;CX;CAIXA;6,00;5,23;5,23;02102000.;CARNES BOVINAS,SALGADAS,SECAS OU DEFUMS.;02102000;;13;14;13;7898225360046,00;17898225360046,00;7898225360046,00;00228;4;172;CHARQUE UNIAO PA J BEEF 5KG;;172;CHARQUE UNIAO PA J BEEF 5KG;;;;;N;;;;;;;;;;;;;;;P:\BRUUUUUNO\172.JPG;;;  ;;;;;N;;S;;;1;FOOD;;N;;;;;;;;;;;;;15;FERNANDO FREIRE;217;COMPRADOR - CRISTIANO;217;;10/10/2025;12/11/2025 17:43:02;14/10/2025 21:31:44;09/04/2015;;S;S;S;;A;A;;N;;;1,00;0,50;0,50;0,50;P;0,00;;;150,00;0,00;;0,00;21;;S;0;;;N;N;N;R;0,00;0,00;0,00;0,00;0,00;0,00;0,00;0,00;0,00;0,00;;0,00;3,13;N;N;;S;N;;;N;;;;N;;;;;S;0,00;;;N;N;;;;;S;;;;N;N;;0,00;0,00;;0,00;;0,00;0,00;0,00;0,00;0,00;0,00;0,00;0,00;;;;;;N;;0,00;;;;;;;;;N;N;;N;;;;0,00;N;N;N;;;;;N;;;;;S;S;N;E;;PA;1;1;;1;FD;0,01;;31,40;;1,00;N;0,00;;;;N;;;;N;;S;;0,00;;;;;;;;;;;;;;;N;;20;;;N;;;;;;;;;1,00;100,00;;1;;;;V;N;;;;N;;;;;;;;;N;;;;;;;;;N;;;N;OM;;N;N;;;;N;N;N;;;0;;;;;;;;;N;;1,00;;U;;;;;N;N;N;0
175;ACHOC LIQ ITALAC TP TRAD 200ML;46;GOIAS MINAS INDUSTRIA DE LATICINIOS LTDA;25;MATINAL;2505;ACHOCOLATADO LIQUIDO;;;250501;ACHOCOLATADO LIQ PEQ;;;L;OT;1UNX200ML;UN;UNIDADE;1,00;CX C/ 24UN;CX;CAIXA;24,00;0,22;0,22;22029900.;ENERGETICOS - MVA 70%;22029900;;13;14;13;7898080640239,00;7898080640253,00;7898080640239,00;175/00040010202;9;175;ACHOC LIQ ITALAC TP TRAD 200ML;;175;ACHOC LIQ ITALAC TP TRAD 200ML;;;;;N;;;;;;;;;;;;;;;P:\BRUUUUUNO\175.PNG;;;  ;;;;;N;;S;;;;;;N;;;;;;;;;;;;;15;FERNANDO FREIRE;1275;BRUNO FREIRE DE SOUZA;1275;;10/01/2025 14:01:49;18/11/2025 18:12:07;17/03/2025 17:39:40;09/04/2015;;S;S;N;;C;C;;N;;;1,00;0,50;0,50;0,50;P;0,00;;;1,09;0,00;;0,00;21;;N;0;;;N;N;N;R;0,00;0,00;0,00;0,00;0,00;0,00;0,00;0,00;0,00;0,00;;0,00;0,00;N;N;;S;N;;;N;;;;N;;;;;S;0,00;;;N;N;;;;;N;;;;N;N;;0,00;0,00;;0,00;;0,00;0,00;0,00;0,00;0,00;0,00;0,00;0,00;;;;;;N;;0,00;;;;;;;;;N;N;;N;;;;0,00;N;N;N;;;;;N;;;;;S;S;N;E;;PA;1;1;;1;;0,00;;6,05;;1,00;N;0,00;;;;N;;;;N;;S;;0,00;;;;;;;;;;;;;;;N;;20;;;N;;;;;;;;;1,00;100,00;;1;;;;V;N;;;;N;;;;;;;;;N;;;;;;;;;N;;;N;OM;;N;N;;;;N;N;N;;;0;;;;;;;;;N;;1,00;;U;;;;;N;N;N;0
176;CHOC LIQ ITAMBYNHO 200ML;59;ITAMBE ALIMENTOS S/A;25;MATINAL;2505;ACHOCOLATADO LIQUIDO;;;250501;ACHOCOLATADO LIQ PEQ;;;L;OT;UNIDADE;UN;UNIDADE;1,00;CX C/ 27UN;CX;CAIXA;27,00;0,23;0,23;22029900.;ENERGETICOS - MVA 70%;22029900;;13;14;13;7896051111856,00;17896051111856,00;7896051111856,00;176;7;176;CHOC LIQ ITAMBYNHO 200ML;;176;CHOC LIQ ITAMBYNHO 200ML;;;;;N;;;;;;;;;;;;;;;;;;FL;;;;;N;;S;;;;;;N;;;;;;;;;;;;;15;FERNANDO FREIRE;453;AMF CONSULTA;453;15/12/1992;27/12/2022 15:07:09;07/05/2025 13:45:00;27/12/2022 15:07:09;09/04/2015;;S;S;N;;C;C;;N;;;1,00;0,50;0,50;0,50;P;0,00;;;0,71;0,00;;0,00;21;;S;0;;;N;N;N;R;0,00;0,00;0,00;0,00;0,00;0,00;0,00;0,00;0,00;0,00;;0,00;0,00;N;N;;S;N;;;N;;;;N;;;;;S;0,00;;;N;N;;;;;N;;;;N;N;;0,00;0,00;;0,00;;0,00;0,00;0,00;0,00;0,00;0,00;0,00;0,00;;;;;;N;;0,00;;;;;;;;;N;N;;N;;;;0,00;N;N;N;;;;;N;;;;;S;S;N;E;;PA;1;1;;1;;0,00;;6,26;;;N;0,00;;;;N;;;;N;;;;;;;;;;;;;;;;;;;N;;;;;N;;;;;;;;;1,00;100,00;;1;;;;V;N;;;;N;;;;;;;;;N;;;;;;;;;N;;;N;OM;;N;N;;;;;N;N;;;0;;;;;;;;;N;;1,00;;U;;;;;N;N;N;0
25971;FRANGO A PASSARINHO CONG SADIA 1KG;10;BRF S/A;26;PERECIVEL;2619;FRANGO;352;PERECIVEIS;261903;FRANGO CONG CORTES;;;L;OT;1KG;PC;PACOTE;1,00;CX C/ 08KG;CX;CAIXA;8,00;1,00;1,00;02071300.;ICMS ST - CARNES E MIUDEZAS, COMESTIVEIS, FRESCAS, REFRIGERADAS OU CONGELADAS, DAS AVES EM PEDACOS E MIUDEZAS, FRESCOS OU REFRIGERADOS;02071300;;13;14;13;7893000488526,00;7893000488526,00;7893000488526,00;500727/500746;3;25971;FRANGO A PASSARINHO CONG SADIA 1KG;;25971;FRANGO A PASSARINHO CONG SADIA 1KG;;;;;N;;;;;;;;;;;;;;;;;;  ;;;;;N;;S;;;;;;N;;;;;;;;;;;;;343;ENTRADA DE NOTA;1275;BRUNO FREIRE DE SOUZA;1275;;25/10/2024 15:45:59;16/09/2025 08:58:55;26/08/2025 11:21:35;20/01/2022;;S;N;S;;;;;N;;;1,00;0,50;0,50;0,50;P;0,00;;;15,32;0,00;;0,00;7;;N;0;2;DISTRIBUIDORA FREITAS LOPES (LA BODEGA);N;N;N;R;0,00;0,00;0,00;0,00;0,00;0,00;0,00;0,00;0,00;0,00;;0,00;0,00;N;N;;S;N;;;N;;;;N;;;;;S;0,00;;;N;N;;;;;S;;;;N;N;;0,00;0,00;;0,00;;0,00;0,00;0,00;0,00;0,00;0,00;0,00;0,00;;;;;;N;;0,00;;;;;;;;;N;N;;N;;;;0,00;N;N;S;;;;;N;;;;;N;S;N;E;;PA;1;1;;1;;;;;;;S;0,00;;;;N;;;;N;;S;;0,00;;;;;;;;;;;;;;;N;;20;;;N;;;;;;;;;1,00;1,00;;1;;;;V;N;;;;N;;;;;;;;;N;;;;;;;;;N;;;N;OM;;N;N;;;;N;N;N;;;0;;;;;;;;;N;;1,00;;U;;;3;;N;N;N;0
177;ACHOC LIQ MOCOQUINHA 200ML;88;MOCOCA S/A PRODUTOS ALIMENTICIOS;25;MATINAL;2505;ACHOCOLATADO LIQUIDO;;;250501;ACHOCOLATADO LIQ PEQ;;;L;OT;1UNX200ML;UN;UNIDADE;1,00;CX C/ 27UN;CX;CAIXA;27,00;0,22;0,22;22029900.;ENERGETICOS - MVA 70%;22029900;;13;14;13;7891030003016,00;37891030003017,00;7891030003016,00;10010006;5;177;ACHOC LIQ MOCOQUINHA 200ML;;177;ACHOC LIQ MOCOQUINHA 200ML;;;;;N;;;;;;;;;;;;;;;P:\IMAGENS PRODUTOS\177.JPG;;;  ;;;;;N;;S;;;1;FOOD;;N;;;;;;;;;;;;;15;FERNANDO FREIRE;1275;BRUNO FREIRE DE SOUZA;156;;09/07/2025;25/11/2025 17:28:44;06/11/2023 10:14:19;09/04/2015;;S;S;N;;B;C;;N;;;1,00;0,50;0,50;0,50;P;0,00;;;1,19;0,00;;0,00;21;;S;0;99;TODAS FILIAIS ;N;N;N;R;3,36;0,00;0,00;0,00;0,00;0,00;0,00;0,00;0,00;0,00;;0,00;0,00;N;N;;S;N;;;N;;;;N;;;;;S;0,00;;;N;N;;;;;N;;;;N;N;;0,00;0,00;;0,00;;0,00;0,00;0,00;0,00;0,00;0,00;0,00;0,00;;;;;;N;;0,00;;;;;;;;;N;N;;N;;;;3,36;N;N;N;;;;;N;;;;;S;S;N;E;;PA;1;1;;1;;0,00;;5,98;;1,00;N;0,00;;;;N;;;;N;;;;0,00;;;;;;;;;;;;;;;N;;20;;;N;;;;;;;;;1,00;100,00;;1;;;;V;N;;;;N;;;;;;;;;N;;;;;;;;;N;;;N;OM;;N;N;;;;N;N;N;;;0;;;;;;;;;N;;1,00;;U;;;;;N;N;N;0
178;ACHOC LIQ PIRAKIDS 200ML;71;LATICINIOS BELA VISTA LTDA;25;MATINAL;2505;ACHOCOLATADO LIQUIDO;8;PIRACANJUBA;250501;ACHOCOLATADO LIQ PEQ;;;L;OT;1UNX200ML;UN;UNIDADE;1,00;CX C/ 27UN;CX;CAIXA;27,00;0,23;0,23;22029900.;ENERGETICOS - MVA 70%;22029900;;13;14;13;7898215151807,00;17898215151804,00;7898215151807,00;00012003;3;178;ACHOC LIQ PIRAKIDS 200ML;;178;ACHOC LIQ PIRAKIDS 200ML;;;;;N;;;;;;;;;;;;;;;P:\BRUUUUUNO\178.PNG;;;  ;;;;;N;;S;;;1;FOOD;;N;;;;;;;;;;;;;15;FERNANDO FREIRE;1275;BRUNO FREIRE DE SOUZA;1275;;10/01/2025 08:14:02;27/11/2025 11:33:20;10/01/2025 08:14:02;09/04/2015;;S;S;N;;C;B;;N;;;1,00;0,50;0,50;0,50;P;0,00;;;1,75;0,00;;0,00;21;;S;0;;;N;N;N;R;0,00;0,00;0,00;0,00;0,00;0,00;0,00;0,00;0,00;0,00;;0,00;0,00;N;N;;S;N;;;N;;;;N;;;;;S;0,00;;;N;N;;;;;N;;;;N;N;;0,00;0,00;;0,00;;0,00;0,00;0,00;0,00;0,00;0,00;0,00;0,00;;;;;;N;;0,00;;;;;;;;;N;N;;N;;;;0,00;N;N;N;;;;;N;;;;;S;S;N;E;;PA;1;1;;1;;0,00;;6,08;;1,00;N;0,00;;;;N;;;;N;;S;;0,00;;;;;;;;;;;;;;;N;;20;;;N;;;;;;;;;1,00;100,00;;1;;;;V;N;;;;N;;;;;;;;;N;;;;;;;;;N;;;N;OM;;N;N;;;;N;N;N;;;0;;;;;;;;;N;;1,00;;U;;;;;N;N;N;0
179;ACHOC LIQ TODDYNHO 200ML;535;EMPRESA BRASILEIRA DE DISTRIBUICAO LTDA;25;MATINAL;2505;ACHOCOLATADO LIQUIDO;;;250501;ACHOCOLATADO LIQ PEQ;;;L;OT;200ML;UN;UNIDADE;1,00;27X200ML;CX;CAIXA;27,00;0,20;0,22;22029900.;ENERGETICOS - MVA 70%;22029900;;13;14;13;7894321722016,00;0,00;7894321722016,00;11832;1;179;ACHOC LIQ TODDYNHO 200ML;;179;ACHOC LIQ TODDYNHO 200ML;;;;;N;;;;;;;;;;;;;;;P:\BRUUUUUNO\179.PNG;;;  ;;;;;N;;S;;;;;;N;;;;;;;;;;;;;15;FERNANDO FREIRE;1275;BRUNO FREIRE DE SOUZA;217;;14/01/2025 09:21:58;18/11/2025 18:15:24;14/01/2025 09:21:58;09/04/2015;;S;S;N;;C;C;;N;;;1,00;0,50;0,50;0,50;P;0,00;;;2,56;0,00;;0,00;21;;S;0;;;N;N;N;R;27,73;0,00;0,00;0,00;0,00;0,00;0,00;0,00;0,00;0,00;;0,00;0,00;N;N;;S;N;;;N;;;;N;;;;;S;0,00;;;N;N;;;;;N;;;;N;N;;0,00;0,00;;0,00;;0,00;0,00;0,00;0,00;0,00;0,00;0,00;0,00;;;;;;N;;0,00;;;;;;;;;N;N;;N;;;;27,73;N;N;N;;;;;N;;;;;S;S;N;E;;PA;1;1;;1;;0,00;;6,00;;1,00;N;0,00;;;;N;;;;N;;S;;0,00;;;;;;;;;;;;;;;N;;20;;;N;;;;;;;;;1,00;100,00;;1;;;;V;N;;;;N;;;;;;;;;N;;;;;;;;;N;;;N;OM;;N;N;;;;N;N;N;;;0;;;;;;;;;N;;1,00;;U;;;;;N;N;N;0
180;COGUMELO BONDUELLE INTEIRO 200G;7;BONDUELLE DO BRASIL PRODUTOS ALIMENTICIOS LTDA;28;SALADA FRIA;2809;COGUMELO;;;280902;COGUMELO VIDRO;;;L;OT;UNIDADE;UN;UNIDADE;1,00;CX C/ 12UN;CX;CAIXA;12,00;0,33;0,33;07095100.;"COGUMELOS FRESCOS OU REFRIGERADOS
	";07095100;;0;0;0;0,00;0,00;0,00;81918;5;180;COGUMELO BONDUELLE INTEIRO 200G;;180;COGUMELO BONDUELLE INTEIRO 200G;;;;;N;;;;;;;;;;;;;;;;;;FL;;;;;N;;S;;;;;;N;;;;;;;;;;;;;15;FERNANDO FREIRE;453;AMF CONSULTA;453;15/12/1992;22/12/2022 15:49:50;02/03/2025 14:53:01;22/12/2022 15:49:50;09/04/2015;;S;S;N;;C;C;;N;;;1,00;0,50;0,50;0,50;P;0,00;;;4,27;0,00;;0,00;21;;S;0;;;N;N;N;R;0,00;0,00;0,00;0,00;0,00;0,00;0,00;0,00;0,00;0,00;;0,00;0,00;N;N;;S;N;;;N;;;;N;;;;;S;0,00;;;N;N;;;;;N;;;;N;N;;0,00;0,00;;0,00;;0,00;0,00;0,00;0,00;0,00;0,00;0,00;0,00;;0,00;;;;N;;0,00;;;;;;;;;N;N;;N;;;;0,00;N;N;N;;;;;N;;;;;S;S;N;E;;PA;1;1;;1;;0,00;;3,98;;;N;0,00;;;;N;;;;N;;;;;;;;;;;;;01/07/2019;;;;;;N;;;;;N;;;;;;;;;1,00;100,00;;1;;;;V;N;;;;N;;;;;;;;;N;;;;;;;;;N;;;N;OM;;N;N;;;;;N;N;;;0;;;;;;;;;N;;1,00;;U;;;;;N;N;N;0
153;CAFE SANTA CLARA ALMOFADA 100G;113;TRES CORACOES ALIMENTOS S/A;25;MATINAL;2501;CAFE;;;250101;CAFE ALMOFADA 100GR;;;L;OT;UNIDADE;UN;UNIDADE;1,00;FD C/ 50UN;FD;FARDO;50,00;0,10;0,10;09012100.;"CAFE TORRADO,NAO DESCAFEINADO
";09012100;;13;14;13;7896224803069,00;17896224803066,00;7896224803069,00;12011000;8;153;CAFE SANTA CLARA ALMOFADA 100G;;153;CAFE SANTA CLARA ALMOFADA 100G;;;;;N;;;;;;;;;;;;;;;;;;  ;;;;;N;;S;;;1;FOOD;;N;;;;;;;;;;;;;15;FERNANDO FREIRE;217;COMPRADOR - CRISTIANO;217;;24/02/2025 08:48:37;24/11/2025 11:56:37;24/11/2025 11:56:37;09/04/2015;;S;S;N;;A;A;;N;;;1,00;0,50;0,50;0,50;P;0,00;;;7,93;0,00;;0,00;21;;S;0;;;N;N;N;R;28,25;0,00;0,00;0,00;0,00;0,00;0,00;0,00;0,00;0,00;;0,00;0,00;N;N;;S;N;;;N;;;;N;;;;;S;0,00;;;N;N;;;;;S;;;;N;N;;0,00;0,00;;0,00;;0,00;0,00;0,00;0,00;0,00;0,00;0,00;0,00;;;;;;N;;0,00;;;;;;;;;N;N;;N;;;;28,25;N;N;N;;;;;N;;;;;S;S;N;E;;PA;1;1;;1;;0,00;;5,21;;1,00;N;0,00;;;;N;;;;N;;S;;0,00;;;;;;;;;28/07/2017;;;;;;N;;20;;;N;;;;;;;;;1,00;100,00;;1;;;;V;N;;;;N;;;;;;;;;N;;;;;;;;;N;;;N;OM;;N;N;;;;N;N;N;;;0;;;;;;;;;N;;1,00;;U;;;;;N;N;N;0
29717;ABS NAT MAX GEL MAIS C/ABAS LV8PG7;1457;M C F RODRIGUES DE ANDRADE DIST IMPORT EXP DE ALIM EIRELI;27;HIGIENE PESSOAL;2703;HIGIENE INTIMA ADULTA;;;270307;ABSORVENTE COM ABAS PREMIUM;;;L;OT;1UNX1UN;UN;UNIDADE;1,00;1UNX1UN;UN;UNIDADE;1,00;1,00;1,00;96190000.;"ABSORVENTES/FRALDAS/SEMELHS.DE PASTA DE PAPEL
";96190000;;13;0;13;7896064442565,00;0,00;7896064442565,00;662108;8;29717;ABS NAT MAX GEL MAIS C/ABAS LV8PG7;;29717;ABS NAT MAX GEL MAIS C/ABAS LV8PG7;;;;;N;;;;;;;;;;;;;;;;;;  ;;;;;N;;S;;;;;;N;;;;;;;;;;;;;150;NAYRON ARAUJO RODRIGUES DOS SANTOS;156;JOSUE CONCEICAO DE OLIVEIRA;103;;07/03/2023 10:37:59;06/06/2025 14:59:51;07/03/2023 10:37:59;26/08/2022;;S;N;N;;;;;N;;;1,00;0,50;0,50;0,50;P;0,00;;;2,43;0,00;;0,00;28;;N;0;;;N;N;N;R;0,00;0,00;0,00;0,00;0,00;0,00;0,00;0,00;0,00;0,00;;0,00;0,00;N;N;;S;N;;;N;;;;N;;;;;S;0,00;;;N;N;;;;;N;;;;N;N;;0,00;0,00;;0,00;;0,00;0,00;0,00;0,00;0,00;0,00;0,00;0,00;;;;;;N;;0,00;;;;;;;;;N;N;;N;;;;0,00;N;N;S;;;;;N;;;;;N;S;N;E;;PA;1;1;;1;;;;;;;N;0,00;;;;N;;;;N;;;;0,00;;;;;;;;;;;;;;;N;;20;;;N;;;;;;;;;1,00;1,00;;1;;;;V;N;;;;N;;;;;;;;;N;;;;;;;;;N;;;N;OM;;N;N;;;;;N;N;;;0;;;;;;;;;N;;1,00;;U;;;;;N;N;N;0
154;CAFE SANTA CLARA ALMOFADA 250G;113;TRES CORACOES ALIMENTOS S/A;25;MATINAL;2501;CAFE;;;250102;CAFE ALMOFADA 250GR;;;L;OT;UNIDADE;UN;UNIDADE;1,00;FD C/ 20UN;FD;FARDO;20,00;0,26;0,26;09012100.;"CAFE TORRADO,NAO DESCAFEINADO
";09012100;;13;14;13;7896224813082,00;17896224813089,00;7896224813082,00;12011003;6;154;CAFE SANTA CLARA ALMOFADA 250G;;154;CAFE SANTA CLARA ALMOFADA 250G;;;;;N;;;;;;;;;;;;;;;;;;  ;;;;;N;;S;;;;;;N;;;;;;;;;;;;;15;FERNANDO FREIRE;1275;BRUNO FREIRE DE SOUZA;1275;;28/02/2025 09:48:00;25/11/2025 17:17:38;03/07/2025 14:15:30;09/04/2015;;S;S;N;;A;A;;N;;;1,00;0,50;0,50;0,50;P;0,00;;;13,79;0,00;;0,00;21;;S;0;;;N;N;N;R;0,00;0,00;0,00;0,00;0,00;0,00;0,00;0,00;0,00;0,00;;0,00;0,00;N;N;;S;N;;;N;;;;N;;;;;S;0,00;;;N;N;;;;;S;;;;N;N;;0,00;0,00;;0,00;;0,00;0,00;0,00;0,00;0,00;0,00;0,00;0,00;;;;;;N;;0,00;;;;;;;;;N;N;;N;;;;0,00;N;N;N;;;;;N;;;;;S;S;N;E;;PA;1;1;;1;;0,00;;5,17;;1,00;N;0,00;;;;N;;;;N;;S;;0,00;;;;;;;;;18/07/2017;;;;;;N;;20;;;N;;;;;;;;;1,00;100,00;;1;;;;V;N;;;;N;;;;;;;;;N;;;;;;;;;N;;;N;OM;;N;N;;;;N;N;N;;;0;;;;;;;;;N;;1,00;;U;;;;;N;N;N;0
155;CAFE SANTA CLARA VACUO 250G;113;TRES CORACOES ALIMENTOS S/A;25;MATINAL;2501;CAFE;;;250103;CAFE VACUO 250GR;;;L;OT;UNIDADE;UN;UNIDADE;1,00;CX C/ 20UN;CX;CAIXA;20,00;0,25;0,27;09012100.;"CAFE TORRADO,NAO DESCAFEINADO
";09012100;;13;14;13;7896224814126,00;17896224814123,00;7896224814126,00;12011014;4;154;CAFE SANTA CLARA ALMOFADA 250G;;154;CAFE SANTA CLARA ALMOFADA 250G;;;;;N;;;;;;;;;;;;;;;P:\BRUUUUUNO\155.PNG;;;  ;;;;;N;;S;;;1;FOOD;;N;;;;;;;;;;;;;15;FERNANDO FREIRE;217;COMPRADOR - CRISTIANO;1275;;27/02/2025 14:00:43;13/10/2025 11:07:56;03/07/2025 14:16:22;09/04/2015;;S;S;N;;A;A;;N;;;1,00;0,50;0,50;0,50;P;0,00;;;14,29;0,00;;0,00;21;;S;0;;;N;N;N;R;0,00;0,00;0,00;0,00;0,00;0,00;0,00;0,00;0,00;0,00;;0,00;0,00;N;N;;S;N;;;N;;;;N;;;;;S;0,00;;;N;N;;;;;S;;;;N;N;;0,00;0,00;;0,00;;0,00;0,00;0,00;0,00;0,00;0,00;0,00;0,00;;;;;;N;;0,00;;;;;;;;;N;N;;N;;;;0,00;N;N;N;;;;;N;;;;;S;S;N;E;;PA;1;1;;1;;0,00;;5,33;;1,00;N;0,00;;;;N;;;;N;;S;;0,00;;;;;;;;;08/04/2018;;;;;;N;;20;;;N;;;;;;;;;1,00;100,00;;1;;;;V;N;;;;N;;;;;;;;;N;;;;;;;;;N;;;N;OM;;N;N;;;;N;N;N;;;0;;;;;;;;;N;;1,00;;U;;;;;N;N;N;0
156;MILHO CANJICA RAINHA BRANCO 500G;79;RAINHA INDUSTRIA E COMERCIO DE ALIMENTOS LTDA;20;FARINACEO;2004;FUBA;;;200401;FUBA MILHO;;;MP;OT;UNIDADE;UN;UNIDADE;1,00;FD C/ 20UN;FD;FARDO;20,00;0,50;0,52;11042300.;GRAOS DESCASC,CORT.OU PARTIDOS DE MILHO ;11042300;;13;14;13;7898907825108,00;27898907825102,00;7898907825108,00;004100;2;156;MILHO CANJICA RAINHA BRANCO 500G;;156;MILHO CANJICA RAINHA BRANCO 500G;;;;;N;;;;;;;;;;;;;;;P:\BRUUUUUNO\156.PNG;;;  ;;;;;N;;S;;;1;FOOD;;N;;;;;;;;;;;;;15;FERNANDO FREIRE;268;DANIEL FREIRE;268;;12/05/2025;14/11/2025 08:59:24;14/11/2025 08:59:24;09/04/2015;;S;S;N;;C;C;;N;;;1,00;0,50;0,50;0,50;P;0,00;;;2,10;0,00;;0,00;21;;S;0;;;N;N;N;R;0,00;0,00;0,00;0,00;0,00;0,00;0,00;0,00;0,00;0,00;;0,00;0,00;N;N;;S;N;;;N;;;;N;;;;;S;0,00;;;N;N;;;;;N;;;;N;N;;0,00;0,00;;0,00;;0,00;0,00;0,00;0,00;0,00;0,00;0,00;0,00;;;;;;N;;0,00;;;;;;;;;N;N;;N;;;;0,00;N;N;N;;;;;N;;;;;S;S;N;E;;PA;1;1;;1;;0,00;;10,30;;1,00;N;0,00;;;;N;;;;N;;S;;0,00;;;;;;;;;;;;;;;N;;20;;;N;;;;;;;;;1,00;100,00;;1;;;;V;N;;;;N;;;;;;;;;N;;;;;;;;;N;;;N;OM;;N;N;;;;N;N;N;;;0;;;;;;;;;N;;1,00;;U;;;;;N;N;N;0
157;MILHO CANJIQUINHA XEREM RAINHA 500G;79;RAINHA INDUSTRIA E COMERCIO DE ALIMENTOS LTDA;20;FARINACEO;2004;FUBA;;;200401;FUBA MILHO;;;L;OT;UNIDADE;UN;UNIDADE;1,00;FD C/ 20UN;FD;FARDO;20,00;0,52;0,52;10059090.;OUTROS TIPOS DE MILHO.;10059090;;13;0;13;7898907825191,00;0,00;7898907825191,00;;0;157;MILHO CANJIQUINHA XEREM RAINHA 500G;;157;MILHO CANJIQUINHA XEREM RAINHA 500G;;;;;N;;;;;;;;;;;;;;;;;;FL;;;;;N;;S;;;;;;N;;;;;;;;;;;;;15;FERNANDO FREIRE;453;AMF CONSULTA;453;15/12/1992;03/01/2023 14:33:52;07/05/2025 13:45:00;03/01/2023 14:33:52;09/04/2015;;S;S;N;;C;C;;N;;;1,00;0,50;0,50;0,50;P;0,00;;;0,73;0,00;;0,00;21;;S;0;;;N;N;N;R;0,00;0,00;0,00;0,00;0,00;0,00;0,00;0,00;0,00;0,00;;0,00;0,00;N;N;;S;N;;;N;;;;N;;;;;S;0,00;;;N;N;;;;;N;;;;N;N;;0,00;0,00;;0,00;;0,00;0,00;0,00;0,00;0,00;0,00;0,00;0,00;;;;;;N;;0,00;;;;;;;;;N;N;;N;;;;0,00;N;N;N;;;;;N;;;;;S;S;N;E;;PA;1;1;;1;;0,00;;12,20;;;N;0,00;;;;N;;;;N;;;;0,00;;;;;;;;;;;;;;;N;;;;;N;;;;;;;;;1,00;100,00;;1;;;;V;N;;;;N;;;;;;;;;N;;;;;;;;;N;;;N;OM;;N;N;;;;;N;N;;;0;;;;;;;;;N;;1,00;;U;;;;;N;N;N;0
158;CATCHUP OLE TRAD TP 280G;4;ANGELO AURICCHIO & CIA LTDA;17;CONDIMENTO E TEMPERO;1719;CATCHUP;;;171901;CATCHUP;;;L;OT;1UNX280GR;UN;UNIDADE;1,00;CX C/ 24UN;CX;CAIXA;24,00;0,30;0,30;21032010.;"KETCHUP E OUTROS MOLHOS DE TOMATE,EMBAL.IMEDIAT.P<=1KG
";21032010;;13;14;13;7891032015017,00;37891032015018,00;7891032015017,00;1503;9;158;CATCHUP OLE TRAD TP 280G;;158;CATCHUP OLE TRAD TP 280G;;;;;N;;;;;;;;;;;;;;;;;;  ;;;;;N;;S;;;1;FOOD;;N;;;;;;;;;;;;;15;FERNANDO FREIRE;217;COMPRADOR - CRISTIANO;268;;04/01/2023 18:44:14;06/06/2025 14:59:51;04/01/2023 18:44:14;09/04/2015;;S;S;N;;B;C;;N;;;1,00;0,50;0,50;0,50;P;0,00;;;1,93;0,00;;0,00;21;;S;0;;;N;N;N;R;0,00;0,00;0,00;0,00;0,00;0,00;0,00;0,00;0,00;0,00;;0,00;0,00;N;N;;S;N;;;N;;;;N;;;;;S;0,00;;;N;N;;;;;N;;;;N;N;;0,00;0,00;;0,00;;0,00;0,00;0,00;0,00;0,00;0,00;0,00;0,00;;;;;;N;;0,00;;;;;;;;;N;N;;N;;;;0,00;N;N;N;;;;;N;;;;;S;S;N;E;;PA;1;1;;1;;0,00;;7,28;;1,00;N;0,00;;;;N;;;;N;;;;0,00;;;;;;;;;01/10/2018;;;;;;N;;20;;;N;;;;;;;;;1,00;100,00;;1;;;;V;N;;;;N;;;;;;;;;N;;;;;;;;;N;;;N;OM;;N;N;;;;;N;N;;;0;;;;;;;;;N;;1,00;;U;;;;;N;N;N;0
159;CATCHUP PALMEIRON TRAD TP 300G;20;ASA INDUSTRIA E COMERCIO LTDA (PE);17;CONDIMENTO E TEMPERO;1719;CATCHUP;;;171901;CATCHUP;;;L;OT;1UNX300GR;UN;UNIDADE;1,00;CX C/ 24UN;CX;CAIXA;24,00;0,32;0,32;21032010.;"KETCHUP E OUTROS MOLHOS DE TOMATE,EMBAL.IMEDIAT.P<=1KG
";21032010;;13;14;13;7898366930757,00;57898366930752,00;7898366930757,00;2000138677;7;159;CATCHUP PALMEIRON TRAD TP 300G;;159;CATCHUP PALMEIRON TRAD TP 300G;;;;;N;;;;;;;;;;;;;;;P:\BRUUUUUNO\159.PNG;;;  ;;;;;N;;S;;;;;;N;;;;;;;;;;;;;15;FERNANDO FREIRE;217;COMPRADOR - CRISTIANO;217;;03/09/2025;19/11/2025 12:37:28;19/11/2025 12:37:28;09/04/2015;;S;S;N;;C;B;;N;;;1,00;0,50;0,50;0,50;P;0,00;;;2,99;0,00;;0,00;21;;S;0;;;N;N;N;R;0,00;0,00;0,00;0,00;0,00;0,00;0,00;0,00;0,00;0,00;;0,00;0,00;N;N;;S;N;;;N;;;;N;;;;;S;0,00;;;N;N;;;;;N;;;;N;N;;0,00;0,00;;0,00;;0,00;0,00;0,00;0,00;0,00;0,00;0,00;0,00;;;;;;N;;0,00;;;;;;;;;N;N;;N;;;;0,00;N;N;N;;;;;N;;;;;S;S;N;E;540;PA;1;1;;1;;0,00;;7,63;;1,00;N;0,00;;;;N;;;;N;;S;;0,00;;;;;;;;;30/05/2018;;;;100,00;60,00;N;;20;;;N;;;;;;;;;1,00;100,00;;1;;;;V;N;324;;;N;;;;;;;;;N;;;;;;;;;N;;;N;OM;;N;N;;;;N;N;N;;;0;;;;;;;;;N;;1,00;;U;;;;;N;N;N;0
160;CATCHUP QUERO TRAD TP 300G;81;MARQUES & MELO LTDA;17;CONDIMENTO E TEMPERO;1719;CATCHUP;215;QUERO;171901;CATCHUP;;;L;OT;1UNX300GR;UN;UNIDADE;1,00;CX C/ 24UN;CX;CAIXA;24,00;0,30;0,32;21032010.;"KETCHUP E OUTROS MOLHOS DE TOMATE,EMBAL.IMEDIAT.P<=1KG
";21032010;;13;14;13;7896102502909,00;57896102502874,00;7896102502909,00;15236;0;160;CATCHUP QUERO TRAD TP 300G;;160;CATCHUP QUERO TRAD TP 300G;;;;;N;;;;;;;;;;;;;;;P:\BRUUUUUNO\160.PNG;;;  ;;;;;N;;S;;;;;;N;;;;;;;;;;;;;15;FERNANDO FREIRE;217;COMPRADOR - CRISTIANO;217;;27/11/2024 16:55:19;02/11/2025 14:31:49;29/10/2025 09:00:34;09/04/2015;;S;S;N;;B;B;;N;;;1,00;0,50;0,50;0,50;P;0,00;;;3,74;0,00;;0,00;21;;S;0;;;N;N;N;R;0,00;0,00;0,00;0,00;0,00;0,00;0,00;0,00;0,00;0,00;;0,00;0,00;N;N;;S;N;;;N;;;;N;;;;;S;0,00;;;N;N;;;;;N;;;;N;N;;0,00;0,00;;0,00;;0,00;0,00;0,00;0,00;0,00;0,00;0,00;0,00;;;;;;N;;0,00;;;;;;;;;N;N;;N;;;;0,00;N;N;N;;;;;N;;;;;S;S;N;E;;PA;1;1;;1;;0,00;;7,60;;1,00;N;0,00;;;;N;;;;N;;S;;0,00;;;;;;;;;01/12/2017;;;;;;N;;20;;;N;;;;;;;;;1,00;100,00;;1;;;;V;N;;;;N;;;;;;;;;N;;;;;;;;;N;;;N;OM;;N;N;;;;N;N;N;;;0;;;;;;;;;N;;1,00;;U;;;;;N;N;N;0
161;CATCHUP TAMBAU BOMBONA 3,4KG;111;TAMBAU INDUSTRIA ALIMENTICIA LTDA;17;CONDIMENTO E TEMPERO;1719;CATCHUP;;;171902;CATCHUP INSTITUCIONAL;;;L;OT;BD C/ 3,40KG;UN;UNIDADE;1,00;CX C/ 04UN;CX;CAIXA;4,00;3,54;3,54;21032010.1;"KETCHUP E OUTROS MOLHOS DE TOMATE,EMBAL.IMEDIAT.P<=1KG
";21032010;;13;14;13;7896945400912,00;17896945400919,00;7896945400912,00;0202012;9;161;CATCHUP TAMBAU BOMBONA 3,4KG;;161;CATCHUP TAMBAU BOMBONA 3,4KG;;;;;N;;;;;;;;;;;;;;;P:\BRUUUUUNO\161.JPG;;;  ;;;;;N;;S;;;;;;N;;;;;;;;;;;;;15;FERNANDO FREIRE;1275;BRUNO FREIRE DE SOUZA;1275;;29/10/2025;21/11/2025 14:45:17;30/10/2025 11:57:46;09/04/2015;;S;S;N;;C;C;;N;;;1,00;0,50;0,50;0,50;P;0,00;;;20,23;0,00;;0,00;21;;S;0;;;N;N;N;R;0,00;0,00;0,00;0,00;0,00;0,00;0,00;0,00;0,00;0,00;;0,00;0,00;N;N;;S;N;;;N;;;;N;;;;;S;0,00;;;N;N;;;;;N;;;;N;N;;0,00;0,00;;0,00;;0,00;0,00;0,00;0,00;0,00;0,00;0,00;0,00;;;;;;N;;0,00;;;;;;;;;N;N;;N;;;;0,00;N;N;N;;;;;N;;;;;S;S;N;E;360;PA;1;1;;1;;0,00;;14,30;;1,00;N;0,00;;;;N;;;;N;;;;0,00;;;;;;;;;;;;;100,00;80,00;N;;;;;N;;;;;;;;;1,00;100,00;;1;;;;V;N;288;;;N;;;;;;;;;N;;;;;;;;;N;;;N;OM;;N;N;;;;;N;N;;;0;;;;;;;;;N;;1,00;;U;;;;;N;N;N;0
119;BISC HILEIA RECH KICKS MOR 130G;152;HILEIA IND DE PRODUTOS ALIMENTICIOS S/A;22;LANCHE;2206;BISCOITO DOCE;;;220609;BISCOITO RECHEADO GRD;;;L;OT;UNIDADE;UN;UNIDADE;1,00;CX C/ 30UN;CX;CAIXA;30,00;0,15;0,15;19053100.;"OUTS.BOLACHAS/BISCOITOS COM EDULCORANTES
";19053100;;13;14;13;7896382502507,00;27896382502501,00;7896382502507,00;12040007;8;113;BISC HILEIA RECH KICKS CHOC 130G;;113;BISC HILEIA RECH KICKS CHOC 130G;;;;;N;;;;;;;;;;;;;;;;;;  ;;;;;N;;S;;;;;;N;;;;;;;;;;;;;15;FERNANDO FREIRE;107;MARCOS ANTONIO ESPINDOLA FRANCA;453;;27/12/2022 15:07:08;29/09/2025 15:52:49;27/12/2022 15:07:08;09/04/2015;;S;S;N;;B;C;;N;;;1,00;0,50;0,50;0,50;P;0,00;;;1,99;0,00;;0,00;21;;S;0;;;N;N;N;R;6,00;0,00;0,00;0,00;0,00;0,00;0,00;0,00;0,00;0,00;;0,00;0,00;N;N;;S;N;;;N;;;;N;;;;;S;0,00;;;N;N;;;;;N;;;;N;N;;0,00;0,00;;0,00;;0,00;0,00;0,00;0,00;0,00;0,00;0,00;0,00;;;;;;N;;0,00;;;;;;;;;N;N;;N;;;;6,00;N;N;N;;;;;N;;;;;S;S;N;E;240;PA;1;1;;1;;0,00;;3,26;;1,00;N;0,00;;;;N;;;;N;;;;0,00;;;;;;;;;16/08/2017;;;;100,00;60,00;N;;20;;;N;;;;;;;;;1,00;100,00;;1;;;;V;N;144;;;N;;;;;;;;;N;;;;;;;;;N;;;N;OM;;N;N;;;;;N;N;;;0;;;;;;;;;N;;1,00;;U;;;;;N;N;N;0
120;BISC HILEIA RECH KICKS MOR 60G;152;HILEIA IND DE PRODUTOS ALIMENTICIOS S/A;22;LANCHE;2206;BISCOITO DOCE;;;220608;BISCOITO RECHEADO PEQ;;;L;OT;UNIDADE;UN;UNIDADE;1,00;CX C/ 30UN;CX;CAIXA;30,00;0,07;0,07;19053100.;"OUTS.BOLACHAS/BISCOITOS COM EDULCORANTES
";19053100;;13;14;13;7896382502514,00;17896382502511,00;7896382502514,00;12040006;1;114;BISC HILEIA RECH KICKS CHOC 60G;;114;BISC HILEIA RECH KICKS CHOC 60G;;;;;N;;;;;;;;;;;;;;;;;;  ;;;;;N;;S;;;;;;N;;;;;;;;;;;;;15;FERNANDO FREIRE;265;GILBERTO PINHEIRO GUIMARAES;453;;27/12/2022 15:07:08;29/09/2025 15:52:49;27/12/2022 15:07:08;09/04/2015;;S;S;N;;B;C;;N;;;1,00;0,50;0,50;0,50;P;0,00;;;0,99;0,00;;0,00;21;;S;0;;;N;N;N;R;9,00;0,00;0,00;0,00;0,00;0,00;0,00;0,00;0,00;0,00;;0,00;0,00;N;N;;S;N;;;N;;;;N;;;;;S;0,00;;;N;N;;;;;N;;;;N;N;;0,00;0,00;;0,00;;0,00;0,00;0,00;0,00;0,00;1,00;0,00;0,00;;;;;;N;;0,00;;;;;;;;;N;N;;N;;;;9,00;N;N;N;;;;;N;;;;;S;S;N;E;240;PA;1;1;;1;;0,00;;2,08;;1,00;N;0,00;;;;N;;;;N;;;;0,00;;;;;;;;;;;;;100,00;60,00;N;;20;;;N;;;;;;;;;1,00;100,00;;1;;;;V;N;144;;;N;;;;;;;;;N;;;;;;;;;N;;;N;OM;;N;N;;;;;N;N;;;0;;;;;;;;;N;;1,00;;U;;;;;N;N;N;0
121;BISC HILEIA ROSCA CHOC 100G;152;HILEIA IND DE PRODUTOS ALIMENTICIOS S/A;22;LANCHE;2206;BISCOITO DOCE;;;220605;BISCOITO DOCE DIVERSOS;;;L;OT;UNIDADE;UN;UNIDADE;1,00;CX C/ 30UN;CX;CAIXA;30,00;0,11;0,11;19053100.;"OUTS.BOLACHAS/BISCOITOS COM EDULCORANTES
";19053100;;13;14;13;7896382500303,00;7896382500302,00;7896382500304,00;12060003;0;125;BISC HILEIA ROSCA LEITE 100G;;125;BISC HILEIA ROSCA LEITE 100G;;;;;N;;;;;;;;;;;;;;;;;;  ;;;;;N;;S;;;;;;N;;;;;;;;;;;;;15;FERNANDO FREIRE;217;COMPRADOR - CRISTIANO;103;;20/08/2024 15:30:41;21/10/2025 16:33:43;07/10/2025 10:40:08;09/04/2015;;S;S;N;;B;C;;N;;;1,00;0,50;0,50;0,50;P;0,00;;;1,21;0,00;;0,00;21;;S;0;;;N;N;N;R;0,00;0,00;0,00;0,00;0,00;0,00;0,00;0,00;0,00;0,00;;0,00;0,00;N;N;;S;N;;;N;;;;N;;;;;S;0,00;;;N;N;;;;;N;;;;N;N;;0,00;0,00;;0,00;;0,00;0,00;0,00;0,00;0,00;0,00;0,00;0,00;;;;;;N;;0,00;;;;;;;;;N;N;;N;;;;0,00;N;N;N;;;;;N;;;;;S;S;N;E;240;PA;1;1;;1;;0,00;;3,35;;1,00;N;0,00;;;;N;;;;N;;S;;0,00;;;;;;;;;18/09/2017;;;;100,00;60,00;N;;20;;;N;;;;;;;;;1,00;100,00;;1;;;;V;N;144;;;N;;;;;;;;;N;;;;;;;;;N;;;N;OM;;N;N;;;;N;N;N;;;0;;;;;;;;;N;;1,00;;U;;;;;N;N;N;0
122;BISC HILEIA ROSCA CHOC 400G;152;HILEIA IND DE PRODUTOS ALIMENTICIOS S/A;22;LANCHE;2206;BISCOITO DOCE;;;220605;BISCOITO DOCE DIVERSOS;;;L;OT;UNIDADE;UN;UNIDADE;1,00;CX C/ 10UN;CX;CAIXA;10,00;0,44;0,44;19053100.;"OUTS.BOLACHAS/BISCOITOS COM EDULCORANTES
";19053100;;13;13;13;7896382502125,00;7896382502122,00;7896382502125,00;12060004;8;126;BISC HILEIA ROSCA LEITE 400G;;126;BISC HILEIA ROSCA LEITE 400G;;;;;N;;;;;;;;;;;;;;;;;;  ;;;;;N;;S;;;;;;N;;;;;;;;;;;;;15;FERNANDO FREIRE;107;MARCOS ANTONIO ESPINDOLA FRANCA;453;;27/12/2022 15:07:08;29/09/2025 15:52:49;27/12/2022 15:07:08;09/04/2015;;S;S;N;;B;C;;N;;;1,00;0,50;0,50;0,50;P;0,00;;;5,86;0,00;;0,00;21;;S;0;;;N;N;N;R;0,00;0,00;0,00;0,00;0,00;0,00;0,00;0,00;0,00;0,00;;0,00;0,00;N;N;;S;N;;;N;;;;N;;;;;S;0,00;;;N;N;;;;;N;;;;N;N;;0,00;0,00;;0,00;;0,00;0,00;0,00;0,00;0,00;0,00;0,00;0,00;;;;;;N;;0,00;;;;;;;;;N;N;;N;;;;0,00;N;N;N;;;;;N;;;;;S;S;N;E;180;PA;1;1;;1;;0,00;;4,40;;1,00;N;0,00;;;;N;;;;N;;;;0,00;;;;;;;;;17/07/2017;;;;100,00;80,00;N;;20;;;N;;;;;;;;;1,00;100,00;;1;;;;V;N;144;;;N;;;;;;;;;N;;;;;;;;;N;;;N;OM;;N;N;;;;;N;N;;;0;;;;;;;;;N;;1,00;;U;;;;;N;N;N;0
123;BISC HILEIA ROSCA COCO 100G;152;HILEIA IND DE PRODUTOS ALIMENTICIOS S/A;22;LANCHE;2206;BISCOITO DOCE;;;220605;BISCOITO DOCE DIVERSOS;;;L;OT;UNIDADE;UN;UNIDADE;1,00;CX C/ 30UN;CX;CAIXA;30,00;0,11;0,11;19053100.;"OUTS.BOLACHAS/BISCOITOS COM EDULCORANTES
";19053100;;13;14;13;7896382500328,00;7896382501555,00;7896382500328,00;12060007;6;125;BISC HILEIA ROSCA LEITE 100G;;125;BISC HILEIA ROSCA LEITE 100G;;;;;N;;;;;;;;;;;;;;;;;;  ;;;;;N;;S;;;;;;N;;;;;;;;;;;;;15;FERNANDO FREIRE;265;GILBERTO PINHEIRO GUIMARAES;156;;11/12/2023 08:40:03;29/09/2025 15:52:49;11/12/2023 08:40:03;09/04/2015;;S;S;N;;B;C;;N;;;1,00;0,50;0,50;0,50;P;0,00;;;1,31;0,00;;0,00;21;;S;0;;;N;N;N;R;0,00;0,00;0,00;0,00;0,00;0,00;0,00;0,00;0,00;0,00;;0,00;0,00;N;N;;S;N;;;N;;;;N;;;;;S;0,00;;;N;N;;;;;N;;;;N;N;;0,00;0,00;;0,00;;0,00;0,00;0,00;0,00;0,00;0,00;0,00;0,00;;;;;;N;;0,00;;;;;;;;;N;N;;N;;;;0,00;N;N;N;;;;;N;;;;;S;S;N;E;240;PA;1;1;;1;;0,00;;3,35;;1,00;N;0,00;;;;N;;;;N;;;;0,00;;;;;;;;;09/09/2017;;;;100,00;60,00;N;;20;;;N;;;;;;;;;1,00;100,00;;1;;;;V;N;144;;;N;;;;;;;;;N;;;;;;;;;N;;;N;OM;;N;N;;;;N;N;N;;;0;;;;;;;;;N;;1,00;;U;;;;;N;N;N;0
124;BISC HILEIA ROSCA COCO 400G;152;HILEIA IND DE PRODUTOS ALIMENTICIOS S/A;22;LANCHE;2206;BISCOITO DOCE;;;220605;BISCOITO DOCE DIVERSOS;;;L;OT;UNIDADE;UN;UNIDADE;1,00;CX C/ 10UN;CX;CAIXA;10,00;0,45;0,45;19053100.;"OUTS.BOLACHAS/BISCOITOS COM EDULCORANTES
";19053100;;13;14;13;7896382501654,00;7896382501651,00;7896382501654,00;12060008;4;126;BISC HILEIA ROSCA LEITE 400G;;126;BISC HILEIA ROSCA LEITE 400G;;;;;N;;;;;;;;;;;;;;;;;;  ;;;;;N;;S;;;;;;N;;;;;;;;;;;;;15;FERNANDO FREIRE;1275;BRUNO FREIRE DE SOUZA;453;;27/12/2022 15:07:07;29/09/2025 15:52:49;27/12/2022 15:07:07;09/04/2015;;S;S;N;;B;C;;N;;;1,00;0,50;0,50;0,50;P;0,00;;;5,86;0,00;;0,00;21;;S;0;;;N;N;N;R;0,00;0,00;0,00;0,00;0,00;0,00;0,00;0,00;0,00;0,00;;0,00;0,00;N;N;;S;N;;;N;;;;N;;;;;S;0,00;;;N;N;;;;;N;;;;N;N;;0,00;0,00;;0,00;;0,00;0,00;0,00;0,00;0,00;0,00;0,00;0,00;;;;;;N;;0,00;;;;;;;;;N;N;;N;;;;0,00;N;N;N;;;;;N;;;;;S;S;N;E;180;PA;1;1;;1;;0,00;;4,46;;1,00;N;0,00;;;;N;;;;N;;;;0,00;;;;;;;;;09/08/2017;;;;100,00;80,00;N;;20;;;N;;;;;;;;;1,00;100,00;;1;;;;V;N;144;;;N;;;;;;;;;N;;;;;;;;;N;;;N;OM;;N;N;;;;;N;N;;;0;;;;;;;;;N;;1,00;;U;;;;;N;N;N;0
125;BISC HILEIA ROSCA LEITE 100G;152;HILEIA IND DE PRODUTOS ALIMENTICIOS S/A;22;LANCHE;2206;BISCOITO DOCE;;;220605;BISCOITO DOCE DIVERSOS;;;L;OT;UNIDADE;UN;UNIDADE;1,00;CX C/ 30UN;CX;CAIXA;30,00;0,11;0,11;19053100.;"OUTS.BOLACHAS/BISCOITOS COM EDULCORANTES
";19053100;;13;14;13;78963825003,00;7896382500319,00;78963825003,00;12060011;2;125;BISC HILEIA ROSCA LEITE 100G;;125;BISC HILEIA ROSCA LEITE 100G;;;;;N;;;;;;;;;;;;;;;;;;  ;;;;;N;;S;;;;;;N;;;;;;;;;;;;;15;FERNANDO FREIRE;265;GILBERTO PINHEIRO GUIMARAES;103;;12/02/2024 08:46:27;07/10/2025 11:07:42;07/10/2025 10:39:51;09/04/2015;;S;S;N;;A;B;;N;;;1,00;0,50;0,50;0,50;P;0,00;;;1,21;0,00;;0,00;21;;S;0;;;N;N;N;R;0,00;0,00;0,00;0,00;0,00;0,00;0,00;0,00;0,00;0,00;;0,00;0,00;N;N;;S;N;;;N;;;;N;;;;;S;0,00;;;N;N;;;;;N;;;;N;N;;0,00;0,00;;0,00;;0,00;0,00;0,00;0,00;0,00;0,00;0,00;0,00;;;;;;N;;0,00;;;;;;;;;N;N;;N;;;;0,00;N;N;N;;;;;N;;;;;S;S;N;E;240;PA;1;1;;1;;0,00;;3,40;;1,00;N;0,00;;;;N;;;;N;;;;0,00;;;;;;;;;13/11/2017;;;;100,00;60,00;N;;20;;;N;;;;;;;;;1,00;100,00;;1;;;;V;N;144;;;N;;;;;;;;;N;;;;;;;;;N;;;N;OM;;N;N;;;;N;N;N;;;0;;;;;;;;;N;;1,00;;U;;;;;N;N;N;0
5246;ALCOOL GEL TUPI ACENDEDOR 80 425G;1198;CALLAMARYS IND E COM DE COSMETICOS E SANEANTES EIRELI;23;LIMPEZA;2301;LIMPEZA DE CASA;;;230106;ALCOOL PEQ;;;L;OT;1UNX425GR;UN;UNIDADE;1,00;CX C/ 12UN;CX;CAIXA;12,00;0,54;0,54;22072019.;ALCOOL ETILICO E AGUARDENTES, DESNATURADOS, COM QUALQUER TEOR ALCOOLICO;22072019;;13;14;13;7898910095307,00;17898910095304,00;7898910095307,00;2.140;3;5246;ALCOOL GEL TUPI ACENDEDOR 80 425G;;5246;ALCOOL GEL TUPI ACENDEDOR 80 425G;;;;;N;;;;;;;;;;;;;;;;;;FL;;;;;N;;S;;;;;;N;;;;;;;;;;;;;1701;LETICIA MARIA DA SILVA;453;AMF CONSULTA;453;15/12/1992;01/03/2023 17:42:12;07/05/2025 13:45:00;01/03/2023 17:42:11;14/03/2019;;S;S;N;;C;B;;N;;;1,00;0,50;0,50;0,50;P;0,00;;;6,90;0,00;;0,00;21;;S;0;;;N;N;N;R;0,00;0,00;0,00;0,00;0,00;0,00;0,00;0,00;0,00;0,00;;0,00;0,00;N;N;;S;N;;;N;;;;N;;;;;S;0,00;;;N;N;;;;;N;;;;N;N;;0,00;0,00;;0,00;;0,00;0,00;0,00;0,00;0,00;0,00;0,00;0,00;;;;;;N;;0,00;;;;;;;;;N;N;;N;;;;0,00;N;N;N;;;;;N;;;;;S;S;N;E;;PA;1;1;;1;;0,00;;6,72;;1,00;N;0,00;;;;N;;;;N;;;;0,00;;;;;;;;;01/07/2018;;;;;;N;;;;;N;;;;;;;;;1,00;100,00;;1;;;;V;N;;;;N;;;;;;;;;N;;;;;;;;;N;;;N;OM;;N;N;;;;;N;N;;;0;;;;;;;;;N;;1,00;;U;;;;;N;N;N;0
126;BISC HILEIA ROSCA LEITE 400G;152;HILEIA IND DE PRODUTOS ALIMENTICIOS S/A;22;LANCHE;2206;BISCOITO DOCE;;;220605;BISCOITO DOCE DIVERSOS;;;L;OT;UNIDADE;UN;UNIDADE;1,00;CX C/ 10UN;CX;CAIXA;10,00;0,45;0,45;19053100.;"OUTS.BOLACHAS/BISCOITOS COM EDULCORANTES
";19053100;;13;14;13;7896382502132,00;7896382502139,00;7896382502132,00;12060010;0;126;BISC HILEIA ROSCA LEITE 400G;;126;BISC HILEIA ROSCA LEITE 400G;;;;;N;;;;;;;;;;;;;;;;;;  ;;;;;N;;S;;;;;;N;;;;;;;;;;;;;15;FERNANDO FREIRE;265;GILBERTO PINHEIRO GUIMARAES;453;;27/12/2022 15:07:07;07/10/2025 11:06:58;27/12/2022 15:07:07;09/04/2015;;S;S;N;;B;C;;N;;;1,00;0,50;0,50;0,50;P;0,00;;;5,86;0,00;;0,00;21;;S;0;;;N;N;N;R;0,00;0,00;0,00;0,00;0,00;0,00;0,00;0,00;0,00;0,00;;0,00;0,00;N;N;;S;N;;;N;;;;N;;;;;S;0,00;;;N;N;;;;;N;;;;N;N;;0,00;0,00;;0,00;;0,00;0,00;0,00;0,00;0,00;0,00;0,00;0,00;;;;;;N;;0,00;;;;;;;;;N;N;;N;;;;0,00;N;N;N;;;;;N;;;;;S;S;N;E;180;PA;1;1;1,00;1;;0,00;;4,46;;1,00;N;0,00;;;;N;;;;N;;;;0,00;;;;;;;;;17/07/2017;;;;100,00;80,00;N;;20;;;N;1,00;;;;;;;;1,00;100,00;;1;1;;;V;N;144;;;N;;;;;;;;;N;;;;;;;;;N;;;N;OM;;N;N;;;;;N;N;;;0;;;;;;;;;N;;1,00;;U;;;;;N;N;N;0
127;BISC HILEIA ROSCA LIMAO 100G;152;HILEIA IND DE PRODUTOS ALIMENTICIOS S/A;22;LANCHE;2206;BISCOITO DOCE;;;220605;BISCOITO DOCE DIVERSOS;;;L;OT;UNIDADE;UN;UNIDADE;1,00;CX C/ 30UN;CX;CAIXA;30,00;0,11;0,11;19059020.;BOLACHAS.;19059020;;13;14;13;7896382503320,00;7896382503327,00;7896382503320,00;152;9;125;BISC HILEIA ROSCA LEITE 100G;;125;BISC HILEIA ROSCA LEITE 100G;;;;;N;;;;;;;;;;;;;;;;;;FL;;;;;N;;S;;;;;;N;;;;;;;;;;;;;15;FERNANDO FREIRE;453;AMF CONSULTA;453;15/12/1992;27/12/2022 15:07:07;29/09/2025 15:52:49;27/12/2022 15:07:07;09/04/2015;;S;S;N;;C;C;;N;;;1,00;0,50;0,50;0,50;P;0,00;;;0,75;0,00;;0,00;21;;S;0;;;N;N;N;R;0,00;0,00;0,00;0,00;0,00;0,00;0,00;0,00;0,00;0,00;;0,00;0,00;N;N;;S;N;;;N;;;;N;;;;;S;0,00;;;N;N;;;;;N;;;;N;N;;0,00;0,00;;0,00;;0,00;0,00;0,00;0,00;0,00;0,00;0,00;0,00;;;;;;N;;0,00;;;;;;;;;N;N;;N;;;;0,00;N;N;N;;;;;N;;;;;S;S;N;E;240;PA;1;1;;1;;0,00;;3,35;;;N;0,00;;;;N;;;;N;;;;0,00;;;;;;;;;19/05/2017;;;;100,00;60,00;N;;;;;N;;;;;;;;;1,00;100,00;;1;;;;V;N;144;;;N;;;;;;;;;N;;;;;;;;;N;;;N;OM;;N;N;;;;;N;N;;;0;;;;;;;;;N;;1,00;;U;;;;;N;N;N;0
128;BISC HILEIA ROSCA LIMAO 400G;152;HILEIA IND DE PRODUTOS ALIMENTICIOS S/A;22;LANCHE;2206;BISCOITO DOCE;;;220605;BISCOITO DOCE DIVERSOS;;;L;OT;UNIDADE;UN;UNIDADE;1,00;CX C/ 10UN;CX;CAIXA;10,00;0,44;0,44;19059020.;BOLACHAS.;19059020;;13;14;13;7896382503337,00;7896382503334,00;7896382503337,00;153;7;128;BISC HILEIA ROSCA LIMAO 400G;;126;BISC HILEIA ROSCA LEITE 400G;;;;;N;;;;;;;;;;;;;;;;;;FL;;;;;N;;S;;;;;;N;;;;;;;;;;;;;15;FERNANDO FREIRE;453;AMF CONSULTA;453;03/12/2020 16:54:30;27/12/2022 15:07:07;29/09/2025 15:52:49;27/12/2022 15:07:07;09/04/2015;;S;S;N;;C;C;;N;;;1,00;0,50;0,50;0,50;P;0,00;;;2,83;0,00;;0,00;21;;S;0;;;N;N;N;R;0,00;0,00;0,00;0,00;0,00;0,00;0,00;0,00;0,00;0,00;;0,00;0,00;N;N;;S;N;;;N;;;;N;;;;;S;0,00;;;N;N;;;;;N;;;;N;N;;0,00;0,00;;0,00;;0,00;0,00;0,00;0,00;0,00;0,00;0,00;0,00;;;;;;N;;0,00;;;;;;;;;N;N;;N;;;;0,00;N;N;N;;;;;N;;;;;S;S;N;E;180;PA;1;1;;1;;0,00;;4,47;;;N;0,00;;;;N;;;;N;;;;0,00;;;;;;;;;10/07/2017;;;;100,00;80,00;N;;;;;N;;;;;;;;;1,00;100,00;;1;;;;V;N;144;;;N;;;;;;;;;N;;;;;;;;;N;;;N;OM;;N;N;;;;;N;N;;;0;;;;;;;;;N;;1,00;;U;;;;;N;N;N;0
129;BISC HILEIA WAFER CHOC 130G;152;HILEIA IND DE PRODUTOS ALIMENTICIOS S/A;22;LANCHE;2206;BISCOITO DOCE;;;220607;BISCOITO WAFER GRD;;;L;OT;UNIDADE;UN;UNIDADE;1,00;CX C/ 20UN;CX;CAIXA;20,00;0,15;0,15;19053200.;"BISCOITO WAFFER -'PREPARAC?ES A BASE DE CEREAIS, FARINHAS, AMIDOS, FECULAS OU DE LEITE; PRODUTOS DE PASTELARIA - PRODUTOS DE PADARIA, PASTELARIA OU DA INDUSTRIA DE BOLACHAS E BISCOITOS, MESMO ADICIONADOS DE CACAU; HOSTIAS, CAPSULAS VAZIAS PARA MEDICAMENTOS, OBREIAS, PASTAS SECAS DE FARINHA, AMIDO OU FECULA, EM FOLHAS, E PRODUTOS SEMELHANTES. - BOLACHAS E BISCOITOS, ADICIONADOS DE EDULCORANTES; WAFFLES E WAFERS: - WAFFLES E WAFERS";19053200;;13;14;13;7896382502965,00;17896382502962,00;7896382502965,00;210;5;129;BISC HILEIA WAFER CHOC 130G;;129;BISC HILEIA WAFER CHOC 130G;;;;;N;;;;;;;;;;;;;;;;;;FL;;;;;N;;S;;;;;;N;;;;;;;;;;;;;15;FERNANDO FREIRE;150;NAYRON ARAUJO RODRIGUES DOS SANTOS;150;15/12/1992;19/01/2023 16:48:47;29/09/2025 15:52:49;19/01/2023 16:48:47;09/04/2015;;S;S;N;;C;C;;N;;;1,00;0,50;0,50;0,50;P;0,00;;;1,36;0,00;;0,00;21;;S;0;;;N;N;N;R;0,00;0,00;0,00;0,00;0,00;0,00;0,00;0,00;0,00;0,00;;0,00;0,00;N;N;;S;N;;;N;;;;N;;;;;S;0,00;;;N;N;;;;;N;;;;N;N;;0,00;0,00;;0,00;;0,00;0,00;0,00;0,00;0,00;0,00;0,00;0,00;;;;;;N;;0,00;;;;;;;;;N;N;;N;;;;0,00;N;N;N;;;;;N;;;;;S;S;N;E;240;PA;1;1;;1;;0,00;;2,96;;1,00;N;0,00;;;;N;;;;N;;;;;;;;;;;;;;;;;100,00;60,00;N;;;;;N;;;;;;;;;1,00;100,00;;1;;;;V;N;144;;;N;;;;;;;;;N;;;;;;;;;N;;;N;OM;;N;N;;;;;N;N;;;0;;;;;;;;;N;;1,00;;U;;;;;N;N;N;0
130;BISC HILEIA WAFER CHOC 28G;152;HILEIA IND DE PRODUTOS ALIMENTICIOS S/A;22;LANCHE;2206;BISCOITO DOCE;;;220606;BISCOITO WAFER PEQ;;;L;OT;UNIDADE;UN;UNIDADE;1,00;CX C/ 54UN;CX;CAIXA;54,00;0,03;0,03;19053200.;"BISCOITO WAFFER -'PREPARAC?ES A BASE DE CEREAIS, FARINHAS, AMIDOS, FECULAS OU DE LEITE; PRODUTOS DE PASTELARIA - PRODUTOS DE PADARIA, PASTELARIA OU DA INDUSTRIA DE BOLACHAS E BISCOITOS, MESMO ADICIONADOS DE CACAU; HOSTIAS, CAPSULAS VAZIAS PARA MEDICAMENTOS, OBREIAS, PASTAS SECAS DE FARINHA, AMIDO OU FECULA, EM FOLHAS, E PRODUTOS SEMELHANTES. - BOLACHAS E BISCOITOS, ADICIONADOS DE EDULCORANTES; WAFFLES E WAFERS: - WAFFLES E WAFERS";19053200;;13;14;13;7896382502972,00;17896382504867,00;7896382502972,00;200;9;130;BISC HILEIA WAFER CHOC 28G;;130;BISC HILEIA WAFER CHOC 28G;;;;;N;;;;;;;;;;;;;;;;;;FL;;;;;N;;S;;;;;;N;;;;;;;;;;;;;15;FERNANDO FREIRE;107;MARCOS ANTONIO ESPINDOLA FRANCA;453;15/12/1992;27/12/2022 15:07:07;29/09/2025 15:52:49;27/12/2022 15:07:07;09/04/2015;;S;S;N;;C;C;;N;;;1,00;0,50;0,50;0,50;P;0,00;;;0,41;0,00;;0,00;21;;S;0;;;N;N;N;R;0,00;0,00;0,00;0,00;0,00;0,00;0,00;0,00;0,00;0,00;;0,00;0,00;N;N;;S;N;;;N;;;;N;;;;;S;0,00;;;N;N;;;;;N;;;;N;N;;0,00;0,00;;0,00;;0,00;0,00;0,00;0,00;0,00;0,00;0,00;0,00;;;;;;N;;0,00;;;;;;;;;N;N;;N;;;;0,00;N;N;N;;;;;N;;;;;S;S;N;E;240;PA;1;1;;1;;0,00;;1,78;;1,00;N;0,00;;;;N;;;;N;;;;0,00;;;;;;;;;;;;;100,00;60,00;N;;;;;N;;;;;;;;;1,00;100,00;;1;;;;V;N;144;;;N;;;;;;;;;N;;;;;;;;;N;;;N;OM;;N;N;;;;;N;N;;;0;;;;;;;;;N;;1,00;;U;;;;;N;N;N;0
5278;SAND HAV K.T. MARIE RS RS 25/26;869;MARTINS COMERCIO E SERVICOS DE DISTRIBUICAO S.A;144;BAZAR/DIVERS;1405;UTILIDADES DO LAR;173;HAVAIANAS;140507;UTILIDADES DIVERSAS;;;L;OT;PAR;UN;UNIDADE;1,00;1X1;UN;UNIDADE;1,00;0,10;0,10;64022000.;CALCADO COM PARTE SUPERIOR EM TIRAS OU CORREIAS, FIXADOS A SOLA POR PREGOS, TACHAS, PINOS E SEMELHANTES;64022000;;13;14;;5278,00;5278,00;;1215486;0;4951;SAND HAV K.T. MARIE RS RS 33/34;;4951;SAND HAV K.T. MARIE RS RS 33/34;;;;;N;;;;;;;;;;;;;;;;2;DISTRIBUIDORA FREITAS LOPES (LA BODEGA);FL;;;;;N;;S;;;;;;N;;;;;;;;;;;;;1701;LETICIA MARIA DA SILVA;453;AMF CONSULTA;453;22/10/2020 16:05:52;19/12/2022 17:13:35;31/01/2025 10:23:28;19/12/2022 17:13:35;30/03/2019;;S;N;N;;C;;;N;;;;0,50;0,50;0,50;P;0,00;;;15,16;0,00;;0,00;28;;N;0;;;N;N;N;R;0,00;0,00;0,00;0,00;0,00;0,00;0,00;0,00;0,00;0,00;;0,00;0,00;N;N;;S;N;;;N;;;;N;;;;;S;0,00;;;N;N;;;;;N;;;;N;N;;0,00;0,00;;0,00;;0,00;0,00;0,00;0,00;0,00;0,00;0,00;0,00;;;;;;N;;0,00;;;;;;;;;N;N;;N;;;;0,00;N;;N;;;;;N;;;;;N;S;N;E;;PA;1;1;;1;;;;;;;N;;;;;N;;;;N;;;;0,00;;;;;;;;;;;;;;;N;;;;;N;;;;;;;;;1,00;1,00;;1;;;;V;N;;;;N;;;;;;;;;;;;;;;;;;N;;;;OM;;N;N;;;;;N;N;;;0;;;;;;;;;N;;1,00;;U;;;2;;N;N;N;0
131;BISC HILEIA WAFER DOCE DE LEITE 130G;152;HILEIA IND DE PRODUTOS ALIMENTICIOS S/A;22;LANCHE;2206;BISCOITO DOCE;;;220607;BISCOITO WAFER GRD;;;L;OT;UNIDADE;UN;UNIDADE;1,00;CX C/ 20UN;CX;CAIXA;20,00;0,16;0,16;19053200.;"BISCOITO WAFFER -'PREPARAC?ES A BASE DE CEREAIS, FARINHAS, AMIDOS, FECULAS OU DE LEITE; PRODUTOS DE PASTELARIA - PRODUTOS DE PADARIA, PASTELARIA OU DA INDUSTRIA DE BOLACHAS E BISCOITOS, MESMO ADICIONADOS DE CACAU; HOSTIAS, CAPSULAS VAZIAS PARA MEDICAMENTOS, OBREIAS, PASTAS SECAS DE FARINHA, AMIDO OU FECULA, EM FOLHAS, E PRODUTOS SEMELHANTES. - BOLACHAS E BISCOITOS, ADICIONADOS DE EDULCORANTES; WAFFLES E WAFERS: - WAFFLES E WAFERS";19053200;;13;0;13;100130,00;0,00;100130,00;250;7;131;BISC HILEIA WAFER DOCE DE LEITE 130G;;129;BISC HILEIA WAFER CHOC 130G;;;;;N;;;;;;;;;;;;;;;;;;FL;;;;;N;;N;;;;;;N;;;;;;;;;;;;;15;FERNANDO FREIRE;453;AMF CONSULTA;453;30/10/2015;27/12/2022 15:07:06;29/09/2025 15:52:49;27/12/2022 15:07:06;09/04/2015;;S;S;N;;C;;;N;;;1,00;0,50;0,50;0,50;P;0,00;;;1,16;0,00;;0,00;21;;S;0;;;N;N;N;R;0,00;0,00;0,00;0,00;0,00;0,00;0,00;0,00;0,00;0,00;;0,00;0,00;N;N;;S;N;;;N;;;;N;;;;;S;0,00;;;N;N;;;;;N;;;;N;N;;0,00;0,00;;0,00;;0,00;0,00;0,00;0,00;0,00;0,00;0,00;0,00;;;;;;N;;0,00;;;;;;;;;N;N;;N;;;;0,00;N;N;N;;;;;N;;;;;N;S;N;E;;PA;1;1;;1;;;;;;;N;0,00;;;;N;;;;N;;;;;;;;;;;;;;;;;;;N;;;;;N;;;;;;;;;1,00;100,00;;1;;;;V;N;;;;N;;;;;;;;;N;;;;;;;;;N;;;N;OM;;N;N;;;;;N;N;;;0;;;;;;;;;N;;1,00;;U;;;;;N;N;N;0
132;BISC HILEIA WAFER DOCE DE LEITE 35G;152;HILEIA IND DE PRODUTOS ALIMENTICIOS S/A;22;LANCHE;2206;BISCOITO DOCE;;;220606;BISCOITO WAFER PEQ;;;L;OT;UNIDADE;UN;UNIDADE;1,00;CX C/ 45UN;CX;CAIXA;45,00;0,04;0,04;19053200.;"BISCOITO WAFFER -'PREPARAC?ES A BASE DE CEREAIS, FARINHAS, AMIDOS, FECULAS OU DE LEITE; PRODUTOS DE PASTELARIA - PRODUTOS DE PADARIA, PASTELARIA OU DA INDUSTRIA DE BOLACHAS E BISCOITOS, MESMO ADICIONADOS DE CACAU; HOSTIAS, CAPSULAS VAZIAS PARA MEDICAMENTOS, OBREIAS, PASTAS SECAS DE FARINHA, AMIDO OU FECULA, EM FOLHAS, E PRODUTOS SEMELHANTES. - BOLACHAS E BISCOITOS, ADICIONADOS DE EDULCORANTES; WAFFLES E WAFERS: - WAFFLES E WAFERS";19053200;;13;14;13;7896382503016,00;17896382503016,00;7896382503016,00;240;5;132;BISC HILEIA WAFER DOCE DE LEITE 35G;;130;BISC HILEIA WAFER CHOC 28G;;;;;N;;;;;;;;;;;;;;;;;;FL;;;;;N;;N;;;;;;N;;;;;;;;;;;;;15;FERNANDO FREIRE;453;AMF CONSULTA;453;30/10/2015;27/12/2022 15:07:06;29/09/2025 15:52:49;27/12/2022 15:07:06;09/04/2015;;S;S;N;;C;;;N;;;1,00;0,50;0,50;0,50;P;0,00;;;0,42;0,00;;0,00;21;;S;0;;;N;N;N;R;0,00;0,00;0,00;0,00;0,00;0,00;0,00;0,00;0,00;0,00;;0,00;0,00;N;N;;S;N;;;N;;;;N;;;;;S;0,00;;;N;N;;;;;N;;;;N;N;;0,00;0,00;;0,00;;0,00;0,00;0,00;0,00;0,00;0,00;0,00;0,00;;;;;;N;;0,00;;;;;;;;;N;N;;N;;;;0,00;N;N;N;;;;;N;;;;;N;S;N;E;;PA;1;1;;1;;0,00;;1,85;;;N;0,00;;;;N;;;;N;;;;;;;;;;;;;;;;;;;N;;;;;N;;;;;;;;;1,00;100,00;;1;;;;V;N;;;;N;;;;;;;;;N;;;;;;;;;N;;;N;OM;;N;N;;;;;N;N;;;0;;;;;;;;;N;;1,00;;U;;;;;N;N;N;0
133;BISC HILEIA WAFER MASC NEGRA 130G;152;HILEIA IND DE PRODUTOS ALIMENTICIOS S/A;22;LANCHE;2206;BISCOITO DOCE;;;220607;BISCOITO WAFER GRD;;;L;OT;UNIDADE;UN;UNIDADE;1,00;CX C/ 20UN;CX;CAIXA;20,00;0,16;0,16;19053200.;"BISCOITO WAFFER -'PREPARAC?ES A BASE DE CEREAIS, FARINHAS, AMIDOS, FECULAS OU DE LEITE; PRODUTOS DE PASTELARIA - PRODUTOS DE PADARIA, PASTELARIA OU DA INDUSTRIA DE BOLACHAS E BISCOITOS, MESMO ADICIONADOS DE CACAU; HOSTIAS, CAPSULAS VAZIAS PARA MEDICAMENTOS, OBREIAS, PASTAS SECAS DE FARINHA, AMIDO OU FECULA, EM FOLHAS, E PRODUTOS SEMELHANTES. - BOLACHAS E BISCOITOS, ADICIONADOS DE EDULCORANTES; WAFFLES E WAFERS: - WAFFLES E WAFERS";19053200;;13;14;13;7896382503023,00;17896382503020,00;7896382503023,00;290;3;129;BISC HILEIA WAFER CHOC 130G;;129;BISC HILEIA WAFER CHOC 130G;;;;;N;;;;;;;;;;;;;;;;;;FL;;;;;N;;S;;;;;;N;;;;;;;;;;;;;15;FERNANDO FREIRE;150;NAYRON ARAUJO RODRIGUES DOS SANTOS;150;15/12/1992;19/01/2023 16:47:58;29/09/2025 15:52:49;19/01/2023 16:47:58;09/04/2015;;S;S;N;;C;C;;N;;;1,00;0,50;0,50;0,50;P;0,00;;;1,36;0,00;;0,00;21;;S;0;;;N;N;N;R;0,00;0,00;0,00;0,00;0,00;0,00;0,00;0,00;0,00;0,00;;0,00;0,00;N;N;;S;N;;;N;;;;N;;;;;S;0,00;;;N;N;;;;;N;;;;N;N;;0,00;0,00;;0,00;;0,00;0,00;0,00;0,00;0,00;0,00;0,00;0,00;;;;;;N;;0,00;;;;;;;;;N;N;;N;;;;0,00;N;N;N;;;;;N;;;;;S;S;N;E;240;PA;1;1;;1;;0,00;;3,14;;1,00;N;0,00;;;;N;;;;N;;;;;;;;;;;;;;;;;100,00;60,00;N;;;;;N;;;;;;;;;1,00;100,00;;1;;;;V;N;144;;;N;;;;;;;;;N;;;;;;;;;N;;;N;OM;;N;N;;;;;N;N;;;0;;;;;;;;;N;;1,00;;U;;;;;N;N;N;0
134;BISC HILEIA WAFER MASC NEGRA 28G;152;HILEIA IND DE PRODUTOS ALIMENTICIOS S/A;22;LANCHE;2206;BISCOITO DOCE;;;220606;BISCOITO WAFER PEQ;;;L;OT;UNIDADE;UN;UNIDADE;1,00;CX C/ 54UN;CX;CAIXA;54,00;0,03;0,03;19053200.;"BISCOITO WAFFER -'PREPARAC?ES A BASE DE CEREAIS, FARINHAS, AMIDOS, FECULAS OU DE LEITE; PRODUTOS DE PASTELARIA - PRODUTOS DE PADARIA, PASTELARIA OU DA INDUSTRIA DE BOLACHAS E BISCOITOS, MESMO ADICIONADOS DE CACAU; HOSTIAS, CAPSULAS VAZIAS PARA MEDICAMENTOS, OBREIAS, PASTAS SECAS DE FARINHA, AMIDO OU FECULA, EM FOLHAS, E PRODUTOS SEMELHANTES. - BOLACHAS E BISCOITOS, ADICIONADOS DE EDULCORANTES; WAFFLES E WAFERS: - WAFFLES E WAFERS";19053200;;13;14;13;7896382503030,00;17896382504881,00;7896382503030,00;280;1;130;BISC HILEIA WAFER CHOC 28G;;130;BISC HILEIA WAFER CHOC 28G;;;;;N;;;;;;;;;;;;;;;;;;FL;;;;;N;;S;;;;;;N;;;;;;;;;;;;;15;FERNANDO FREIRE;453;AMF CONSULTA;453;15/12/1992;27/12/2022 15:07:06;29/09/2025 15:52:49;27/12/2022 15:07:06;09/04/2015;;S;S;N;;C;C;;N;;;1,00;0,50;0,50;0,50;P;0,00;;;0,32;0,00;;0,00;21;;S;0;;;N;N;N;R;0,00;0,00;0,00;0,00;0,00;0,00;0,00;0,00;0,00;0,00;;0,00;0,00;N;N;;S;N;;;N;;;;N;;;;;S;0,00;;;N;N;;;;;N;;;;N;N;;0,00;0,00;;0,00;;0,00;0,00;0,00;0,00;0,00;0,00;0,00;0,00;;;;;;N;;0,00;;;;;;;;;N;N;;N;;;;0,00;N;N;N;;;;;N;;;;;S;S;N;E;240;PA;1;1;;1;;0,00;;1,78;;;N;0,00;;;;N;;;;N;;;;0,00;;;;;;;;;;;;;100,00;60,00;N;;;;;N;;;;;;;;;1,00;100,00;;1;;;;V;N;144;;;N;;;;;;;;;N;;;;;;;;;N;;;N;OM;;N;N;;;;;N;N;;;0;;;;;;;;;N;;1,00;;U;;;;;N;N;N;0
135;BISC HILEIA WAFER MORANGO 130G;152;HILEIA IND DE PRODUTOS ALIMENTICIOS S/A;22;LANCHE;2206;BISCOITO DOCE;;;220607;BISCOITO WAFER GRD;;;L;OT;UNIDADE;UN;UNIDADE;1,00;CX C/ 20UN;CX;CAIXA;20,00;0,16;0,16;19053200.;"BISCOITO WAFFER -'PREPARAC?ES A BASE DE CEREAIS, FARINHAS, AMIDOS, FECULAS OU DE LEITE; PRODUTOS DE PASTELARIA - PRODUTOS DE PADARIA, PASTELARIA OU DA INDUSTRIA DE BOLACHAS E BISCOITOS, MESMO ADICIONADOS DE CACAU; HOSTIAS, CAPSULAS VAZIAS PARA MEDICAMENTOS, OBREIAS, PASTAS SECAS DE FARINHA, AMIDO OU FECULA, EM FOLHAS, E PRODUTOS SEMELHANTES. - BOLACHAS E BISCOITOS, ADICIONADOS DE EDULCORANTES; WAFFLES E WAFERS: - WAFFLES E WAFERS";19053200;;13;14;13;7896382502989,00;1789382502986,00;7896382502989,00;230;0;135;BISC HILEIA WAFER MORANGO 130G;;129;BISC HILEIA WAFER CHOC 130G;;;;;N;;;;;;;;;;;;;;;;;;FL;;;;;N;;S;;;;;;N;;;;;;;;;;;;;15;FERNANDO FREIRE;453;AMF CONSULTA;453;15/12/1992;27/12/2022 15:07:06;29/09/2025 15:52:49;27/12/2022 15:07:06;09/04/2015;;S;S;N;;C;C;;N;;;1,00;0,50;0,50;0,50;P;0,00;;;1,36;0,00;;0,00;21;;S;0;;;N;N;N;R;0,00;0,00;0,00;0,00;0,00;0,00;0,00;0,00;0,00;0,00;;0,00;0,00;N;N;;S;N;;;N;;;;N;;;;;S;0,00;;;N;N;;;;;N;;;;N;N;;0,00;0,00;;0,00;;0,00;0,00;0,00;0,00;0,00;0,00;0,00;0,00;;;;;;N;;0,00;;;;;;;;;N;N;;N;;;;0,00;N;N;N;;;;;N;;;;;S;S;N;E;240;PA;1;1;;1;;0,00;;3,14;;;N;0,00;;;;N;;;;N;;;;;;;;;;;;;;;;;100,00;60,00;N;;;;;N;;;;;;;;;1,00;100,00;;1;;;;V;N;144;;;N;;;;;;;;;N;;;;;;;;;N;;;N;OM;;N;N;;;;;N;N;;;0;;;;;;;;;N;;1,00;;U;;;;;N;N;N;0
5279;SAND HAV K.T. MARIE RS RS 27/28;869;MARTINS COMERCIO E SERVICOS DE DISTRIBUICAO S.A;144;BAZAR/DIVERS;1405;UTILIDADES DO LAR;173;HAVAIANAS;140507;UTILIDADES DIVERSAS;;;L;OT;PAR;UN;UNIDADE;1,00;1X1;UN;UNIDADE;1,00;0,10;0,10;64022000.;CALCADO COM PARTE SUPERIOR EM TIRAS OU CORREIAS, FIXADOS A SOLA POR PREGOS, TACHAS, PINOS E SEMELHANTES;64022000;;13;14;;5279,00;5279,00;;1215487;0;4951;SAND HAV K.T. MARIE RS RS 33/34;;4951;SAND HAV K.T. MARIE RS RS 33/34;;;;;N;;;;;;;;;;;;;;;;2;DISTRIBUIDORA FREITAS LOPES (LA BODEGA);FL;;;;;N;;S;;;;;;N;;;;;;;;;;;;;1701;LETICIA MARIA DA SILVA;453;AMF CONSULTA;453;22/10/2020 16:05:55;19/12/2022 17:13:35;31/01/2025 10:23:28;19/12/2022 17:13:35;30/03/2019;;S;N;N;;C;;;N;;;;0,50;0,50;0,50;P;0,00;;;15,16;0,00;;0,00;28;;N;0;;;N;N;N;R;0,00;0,00;0,00;0,00;0,00;0,00;0,00;0,00;0,00;0,00;;0,00;0,00;N;N;;S;N;;;N;;;;N;;;;;S;0,00;;;N;N;;;;;N;;;;N;N;;0,00;0,00;;0,00;;0,00;0,00;0,00;0,00;0,00;0,32;0,00;0,00;;;;;;N;;0,00;;;;;;;;;N;N;;N;;;;0,00;N;;N;;;;;N;;;;;N;S;N;E;;PA;1;1;;1;;;;;;;N;;;;;N;;;;N;;;;0,00;;;;;;;;;;;;;;;N;;;;;N;;;;;;;;;1,00;1,00;;1;;;;V;N;;;;N;;;;;;;;;;;;;;;;;;N;;;;OM;;N;N;;;;;N;N;;;0;;;;;;;;;N;;1,00;;U;;;2;;N;N;N;0
5280;SAND HAV K.T. MARIE RS RS 29/30;869;MARTINS COMERCIO E SERVICOS DE DISTRIBUICAO S.A;144;BAZAR/DIVERS;1405;UTILIDADES DO LAR;173;HAVAIANAS;140507;UTILIDADES DIVERSAS;;;L;OT;PAR;UN;UNIDADE;1,00;1X1;UN;UNIDADE;1,00;0,10;0,10;64022000.;CALCADO COM PARTE SUPERIOR EM TIRAS OU CORREIAS, FIXADOS A SOLA POR PREGOS, TACHAS, PINOS E SEMELHANTES;64022000;;13;14;;5280,00;5280,00;;1215488;0;4951;SAND HAV K.T. MARIE RS RS 33/34;;4951;SAND HAV K.T. MARIE RS RS 33/34;;;;;N;;;;;;;;;;;;;;;;2;DISTRIBUIDORA FREITAS LOPES (LA BODEGA);FL;;;;;N;;S;;;;;;N;;;;;;;;;;;;;1701;LETICIA MARIA DA SILVA;453;AMF CONSULTA;453;22/10/2020 16:06:02;19/12/2022 17:13:35;31/01/2025 10:23:28;19/12/2022 17:13:35;30/03/2019;;S;N;N;;C;;;N;;;;0,50;0,50;0,50;P;0,00;;;14,86;0,00;;0,00;28;;N;0;;;N;N;N;R;0,00;0,00;0,00;0,00;0,00;0,00;0,00;0,00;0,00;0,00;;0,00;0,00;N;N;;S;N;;;N;;;;N;;;;;S;0,00;;;N;N;;;;;N;;;;N;N;;0,00;0,00;;0,00;;0,00;0,00;0,00;0,00;0,00;0,00;0,00;0,00;;;;;;N;;0,00;;;;;;;;;N;N;;N;;;;0,00;N;;N;;;;;N;;;;;N;S;N;E;;PA;1;1;;1;;;;;;;N;;;;;N;;;;N;;;;0,00;;;;;;;;;;;;;;;N;;;;;N;;;;;;;;;1,00;1,00;;1;;;;V;N;;;;N;;;;;;;;;;;;;;;;;;N;;;;OM;;N;N;;;;;N;N;;;0;;;;;;;;;N;;1,00;;U;;;2;;N;N;N;0
136;BISC HILEIA WAFER MORANGO 28G;152;HILEIA IND DE PRODUTOS ALIMENTICIOS S/A;22;LANCHE;2206;BISCOITO DOCE;;;220606;BISCOITO WAFER PEQ;;;L;OT;UNIDADE;UN;UNIDADE;1,00;CX C/ 54UN;CX;CAIXA;54,00;0,03;0,03;19053200.;"BISCOITO WAFFER -'PREPARAC?ES A BASE DE CEREAIS, FARINHAS, AMIDOS, FECULAS OU DE LEITE; PRODUTOS DE PASTELARIA - PRODUTOS DE PADARIA, PASTELARIA OU DA INDUSTRIA DE BOLACHAS E BISCOITOS, MESMO ADICIONADOS DE CACAU; HOSTIAS, CAPSULAS VAZIAS PARA MEDICAMENTOS, OBREIAS, PASTAS SECAS DE FARINHA, AMIDO OU FECULA, EM FOLHAS, E PRODUTOS SEMELHANTES. - BOLACHAS E BISCOITOS, ADICIONADOS DE EDULCORANTES; WAFFLES E WAFERS: - WAFFLES E WAFERS";19053200;;13;14;13;7896382502996,00;17896382504874,00;7896382502996,00;220;8;130;BISC HILEIA WAFER CHOC 28G;;130;BISC HILEIA WAFER CHOC 28G;;;;;N;;;;;;;;;;;;;;;;;;FL;;;;;N;;S;;;;;;N;;;;;;;;;;;;;15;FERNANDO FREIRE;107;MARCOS ANTONIO ESPINDOLA FRANCA;453;15/12/1992;27/12/2022 15:07:06;29/09/2025 15:52:49;27/12/2022 15:07:06;09/04/2015;;S;S;N;;C;C;;N;;;1,00;0,50;0,50;0,50;P;0,00;;;0,41;0,00;;0,00;21;;S;0;;;N;N;N;R;0,00;0,00;0,00;0,00;0,00;0,00;0,00;0,00;0,00;0,00;;0,00;0,00;N;N;;S;N;;;N;;;;N;;;;;S;0,00;;;N;N;;;;;N;;;;N;N;;0,00;0,00;;0,00;;0,00;0,00;0,00;0,00;0,00;0,00;0,00;0,00;;;;;;N;;0,00;;;;;;;;;N;N;;N;;;;0,00;N;N;N;;;;;N;;;;;S;S;N;E;240;PA;1;1;;1;;0,00;;1,78;;1,00;N;0,00;;;;N;;;;N;;;;0,00;;;;;;;;;;;;;100,00;60,00;N;;;;;N;;;;;;;;;1,00;100,00;;1;;;;V;N;144;;;N;;;;;;;;;N;;;;;;;;;N;;;N;OM;;N;N;;;;;N;N;;;0;;;;;;;;;N;;1,00;;U;;;;;N;N;N;0
137;BISC VITORIA AGUA E SAL 400G;1364;PAPAGUARA INDUSTRIA E COMERCIO DE ALIMENTOS EIRELI;22;LANCHE;2205;BISCOITO SALGADO;;;220505;BISCOITO AGUA E SAL;;;L;OT;UNIDADE;UN;UNIDADE;1,00;CX C/ 10UN;CX;CAIXA;10,00;0,43;0,43;19053100.;"OUTS.BOLACHAS/BISCOITOS COM EDULCORANTES
";19053100;;13;14;13;7897888100365,00;78962191010149,00;7897888100365,00;2.;6;137;BISC VITORIA AGUA E SAL 400G;;137;BISC VITORIA AGUA E SAL 400G;;;;;N;;;;;;;;;;;;;;;;;;FL;;;;;N;;S;;;;;;N;;;;;;;;;;;;;15;FERNANDO FREIRE;107;MARCOS ANTONIO ESPINDOLA FRANCA;453;15/12/1992;27/12/2022 15:07:06;07/05/2025 13:45:00;27/12/2022 15:07:06;09/04/2015;;S;S;N;;C;C;;N;;;1,00;0,50;0,50;0,50;P;0,00;;;4,63;0,00;;0,00;21;;S;0;;;N;N;N;R;0,00;0,00;0,00;0,00;0,00;0,00;0,00;0,00;0,00;0,00;;0,00;0,00;N;N;;S;N;;;N;;;;N;;;;;S;0,00;;;N;N;;;;;N;;;;N;N;;0,00;0,00;;0,00;;0,00;0,00;0,00;0,00;0,00;0,00;0,00;0,00;;;;;;N;;0,00;;;;;;;;;N;N;;N;;;;0,00;N;N;N;;;;;N;;;;;S;S;N;E;;PA;1;1;;1;;0,00;;4,33;;1,00;N;0,00;;;;N;;;;N;;;;0,00;;;;;;;;;;;;;;;N;;;;;N;;;;;;;;;1,00;100,00;;1;;;;V;N;;;;N;;;;;;;;;N;;;;;;;;;N;;;N;OM;;N;N;;;;;N;N;;;0;;;;;;;;;N;;1,00;;U;;;;;N;N;N;0
138;BISC VITORIA CRACKINHA 200G;3423;BETA INDUSTRIA E COMERCIO DE ALIMENTOS LTDA;22;LANCHE;2205;BISCOITO SALGADO;;;220508;BISCOITO SALGADO DIVERSO;;;L;OT;UNIDADE;UN;UNIDADE;1,00;CX C/ 20UN;CX;CAIXA;20,00;0,20;0,23;19053100.;"OUTS.BOLACHAS/BISCOITOS COM EDULCORANTES
";19053100;;13;14;13;7896219180373,00;78962191248009,00;7896219180373,00;328;4;138;BISC VITORIA CRACKINHA 200G;;138;BISC VITORIA CRACKINHA 200G;;;;;N;;;;;;;;;;;;;;;P:\BRUUUUUNO\138.JPG;;;  ;;;;;N;;S;;;;;;N;;;;;;;;;;;;;15;FERNANDO FREIRE;217;COMPRADOR - CRISTIANO;1275;;24/04/2024 13:27:16;24/11/2025 16:21:03;15/05/2025 10:06:58;09/04/2015;;S;S;N;;C;C;;N;;;1,00;0,50;0,50;0,50;P;0,00;;;2,74;0,00;;0,00;21;;S;0;;;N;N;N;R;0,00;0,00;0,00;0,00;0,00;0,00;0,00;0,00;0,00;0,00;;0,00;0,00;N;N;;S;N;;;N;;;;N;;;;;S;0,00;;;N;N;;;;;N;;;;N;N;;0,00;0,00;;0,00;;0,00;0,00;0,00;0,00;0,00;0,00;0,00;0,00;;;;;;N;;0,00;;;;;;;;;N;N;;N;;;;0,00;N;N;N;;;;;N;;;;;S;S;N;E;;PA;1;1;;1;;0,00;;4,63;;1,00;N;0,00;;;;N;;;;N;;;;0,00;;;;;;;;;;;;;;;N;;20;;;N;;;;;;;;;1,00;100,00;;1;;;;V;N;;;;N;;;;;;;;;N;;;;;;;;;N;;;N;OM;;N;N;;;;N;N;N;;;0;;;;;;;;;N;;1,00;;U;;;;;N;N;N;0
139;BISC VITORIA MOTOR 300G;3423;BETA INDUSTRIA E COMERCIO DE ALIMENTOS LTDA;22;LANCHE;2205;BISCOITO SALGADO;;;220506;BISCOITO SODA;;;L;OT;UNIDADE;UN;UNIDADE;1,00;CX C/ 24UN;CX;CAIXA;24,00;0,33;0,33;19053100.;"OUTS.BOLACHAS/BISCOITOS COM EDULCORANTES
";19053100;;13;14;13;7896219183237,00;17896219183234,00;7896219183237,00;566;2;139;BISC VITORIA MOTOR 300G;;139;BISC VITORIA MOTOR 300G;;;;;N;;;;;;;;;;;;;;;P:\BRUUUUUNO\139.JPG;;;  ;;;;;N;;S;;;;;;N;;;;;;;;;;;;;15;FERNANDO FREIRE;217;COMPRADOR - CRISTIANO;217;;04/06/2024 20:57:54;24/11/2025 16:21:03;04/06/2024 20:57:54;09/04/2015;;S;S;N;;C;C;;N;;;1,00;0,50;0,50;0,50;P;0,00;;;4,18;0,00;;0,00;21;;S;0;;;N;N;N;R;0,00;0,00;0,00;0,00;0,00;0,00;0,00;0,00;0,00;0,00;;0,00;0,00;N;N;;S;N;;;N;;;;N;;;;;S;0,00;;;N;N;;;;;N;;;;N;N;;0,00;0,00;;0,00;;0,00;0,00;0,00;0,00;0,00;0,00;0,00;0,00;;;;;;N;;0,00;;;;;;;;;N;N;;N;;;;0,00;N;N;N;;;;;N;;;;;S;S;N;E;;PA;1;1;;1;;0,00;;7,95;;1,00;N;0,00;;;;N;;;;N;;;;0,00;;;;;;;;;;;;;;;N;;20;;;N;;;;;;;;;1,00;100,00;;1;;;;V;N;;;;N;;;;;;;;;N;;;;;;;;;N;;;N;OM;;N;N;;;;N;N;N;;;0;;;;;;;;;N;;1,00;;U;;;;;N;N;N;0
140;BISC TRIGOLINO CR CRACKER 400G;94;OCRIM SA PRODUTOS ALIMENTICIOS (FILIAL);22;LANCHE;2205;BISCOITO SALGADO;;;220501;BISCOITO CREME CRACKER;;;L;OT;UNIDADE;UN;UNIDADE;1,00;CX C/ 20UN;CX;CAIXA;20,00;0,45;0,45;19059020.1;BOLACHAS (COM ST);19059020;;13;14;13;7896593400937,00;27896593400931,00;7896593400937,00;00500080;6;140;BISC TRIGOLINO CR CRACKER 400G;;140;BISC TRIGOLINO CR CRACKER 400G;;;;;N;;;;;;;;;;;;;;;;;;FL;;;;;N;;S;;;;;;N;;;;;;;;;;;;;15;FERNANDO FREIRE;107;MARCOS ANTONIO ESPINDOLA FRANCA;453;16/12/1992;27/12/2022 15:07:05;07/10/2025 10:04:44;27/12/2022 15:07:05;09/04/2015;;S;S;N;;A;B;;N;;;1,00;0,50;0,50;0,50;P;0,00;;;3,85;0,00;;0,00;21;;S;0;;;N;N;N;R;0,00;0,00;0,00;0,00;0,00;0,00;0,00;0,00;0,00;0,00;;0,00;0,00;N;N;;S;N;;;N;;;;N;;;;;S;0,00;;;N;N;;;;;N;;;;N;N;;0,00;0,00;;0,00;;0,00;0,00;0,00;0,00;0,00;0,00;0,00;0,00;;;;;;N;;0,00;;;;;;;;;N;N;;N;;;;0,00;N;N;N;;;;;N;;;;;S;S;N;E;;PA;1;1;;1;;0,00;;9,00;;1,00;N;0,00;;;;N;;;;N;;;;0,00;;;;;;;;;;;;;;;N;;;;;N;;;;;;;;;1,00;100,00;;1;;;;V;N;;;;N;;;;;;;;;N;;;;;;;;;N;;;N;OM;;N;N;;;;;N;N;;;0;;;;;;;;;N;;1,00;;U;;;;;N;N;N;0
5247;OLEO LUBRIFICANTE KING M USO 100ML;33;DN DISTRIBUIDORA E REPRESENTACOES EIRELI  ;144;BAZAR/DIVERS;1409;MATERIAL DE CONSTRUCAO;98;KING / PEROBA;140902;MATERIAL DE CONSTRUCAO DIVERSOS;;;L;OT;UNIDADE;UN;UNIDADE;1,00;CX C/ 24UN;CX;CAIXA;24,00;0,11;0,11;27101931.;OLEOS LUBRIFICANTES SEM ADITIVO;27101931;;13;14;13;7896050500071,00;27896050500075,00;7896050500071,00;11438;3;5247;OLEO LUBRIFICANTE KING M USO 100ML;;5247;OLEO LUBRIFICANTE KING M USO 100ML;;;;;N;;;;;;;;;;;;;;;;;;  ;;;;;N;;S;;;;;;N;;;;;;;;;;;;;1701;LETICIA MARIA DA SILVA;1275;BRUNO FREIRE DE SOUZA;103;;31/01/2025 10:28:11;03/09/2025 08:18:42;02/09/2025 16:58:03;14/03/2019;;S;S;N;;C;B;;N;;;1,00;0,50;0,50;0,50;P;0,00;;;3,59;0,00;;0,00;21;;S;0;;;N;N;N;R;0,00;0,00;0,00;0,00;0,00;0,00;0,00;0,00;0,00;0,00;;0,00;0,00;N;N;;S;N;;;N;;;;N;;;;;S;0,00;;;N;N;;;;;N;;;;N;N;;0,00;0,00;;0,00;;0,00;0,00;0,00;0,00;0,00;0,00;0,00;0,00;;;;;;N;;0,00;;;;;;;;;N;N;;N;;;;0,00;N;N;N;;;;;N;;;;;S;S;N;E;;PA;1;1;;1;;0,00;;2,67;;1,00;N;0,00;;;;N;;;;N;;S;;0,00;;;;;;;;;01/07/2018;;;;;;N;;20;;;N;;;;;;;;;1,00;100,00;;1;;;;V;N;;;;N;;;;;;;;;N;;;;;;;;;N;;;N;OM;;N;N;;;;N;N;N;;;0;;;;;;;;;N;;1,00;;U;;;;;N;N;N;0
5281;SAND HAV K.T. MARIE RS RS 31/32;869;MARTINS COMERCIO E SERVICOS DE DISTRIBUICAO S.A;144;BAZAR/DIVERS;1405;UTILIDADES DO LAR;173;HAVAIANAS;140507;UTILIDADES DIVERSAS;;;L;OT;PAR;UN;UNIDADE;1,00;1X1;UN;UNIDADE;1,00;0,10;0,10;64022000.;CALCADO COM PARTE SUPERIOR EM TIRAS OU CORREIAS, FIXADOS A SOLA POR PREGOS, TACHAS, PINOS E SEMELHANTES;64022000;;13;14;;5281,00;5281,00;;1215489;0;4951;SAND HAV K.T. MARIE RS RS 33/34;;4951;SAND HAV K.T. MARIE RS RS 33/34;;;;;N;;;;;;;;;;;;;;;;2;DISTRIBUIDORA FREITAS LOPES (LA BODEGA);FL;;;;;N;;S;;;;;;N;;;;;;;;;;;;;1701;LETICIA MARIA DA SILVA;453;AMF CONSULTA;453;22/10/2020 16:06:06;19/12/2022 17:13:35;31/01/2025 10:23:28;19/12/2022 17:13:35;30/03/2019;;S;N;N;;C;;;N;;;;0,50;0,50;0,50;P;0,00;;;15,21;0,00;;0,00;28;;N;0;;;N;N;N;R;0,00;0,00;0,00;0,00;0,00;0,00;0,00;0,00;0,00;0,00;;0,00;0,00;N;N;;S;N;;;N;;;;N;;;;;S;0,00;;;N;N;;;;;N;;;;N;N;;0,00;0,00;;0,00;;0,00;0,00;0,00;0,00;0,00;0,00;0,00;0,00;;;;;;N;;0,00;;;;;;;;;N;N;;N;;;;0,00;N;;N;;;;;N;;;;;N;S;N;E;;PA;1;1;;1;;;;;;;N;;;;;N;;;;N;;;;0,00;;;;;;;;;;;;;;;N;;;;;N;;;;;;;;;1,00;1,00;;1;;;;V;N;;;;N;;;;;;;;;;;;;;;;;;N;;;;OM;;N;N;;;;;N;N;;;0;;;;;;;;;N;;1,00;;U;;;2;;N;N;N;0
141;BISC TRIGOLINO EXTRA 400G;94;OCRIM SA PRODUTOS ALIMENTICIOS (FILIAL);22;LANCHE;2205;BISCOITO SALGADO;;;220508;BISCOITO SALGADO DIVERSO;;;L;OT;UNIDADE;UN;UNIDADE;1,00;CX C/ 30UN;CX;CAIXA;30,00;0,45;0,45;19059020.;BOLACHAS.;19059020;;13;14;13;7896593402054,00;37896593402055,00;7896593402054,00;00500073;4;141;BISC TRIGOLINO EXTRA 400G;;141;BISC TRIGOLINO EXTRA 400G;;;;;N;;;;;;;;;;;;;;;;1;DISTRIBUIDORA FREITAS LOPES LTDA;FL;;;;;N;;S;;;;;;N;;;;;;;;;;;;;15;FERNANDO FREIRE;107;MARCOS ANTONIO ESPINDOLA FRANCA;453;15/12/1992;27/12/2022 15:07:05;07/10/2025 10:04:44;27/12/2022 15:07:05;09/04/2015;;S;S;N;;C;C;;N;;;1,00;0,50;0,50;0,50;P;0,00;;;4,28;0,00;;0,00;21;;S;0;;;N;N;N;R;0,00;0,00;0,00;0,00;0,00;0,00;0,00;0,00;0,00;0,00;;0,00;0,00;N;N;;S;N;;;N;;;;N;;;;;S;0,00;;;N;N;;;;;N;;;;N;N;;0,00;0,00;;0,00;;0,00;0,00;0,00;0,00;0,00;0,00;0,00;0,00;;;;;;N;;0,00;;;;;;;;;N;N;;N;;;;0,00;N;N;N;;;;;N;;;;;S;S;N;E;;PA;1;1;;1;;0,00;;13,49;;1,00;N;0,00;;;;N;;;;N;;;;0,00;;;;;;;;;01/08/2017;;;;;;N;;;;;N;;;;;;;;;1,00;100,00;;1;;;;V;N;;;;N;;;;;;;;;N;;;;;;;;;N;;;N;OM;;N;N;;;;;N;N;;;0;;;;;;;;;N;;1,00;;U;;;1;;N;N;N;0
142;BISC TRIGOLINO MAIZENA TRAD 400G;94;OCRIM SA PRODUTOS ALIMENTICIOS (FILIAL);22;LANCHE;2206;BISCOITO DOCE;;;220603;BISCOITO MAIZENA;;;L;OT;UNIDADE;UN;UNIDADE;1,00;CX C/ 10UN;CX;CAIXA;10,00;0,41;0,41;19059020.;BOLACHAS.;19059020;;13;14;13;7896593401934,00;17896593401931,00;7896593401934,00;00500050;2;142;BISC TRIGOLINO MAIZENA TRAD 400G;;142;BISC TRIGOLINO MAIZENA TRAD 400G;;;;;N;;;;;;;;;;;;;;;;;;FL;;;;;N;;S;;;;;;N;;;;;;;;;;;;;15;FERNANDO FREIRE;453;AMF CONSULTA;453;15/12/1992;12/04/2023 17:22:48;07/10/2025 10:04:44;12/04/2023 17:22:48;09/04/2015;;S;S;N;;C;C;;N;;;1,00;0,50;0,50;0,50;P;0,00;;;2,00;0,00;;0,00;21;;S;0;;;N;N;N;R;0,00;0,00;0,00;0,00;0,00;0,00;0,00;0,00;0,00;0,00;;0,00;0,00;N;N;;S;N;;;N;;;;N;;;;;S;0,00;;;N;N;;;;;N;;;;N;N;;0,00;0,00;;0,00;;0,00;0,00;0,00;0,00;0,00;0,00;0,00;0,00;;;;;;N;;0,00;;;;;;;;;N;N;;N;;;;0,00;N;N;N;;;;;N;;;;;S;S;N;E;;PA;1;1;;1;;0,00;;4,50;;1,00;N;0,00;;;;N;;;;N;;;;0,00;;;;;;;;;28/06/2017;;;;;;N;;;;;N;;;;;;;;;1,00;100,00;;1;;;;V;N;;;;N;;;;;;;;;N;;;;;;;;;N;;;N;OM;;N;N;;;;;N;N;;;0;;;;;;;;;N;;1,00;;U;;;;;N;N;N;0
143;BISC TRIGOLINO MARIA TRAD 400G;94;OCRIM SA PRODUTOS ALIMENTICIOS (FILIAL);22;LANCHE;2206;BISCOITO DOCE;;;220601;BISCOITO MARIA;;;L;OT;UNIDADE;UN;UNIDADE;1,00;CX C/ 20UN;CX;CAIXA;20,00;0,45;0,45;19059020.1;BOLACHAS (COM ST);19059020;;13;14;13;7896593401095,00;27896593401099,00;7896593401095,00;00500083;0;143;BISC TRIGOLINO MARIA TRAD 400G;;143;BISC TRIGOLINO MARIA TRAD 400G;;;;;N;;;;;;;;;;;;;;;;;;FL;;;;;N;;S;;;;;;N;;;;;;;;;;;;;15;FERNANDO FREIRE;107;MARCOS ANTONIO ESPINDOLA FRANCA;453;16/12/1992;27/12/2022 15:07:05;07/10/2025 10:04:44;27/12/2022 15:07:05;09/04/2015;;S;S;N;;B;C;;N;;;1,00;0,50;0,50;0,50;P;0,00;;;4,84;0,00;;0,00;21;;S;0;;;N;N;N;R;0,00;0,00;0,00;0,00;0,00;0,00;0,00;0,00;0,00;0,00;;0,00;0,00;N;N;;S;N;;;N;;;;N;;;;;S;0,00;;;N;N;;;;;N;;;;N;N;;0,00;0,00;;0,00;;0,00;0,00;0,00;0,00;0,00;0,00;0,00;0,00;;;;;;N;;0,00;;;;;;;;;N;N;;N;;;;0,00;N;N;N;;;;;N;;;;;S;S;N;E;;PA;1;1;;1;;0,00;;9,00;;1,00;N;0,00;;;;N;;;;N;;;;0,00;;;;;;;;;19/08/2017;;;;;;N;;;;;N;;;;;;;;;1,00;100,00;;1;;;;V;N;;;;N;;;;;;;;;N;;;;;;;;;N;;;N;OM;;N;N;;;;;N;N;;;0;;;;;;;;;N;;1,00;;U;;;;;N;N;N;0
144;BISC TRIGOLINO MARIA CHOC 400G;94;OCRIM SA PRODUTOS ALIMENTICIOS (FILIAL);22;LANCHE;2206;BISCOITO DOCE;;;220602;BISCOITO MARIA SABORIZADO;;;L;OT;UNIDADE;UN;UNIDADE;1,00;CX C/ 20UN;CX;CAIXA;20,00;0,45;0,45;19059020.1;BOLACHAS (COM ST);19059020;;13;14;13;7896593401910,00;27896593401914,00;7896593401910,00;00500084;9;144;BISC TRIGOLINO MARIA CHOC 400G;;143;BISC TRIGOLINO MARIA TRAD 400G;;;;;N;;;;;;;;;;;;;;;;1;DISTRIBUIDORA FREITAS LOPES LTDA;FL;;;;;N;;S;;;;;;N;;;;;;;;;;;;;15;FERNANDO FREIRE;107;MARCOS ANTONIO ESPINDOLA FRANCA;453;15/12/1992;27/12/2022 15:07:05;07/10/2025 10:04:44;27/12/2022 15:07:05;09/04/2015;;S;S;N;;C;C;;N;;;1,00;0,50;0,50;0,50;P;0,00;;;3,48;0,00;;0,00;21;;S;0;1;DISTRIBUIDORA FREITAS LOPES LTDA;N;N;N;R;0,00;0,00;0,00;0,00;0,00;0,00;0,00;0,00;0,00;0,00;;0,00;0,00;N;N;;S;N;;;N;;;;N;;;;;S;0,00;;;N;N;;;;;N;;;;N;N;;0,00;0,00;;0,00;;0,00;0,00;0,00;0,00;0,00;0,00;0,00;0,00;;;;;;N;;0,00;;;;;;;;;N;N;;N;;;;0,00;N;N;N;;;;;N;;;;;S;S;N;E;;PA;1;1;;1;;0,00;;9,00;;1,00;N;0,00;;;;N;;;;N;;;;0,00;;;;;;;;;12/12/2017;;;;;;N;;;;;N;;;;;;;;;1,00;100,00;;1;;;;V;N;;;;N;;;;;;;;;N;;;;;;;;;N;;;N;OM;;N;N;;;;;N;N;;;0;;;;;;;;;N;;1,00;;U;;;1;;N;N;N;0
181;LEITE PO COMP BEMBOM SCH 200G;1666;TANGARA IMPORTADORA E EXPORTADORA S/A;25;MATINAL;2508;COMPOSTO LACTEO;;;250802;COMPOSTO LACTEO 200GR;;;L;OT;UNIDADE;UN;UNIDADE;1,00;FD C/ 50UN;FD;FARDO;50,00;0,20;0,21;19019090.;"COMPOSTO/ MISTURA LACTEA - ICMS CREDITO PRESUMIDO
";19019090;;13;14;13;7898945743877,00;17898945743874,00;7898945743877,00;001962;3;181;LEITE PO COMP BEMBOM SCH 200G;;181;LEITE PO COMP BEMBOM SCH 200G;;;;;N;;;;;;;;;;;;;;;P:\BRUUUUUNO\181.PNG;;;  ;;;;;N;;S;;;1;FOOD;;N;;;;;;;;;;;;;15;FERNANDO FREIRE;103;ELAINE DO NASCIMENTO CABRAL SOUSA;217;;11/08/2025;21/11/2025 10:03:05;30/10/2025 14:21:57;09/04/2015;;S;S;N;;A;A;;N;;;1,00;0,50;0,50;0,50;P;0,00;;;4,95;0,00;;0,00;21;;S;0;;;N;N;N;R;0,00;0,00;0,00;0,00;0,00;0,00;0,00;0,00;0,00;0,00;;0,00;0,00;N;N;;S;N;;;N;;;;N;;;;;S;0,00;;;N;N;;;;;S;;;;N;N;;0,00;0,00;;0,00;;0,00;0,00;0,00;0,00;0,00;0,00;0,00;0,00;;;;;;N;;0,00;;;;;;;;;N;N;;N;;;;0,00;N;N;N;;;;;N;;;;;S;S;N;E;;PA;1;1;;1;;0,00;;10,50;;1,00;N;0,00;;;;N;;;;N;;S;;0,00;;;;;;;;;;;;;;;N;;20;;;N;;;;;;;;;1,00;100,00;;1;;;;V;N;;;;N;;;;;;;;;N;;;;;;;;;N;;;N;OM;;N;N;;;;N;N;N;;;0;;;;;;;;;N;;1,00;;U;;;;;N;N;N;0
5264;LEITE PO ITALAC DESN 200G;46;GOIAS MINAS INDUSTRIA DE LATICINIOS LTDA;25;MATINAL;2502;LEITE PO;;;250206;LEITE PO DESNATADO SACHE 120 A 200 GR;;;L;OT;UNIDADE;UN;UNIDADE;1,00;FD C/ 50UN;FD;FARDO;50,00;0,21;0,21;04022120.;LEITE PARCIALMENTE DESNATADO;04022120;;13;14;13;7898080640550,00;17898080640557,00;7898080640550,00;20020301;8;5264;LEITE PO ITALAC DESN 200G;;5264;LEITE PO ITALAC DESN 200G;;;;;N;;;;;;;;;;;;;;;;;;FL;;;;;N;;S;;;;;;N;;;;;;;;;;;;;1701;LETICIA MARIA DA SILVA;107;MARCOS ANTONIO ESPINDOLA FRANCA;453;15/12/1992;27/12/2022 16:17:38;07/05/2025 13:45:01;27/12/2022 16:17:38;28/03/2019;;S;S;N;;C;C;;N;;;1,00;0,50;0,50;0,50;P;0,00;;;3,20;0,00;;0,00;21;;S;0;;;N;N;N;R;0,00;0,00;0,00;0,00;0,00;0,00;0,00;0,00;0,00;0,00;;0,00;0,00;N;N;;S;N;;;N;;;;N;;;;;S;0,00;;;N;N;;;;;S;;;;N;N;;0,00;0,00;;0,00;;0,00;0,00;0,00;0,00;0,00;0,00;0,00;0,00;;;;;;N;;0,00;;;;;;;;;N;N;;N;;;;0,00;N;N;N;;;;;N;;;;;S;S;N;E;;PA;1;1;1,00;1;;0,00;;10,50;;1,00;N;0,00;;;;N;;;;N;;;;0,00;;;;;;;;;17/01/2018;;;;;;N;;;;;N;1,00;;;;;;;;1,00;1,00;;1;1;;;V;N;;;;N;;;;;;;;;N;;;;;;;;;N;;;N;OM;;N;N;;;;;N;N;;;0;;;;;;;;;N;;1,00;;U;;;;;N;N;N;0
182;LEITE PO COMP DOBON SCH 200G;973;LACTALIS DO BRASIL TEUTONIA(RS);25;MATINAL;2508;COMPOSTO LACTEO;;;250802;COMPOSTO LACTEO 200GR;;;L;OT;UNIDADE;PC;PACOTE;1,00;FD C/ 50UN;FD;FARDO;50,00;0,20;0,21;19019090.;"COMPOSTO/ MISTURA LACTEA - ICMS CREDITO PRESUMIDO
";19019090;;13;14;13;7891097102042,00;17891097102049,00;7891097102042,00;182;1;182;LEITE PO COMP DOBON SCH 200G;;182;LEITE PO COMP DOBON SCH 200G;;;PC;PACOTE;N;;;;;;;;;;;;;;;P:\BRUUUUUNO\182.PNG;;;  ;;;;;N;;S;;;1;FOOD;;N;;;;;;;;;;;;;15;FERNANDO FREIRE;217;COMPRADOR - CRISTIANO;217;;20/02/2025 12:16:32;24/11/2025 21:04:10;07/08/2025 13:40:20;09/04/2015;;S;S;N;;A;A;;N;;;1,00;0,50;0,50;0,50;P;0,00;;;4,59;0,00;;0,00;21;;S;0;;;N;N;N;R;0,00;0,00;0,00;0,00;0,00;0,00;0,00;0,00;0,00;0,00;;0,00;0,00;N;N;;S;N;;;N;;;;N;;;;;S;0,00;;;N;N;;;;;S;;;;N;N;;0,00;0,00;;0,00;;0,00;0,00;0,00;0,00;0,00;0,00;0,00;0,00;;;;;;N;;0,00;;;;;;;;;N;N;;N;;;;0,00;N;N;N;;;;;N;;;;;S;S;N;E;;PA;1;1;;1;;0,00;;10,50;;1,00;N;0,00;;;;N;;;;N;;S;;0,00;;;;;;;;;;;;;;;N;;20;;;N;;;;;;;;;1,00;100,00;;1;;;;V;N;;;;N;;;;;;;;;N;;;;;;;;;N;;;N;OM;;N;N;;;;N;N;N;;;0;;;;;;;;;N;;1,00;;U;;;;;N;N;N;0
183;LEITE PO COMP PIRACANJUBA OTIMO SC 200G;71;LATICINIOS BELA VISTA LTDA;25;MATINAL;2508;COMPOSTO LACTEO;8;PIRACANJUBA;250802;COMPOSTO LACTEO 200GR;;;L;OT;UNIDADE;UN;UNIDADE;1,00;FD C/ 50UN;FD;FARDO;50,00;0,21;0,21;19019090.;"COMPOSTO/ MISTURA LACTEA - ICMS CREDITO PRESUMIDO
";19019090;;13;14;13;7898215152453,00;17898215152450,00;7898215152453,00;00200222;0;183;LEITE PO COMP PIRACANJUBA OTIMO SC 200G;;183;LEITE PO COMP PIRACANJUBA OTIMO SC 200G;;;;;N;;;;;;;;;;;;;;;;;;  ;;;;;N;;S;;;;;;N;;;;;;;;;;;;;15;FERNANDO FREIRE;217;COMPRADOR - CRISTIANO;217;;25/10/2024 09:20:27;06/06/2025 14:59:51;25/10/2024 09:20:27;09/04/2015;;S;S;N;;A;A;;N;;;1,00;0,50;0,50;0,50;P;0,00;;;4,04;0,00;;0,00;21;;S;0;;;N;N;N;R;0,00;0,00;0,00;0,00;0,00;0,00;0,00;0,00;0,00;0,00;;0,00;0,00;N;N;;S;N;;;N;;;;N;;;;;S;0,00;;;N;N;;;;;S;;;;N;N;;0,00;0,00;;0,00;;0,00;0,00;0,00;0,00;0,00;0,00;0,00;0,00;;;;;;N;;0,00;;;;;;;;;N;N;;N;;;;0,00;N;N;N;;;;;N;;;;;S;S;N;E;;PA;1;1;;1;;0,00;;10,33;;1,00;N;0,00;;;;N;;;;N;;S;;0,00;;;;;;;;;;;;;;;N;;20;;;N;;;;;;;;;1,00;100,00;;1;;;;V;N;;;;N;;;;;;;;;N;;;;;;;;;N;;;N;OM;;N;N;;;;N;N;N;;;0;;;;;;;;;N;;1,00;;U;;;;;N;N;N;0
184;CONS ANGLO CARNE DESFIAR TRAD  320G;64;JBS S/A (SP);13;ALIMENTOS EM CONSERVA;1301;CONSERVA DESFIAR;;;130102;CARNE DESFIAR FGO;;;L;OT;1UNX320GR;UN;UNIDADE;1,00;CX C/ 24UN;CX;CAIXA;24,00;0,41;0,41;16025000.1;(ICMS NORMAL 7% E 12%) - CONGELADOS: PIZZAS/LASANHAS/EMPANADOS.;16025000;01;13;14;13;7896037514701,00;17896037516405,00;7896037514701,00;2684;8;184;CONS ANGLO CARNE DESFIAR TRAD  320G;;184;CONS ANGLO CARNE DESFIAR TRAD  320G;;;;;N;;;;;;;;;;;;;;;P:\BRUUUUUNO\184.PNG;2;DISTRIBUIDORA FREITAS LOPES (LA BODEGA);  ;;;;;N;;S;;;;;;N;;;;;;;;;;;;;15;FERNANDO FREIRE;217;COMPRADOR - CRISTIANO;217;;12/02/2025 10:55:04;15/11/2025 08:43:09;16/09/2025 08:57:49;09/04/2015;;S;S;N;;C;B;;N;;;1,00;0,50;0,50;0,50;P;0,00;;;5,83;0,00;;0,00;21;;S;0;;;N;N;N;R;0,00;0,00;0,00;0,00;0,00;0,00;0,00;0,00;0,00;0,00;;0,00;0,00;N;N;;S;N;;;N;;;;N;;;;;S;0,00;;;N;N;;;;;S;;;;N;N;;0,00;0,00;;0,00;;0,00;0,00;0,00;0,00;0,00;0,00;0,00;0,00;;;;;;N;;0,00;;;;;;;;;N;N;;N;;;;0,00;N;N;N;;;;;N;;;;;S;S;N;E;;PA;1;1;;1;;0,00;;9,80;;1,00;N;0,00;;;;N;;;;N;;S;;0,00;;;;;;;;;06/07/2019;;;;100,00;85,00;N;;20;;;N;;;;;;;;;1,00;100,00;;1;;;;V;N;;;;N;;;;;;;;;N;;;;;;;;;N;;;N;OM;;N;N;;;;N;N;N;;;0;;;;;;;;;N;;1,00;;U;;;2;;N;N;N;0
185;CONS ANGLO CARNE FIAMBRE CORTE 320G;65;JBS S/A (SP);13;ALIMENTOS EM CONSERVA;1302;CONSERVA FIAMBRE;;;130201;CARNE FIAMBRE BOV;;;L;OT;1UNX320GR;UN;UNIDADE;1,00;CX C/ 24UN;CX;CAIXA;24,00;0,40;0,40;16025000.1;(ICMS NORMAL 7% E 12%) - CONGELADOS: PIZZAS/LASANHAS/EMPANADOS.;16025000;01;13;14;13;7896037514718,00;17896037514715,00;7896037514718,00;2707;6;185;CONS ANGLO CARNE FIAMBRE CORTE 320G;;185;CONS ANGLO CARNE FIAMBRE CORTE 320G;;;;;N;;;;;;;;;;;;;;;P:\BRUUUUUNO\185.PNG;;;  ;;;;;N;;S;;;;;;N;;;;;;;;;;;;;15;FERNANDO FREIRE;1275;BRUNO FREIRE DE SOUZA;1275;;30/04/2025;05/11/2025 10:13:49;05/11/2025 10:13:49;09/04/2015;;S;S;N;;C;C;;N;;;1,00;0,50;0,50;0,50;P;0,00;;;5,42;0,00;;0,00;21;;S;0;;;N;N;N;R;0,00;0,00;0,00;0,00;0,00;0,00;0,00;0,00;0,00;0,00;;0,00;0,00;N;N;;S;N;;;N;;;;N;;;;;S;0,00;;;N;N;;;;;S;;;;N;N;;0,00;0,00;;0,00;;0,00;0,00;0,00;0,00;0,00;0,00;0,00;0,00;;;;;;N;;0,00;;;;;;;;;N;N;;N;;;;0,00;N;N;N;;;;;N;;;;;S;S;N;E;;PA;1;1;;1;;0,00;;9,50;;1,00;N;0,00;;;;N;;;;N;;S;;0,00;;;;;;;;;03/04/2019;;;;100,00;85,00;N;;20;;;N;;;;;;;;;1,00;100,00;;1;;;;V;N;;;;N;;;;;;;;;N;;;;;;;;;N;;;N;OM;;N;N;;;;N;N;N;;;0;;;;;;;;;N;;1,00;;U;;;;;N;N;N;0
186;CONS BERTIN CARNE DESFIAR TRAD 320G;68;JBS S/A (RJ);13;ALIMENTOS EM CONSERVA;1301;CONSERVA DESFIAR;;;130102;CARNE DESFIAR FGO;;;L;OT;1UNX320GR;UN;UNIDADE;1,00;CX C/ 24UN;CX;CAIXA;24,00;0,42;0,42;16025000.1;(ICMS NORMAL 7% E 12%) - CONGELADOS: PIZZAS/LASANHAS/EMPANADOS.;16025000;01;13;14;13;7894351099867,00;8808203,00;7894351099867,00;360303;4;186;CONS BERTIN CARNE DESFIAR TRAD 320G;;186;CONS BERTIN CARNE DESFIAR TRAD 320G;;;;;N;;;;;;;;;;;;;;;;;;  ;;;;;N;;S;;;;;;N;;;;;;;;;;;;;15;FERNANDO FREIRE;1275;BRUNO FREIRE DE SOUZA;1275;;22/05/2024 13:40:03;06/06/2025 14:59:51;22/05/2024 13:40:03;09/04/2015;;S;S;N;;A;A;;N;;;1,00;0,50;0,50;0,50;P;0,00;;;8,74;0,00;;0,00;21;;S;0;;;N;N;N;R;5,00;0,00;0,00;0,00;0,00;0,00;0,00;0,00;0,00;0,00;;0,00;0,00;N;N;;S;N;;;N;;;;N;;;;;S;0,00;;;N;N;;;;;S;;;;N;N;;0,00;0,00;;0,00;;0,00;0,00;0,00;0,00;0,00;0,00;0,00;0,00;;0,00;;;;N;;0,00;;;;;;;;;N;N;;N;;;;5,00;N;N;N;;;;;N;;;;;N;S;N;E;;PA;1;1;;1;;0,00;;10,10;;1,00;N;0,00;;;;N;;;;N;;;;0,00;;;;;;;;;19/03/2021;;;;100,00;85,00;N;;20;;;N;;;;;;;;;1,00;100,00;;1;;;;V;N;;;;N;;;;;;;;;N;;;;;;;;;N;;;N;OM;;N;N;;;;N;N;N;;;0;;;;;;;;;N;;1,00;;U;;;;;N;N;N;0
30353;ESCO LINGUA BITUFO HALITO PURO;1408;OKAJIMA DISTRIBUICAO E COMERCIO LTDA;1;MIGRACAO;1;MIGRACAO;;;1;MIGRACAO;;;L;OT;UNIDADE;UN;UNIDADE;1,00;1X1;UN;UNIDADE;1,00;1,00;1,00;96032100.;"ESCOVAS DE DENTES,INCL.AS ESCOVAS P/DENTADURAS - ICMS ANTEC
";96032100;;13;0;13;7896114312916,00;0,00;7896114312916,00;47559;4;30353;ESCO LINGUA BITUFO HALITO PURO;;30353;ESCO LINGUA BITUFO HALITO PURO;;;;;N;;;;;;;;;;;;;;;;;;FL;;;;;N;;S;;;;;;N;;;;;;;;;;;;;453;AMF CONSULTA;453;AMF CONSULTA;453;09/06/2025;03/03/2023 08:54:26;09/06/2025 18:25:06;03/03/2023 08:54:26;16/11/2022;;S;S;N;;;;;N;;;1,00;0,50;0,50;0,50;P;0,00;;;14,39;0,00;;0,00;28;;N;0;;;N;N;N;R;0,00;0,00;0,00;0,00;0,00;0,00;0,00;0,00;0,00;0,00;;0,00;0,00;N;N;;S;N;;;N;;;;N;;;;;S;0,00;;;N;N;;;;;N;;;;N;N;;0,00;0,00;;0,00;;0,00;0,00;0,00;0,00;0,00;0,00;0,00;0,00;;;;;;N;;0,00;;;;;;;;;N;N;;N;;;;0,00;N;N;S;;;;;N;;;;;N;S;N;E;;PA;1;1;;1;;;;;;;S;0,00;;;;N;;;;N;;;;0,00;;;;;;;;;;;;;;;N;;20;;;N;;;;;;;;;1,00;1,00;;1;;;;V;N;;;;N;;;;;;;;;N;;;;;;;;;N;;;N;OM;;N;N;;;;;N;N;;;0;;;;;;;;;N;;1,00;;U;;;3;;N;N;N;0
187;CONS BERTIN CARNE FIAMBRE CORTE 320G;68;JBS S/A (RJ);13;ALIMENTOS EM CONSERVA;1302;CONSERVA FIAMBRE;;;130201;CARNE FIAMBRE BOV;;;L;OT;1UNX320GR;UN;UNIDADE;1,00;CX C/ 24UN;CX;CAIXA;24,00;0,40;0,40;16025000.1;(ICMS NORMAL 7% E 12%) - CONGELADOS: PIZZAS/LASANHAS/EMPANADOS.;16025000;01;13;14;13;7894351042610,00;17899567242325,00;7894351042610,00;367752;2;187;CONS BERTIN CARNE FIAMBRE CORTE 320G;;187;CONS BERTIN CARNE FIAMBRE CORTE 320G;;;;;N;;;;;;;;;;;;;;;;;;FL;;;;;N;;S;;;;;;N;;;;;;;;;;;;;15;FERNANDO FREIRE;453;AMF CONSULTA;453;15/12/1992;31/10/2022 12:48:40;07/05/2025 13:45:01;31/10/2022 12:48:40;09/04/2015;;S;S;N;;C;C;;N;;;1,00;0,50;0,50;0,50;P;0,00;;;2,41;0,00;;0,00;21;;S;0;;;N;N;N;R;0,00;0,00;0,00;0,00;0,00;0,00;0,00;0,00;0,00;0,00;;0,00;0,00;N;N;;S;N;;;N;;;;N;;;;;S;0,00;;;N;N;;;;;S;;;;N;N;;0,00;0,00;;0,00;;0,00;0,00;0,00;0,00;0,00;0,00;0,00;0,00;;;;;;N;;0,00;;;;;;;;;N;N;;N;;;;0,00;N;N;N;;;;;N;;;;;S;S;N;E;;PA;1;1;;1;;0,00;;4,81;;;N;0,00;;;;N;;;;N;;;;0,00;;;;;;;;;18/03/2020;;;;100,00;85,00;N;;;;;N;;;;;;;;;1,00;100,00;;1;;;;V;N;;;;N;;;;;;;;;N;;;;;;;;;N;;;N;OM;;N;N;;;;;N;N;;;0;;;;;;;;;N;;1,00;;U;;;;;N;N;N;0
188;CONS BORDON CARNE DESFIAR TRAD 320G;67;JBS S/A (SP);13;ALIMENTOS EM CONSERVA;1301;CONSERVA DESFIAR;;;130102;CARNE DESFIAR FGO;;;L;OT;1UNX320GR;UN;UNIDADE;1,00;CX C/ 24UN;CX;CAIXA;24,00;0,34;0,34;16025000.1;(ICMS NORMAL 7% E 12%) - CONGELADOS: PIZZAS/LASANHAS/EMPANADOS.;16025000;01;13;14;13;7896031217080,00;27896031217084,00;7896031217080,00;2685;0;188;CONS BORDON CARNE DESFIAR TRAD 320G;;188;CONS BORDON CARNE DESFIAR TRAD 320G;;;;;N;;;;;;;;;;;;;;;P:\BRUUUUUNO\188.PNG;;;  ;;;;;N;;S;;;;;;N;;;;;;;;;;;;;15;FERNANDO FREIRE;1275;BRUNO FREIRE DE SOUZA;103;;01/04/2025;19/11/2025 09:44:22;19/11/2025 09:04:47;09/04/2015;;S;S;N;;C;A;;N;;;1,00;0,50;0,50;0,50;P;0,00;;;6,60;0,00;;0,00;21;;S;0;;;N;N;N;R;0,00;0,00;0,00;0,00;0,00;0,00;0,00;0,00;0,00;0,00;;0,00;0,00;N;N;;S;N;;;N;;;;N;;;;;S;0,00;;;N;N;;;;;S;;;;N;N;;0,00;0,00;;0,00;;0,00;0,00;0,00;0,00;0,00;0,00;0,00;0,00;;;;;;N;;0,00;;;;;;;;;N;N;;N;;;;0,00;N;N;N;;;;;N;;;;;S;S;N;E;;PA;1;1;;1;;0,00;;9,63;;1,00;N;0,00;;;;N;;;;N;;S;;0,00;;;;;;;;;10/05/2020;;;;100,00;85,00;N;;20;;;N;;;;;;;;;1,00;100,00;;1;;;;V;N;;;;N;;;;;;;;;N;;;;;;;;;N;;;N;OM;;N;N;;;;N;N;N;;;0;;;;;;;;;N;;1,00;;U;;;;;N;N;N;0
215;GEL DENT SORRISO FRESH MENTHOL 90G;175;COLINA DISTRIBUIDORA DE PRODUTOS ALIMENTICIOS EIRELI;27;HIGIENE PESSOAL;2706;HIGIENE BUCAL;10;COLGATE;270602;CREME DENTAL 90 GR;;;L;OT;UNIDADE;UN;UNIDADE;1,00;CX C/ 72UN;CX;CAIXA;72,00;0,11;0,11;33069000.;OUTRAS PREP.P/HIGIENE BUCAL OU DENTARIA ;33069000;;13;14;13;7891528038568,00;17891528038565,00;7891528038568,00;;1;213;GEL DENT SORRISO FRESH HORTELA 90G;;213;GEL DENT SORRISO FRESH HORTELA 90G;;;;;N;;;;;;;;;;;;;;;;;;  ;;;;;N;;S;;;;;;N;;;;;;;;;;;;;15;FERNANDO FREIRE;1275;BRUNO FREIRE DE SOUZA;453;;13/12/2022 17:31:19;06/06/2025 14:59:51;13/12/2022 17:31:19;09/04/2015;;S;S;N;;C;C;;N;;;1,00;0,50;0,50;0,50;P;0,00;;;4,35;0,00;;0,00;21;;N;0;;;N;N;N;R;0,00;0,00;0,00;0,00;0,00;0,00;0,00;0,00;0,00;0,00;;0,00;0,00;N;N;;S;N;;;N;;;;N;;;;;S;0,00;;;N;N;;;;;N;;;;N;N;;0,00;0,00;;0,00;;0,00;0,00;0,00;0,00;0,00;0,00;0,00;0,00;;;;;;N;;0,00;;;;;;;;;N;N;;N;;;;0,00;N;N;N;;;;;N;;;;;S;S;N;E;;PA;1;1;;1;;0,00;;7,67;;;N;0,00;;;;N;;;;N;;;;0,00;;;;;;;;;01/10/2019;;;;;;N;;20;;;N;;;;;;;;;1,00;100,00;;1;;;;V;N;;;;N;;;;;;;;;N;;;;;;;;;N;;;N;OM;;N;N;;;;;N;N;;;0;;;;;;;;;N;;1,00;;U;;;;;N;N;N;0
216;CR DENT SORRISO SUPER REFRES 180G;175;COLINA DISTRIBUIDORA DE PRODUTOS ALIMENTICIOS EIRELI;27;HIGIENE PESSOAL;2706;HIGIENE BUCAL;10;COLGATE;270603;CREME DENTAL 180GR;;;L;OT;UNIDADE;UN;UNIDADE;1,00;CX C/ 72UN;CX;CAIXA;72,00;0,21;0,21;33069000.;OUTRAS PREP.P/HIGIENE BUCAL OU DENTARIA ;33069000;;13;14;13;7891528032405,00;17891528032402,00;7891528032405,00;216;0;208;CR DENT SORRISO D BRANCO 180G;;216;CR DENT SORRISO SUPER REFRES 180G;;;;;N;;;;;;;;;;;;;;;;;;FL;;;; ;N;;S;;;;;;N;;;;;;;;;;;;;15;FERNANDO FREIRE;156;JOSUE CONCEICAO DE OLIVEIRA;156;15/12/1992;21/11/2023 15:17:44;07/05/2025 13:45:01;21/11/2023 15:17:44;09/04/2015;;S;S;N;;C;C;;N;;;1,00;0,50;0,50;0,50;P;0,00;;;3,74;0,00;;0,00;21;;S;0;;;N;N;N;R;0,00;0,00;0,00;0,00;0,00;0,00;0,00;0,00;0,00;0,00;;0,00;0,00;N;N;;S;N;;;N;;;;N;;;;;S;0,00;;;N;N;;;;;N;;;;N;N;;0,00;0,00;;0,00;;0,00;0,00;0,00;0,00;0,00;0,00;0,00;0,00;;;;;;N;;0,00;;;;;;;;;N;N;;N;;;;0,00;N;N;N;;;;;N;;;;;N;S;N;E;;PA;1;1;;2;;0,00;;14,84;;1,00;N;0,00;;;;N;;;;N;;;;0,00;;;;;;;;;01/05/2019;;;;;;N;;;;;N;;;;;;;;;1,00;100,00;;1;;;;V;N;;;;N;;;;;;;;;N;;;;;;;;;N;;;N;OM;;N;N;;;;N;N;N;;;0;;;;;;;;;N;;1,00;;U;;;;;N;N;N;0
217;CR DENT SORRISO T LIMP COMPLETA 180G;175;COLINA DISTRIBUIDORA DE PRODUTOS ALIMENTICIOS EIRELI;1;MIGRACAO;1;MIGRACAO;10;COLGATE;1;MIGRACAO;;;L;OT;UNIDADE;UN;UNIDADE;1,00;CX C/ 72UN;CX;CAIXA;72,00;0,06;0,06;33069000.;OUTRAS PREP.P/HIGIENE BUCAL OU DENTARIA ;33069000;;13;0;13;7509546671574,00;0,00;7509546671574,00;;8;209;CR DENT SORRISO D BRANCO 50G;;209;CR DENT SORRISO D BRANCO 50G;;;;;N;;;;;;;;;;;;;;;;;;FL;;;; ;N;;S;;;;;;N;;;;;;;;;;;;;15;FERNANDO FREIRE;107;MARCOS ANTONIO ESPINDOLA FRANCA;453;16/12/1992;17/11/2022 18:36:13;07/05/2025 13:45:01;17/11/2022 18:36:13;09/04/2015;;S;S;N;;C;C;;N;;;1,00;0,50;0,50;0,50;P;0,00;;;4,65;0,00;;0,00;21;;S;0;;;N;N;N;R;0,00;0,00;0,00;0,00;0,00;0,00;0,00;0,00;0,00;0,00;;0,00;0,00;N;N;;S;N;;;N;;;;N;;;;;S;0,00;;;N;N;;;;;N;;;;N;N;;0,00;0,00;;0,00;;0,00;0,00;0,00;0,00;0,00;0,00;0,00;0,00;;;;;;N;;0,00;;;;;;;;;N;N;;N;;;;0,00;N;N;N;;;;;N;;;;;S;S;N;E;;PA;1;1;;2;;0,00;;8,90;;1,00;N;0,00;;;;N;;;;N;;;;0,00;;;;;;;;;01/10/2019;;;;;;N;;;;;N;;;;;;;;;1,00;100,00;;1;;;;V;N;;;;N;;;;;;;;;N;;;;;;;;;N;;;N;OM;;N;N;;;;;N;N;;;0;;;;;;;;;N;;1,00;;U;;;;;N;N;N;0
27756;EMB BAND COPOBRAS CF-002 AZUL PREMIUM;649;COPOBRAS S/A IND E COM DE EMBALAGENS;1;MIGRACAO;1;MIGRACAO;353;DESCARTAVEL;1;MIGRACAO;;;L;OT;UNIDADE;UN;UNIDADE;1,00;400X1;UN;UNIDADE;400,00;1,00;1,00;39239090.;"ARTIGOS DE TRANSPORTE OU DE EMBALAGEM, DE PLASTICO; ROLHAS, TAMPAS, CAPSULAS E OUTROS DISPOSITIVOS PARA FECHAR RECIPIENTES, DE PLASTICO.";39239090;;8;0;8;27756,00;0,00;27756,00;400178;;27756;EMB BAND COPOBRAS CF-002 AZUL PREMIUM;;24977;EMB BAND COPOBRAS CF-002 AMAR PREM C/400;;;;;N;;;;;;;;;;;;;;;;;;FL;;;;;N;;S;;;;;;N;;;;;;;;;;;;;335;COMPRADOR 13 - RONALDO DIAS;453;AMF CONSULTA;453;15/12/1992;03/03/2023 08:54:25;05/03/2024 12:05:53;03/03/2023 08:54:25;23/04/2022;;S;N;N;;;;;N;;;1,00;0,50;0,50;0,50;P;0,00;;;0,32;0,00;;0,00;28;;N;0;;;N;N;N;R;0,00;0,00;0,00;0,00;0,00;0,00;0,00;0,00;0,00;0,00;;0,00;0,00;N;N;;S;N;;;N;;;;N;;;;;S;0,00;;;N;N;;;;;N;;;;N;N;;0,00;0,00;;0,00;;0,00;0,00;0,00;0,00;0,00;0,00;0,00;0,00;;;;;;N;;0,00;;;;;;;;;N;N;;N;;;;0,00;N;N;S;;;;;N;;;;;N;S;N;E;;PA;1;1;;1;;;;;;;N;0,00;;;;N;;;;N;;;;0,00;;;;;;;;;;;;;;;N;;;;;N;;;;;;;;;1,00;1,00;;1;;;;V;N;;;;N;;;;;;;;;N;;;;;;;;;N;;;N;OM;;N;N;;;;;N;N;;;0;;;;;;;;;N;;1,00;;U;;;;;N;N;N;0
218;CR DENT SORRISO T EXTRA FRESH 90G;135;ARMAZEM MATEUS S/A (PA);27;HIGIENE PESSOAL;2706;HIGIENE BUCAL;;;270602;CREME DENTAL 90 GR;;;L;OT;UNIDADE;PC;PACOTE;1,00;CX C/ 144UN;CX;CAIXA;144,00;0,10;0,10;33069000.;OUTRAS PREP.P/HIGIENE BUCAL OU DENTARIA ;33069000;;0;0;0;0,00;0,00;0,00;218;6;218;CR DENT SORRISO T EXTRA FRESH 90G;;218;CR DENT SORRISO T EXTRA FRESH 90G;;;;;N;;;;;;;;;;;;;;;;;;FL;;;;;N;;N;;;;;;N;;;;;;;;;;;;;15;FERNANDO FREIRE;453;AMF CONSULTA;453;15/12/1992;17/11/2022 18:36:05;07/05/2025 13:45:01;17/11/2022 18:36:05;09/04/2015;;S;S;N;;C;;;N;;;1,00;0,50;0,50;0,50;P;0,00;;;0,00;0,00;;0,00;21;;N;0;;;N;N;N;R;0,00;0,00;0,00;0,00;0,00;0,00;0,00;0,00;0,00;0,00;;0,00;0,00;N;N;;S;N;;;N;;;;N;;;;;S;0,00;;;N;N;;;;;N;;;;N;N;;0,00;0,00;;0,00;;0,00;0,00;0,00;0,00;0,00;0,00;0,00;0,00;;;;;;N;;0,00;;;;;;;;;N;N;;N;;;;;N;N;N;;;;;N;;;;;N;S;N;E;;PA;1;1;;1;;;;;;;N;0,00;;;;N;;;;N;;;;;;;;;;;;;;;;;;;N;;;;;N;;;;;;;;;1,00;100,00;;1;;;;V;N;;;;N;;;;;;;;;N;;;;;;;;;N;;;N;OM;;N;N;;;;;N;N;;;0;;;;;;;;;N;;1,00;;U;;;;;N;N;N;0
219;CREME LEITE CCGL LEVE TP 200G;26;COOPERATIVA CENTRAL GAUCHA LTDA;19;DOCERIA;1903;CREME DE LEITE;;;190302;CREME LEITE TP;;;L;OT;UNIDADE;UN;UNIDADE;1,00;CX C/ 27UN;CX;CAIXA;27,00;0,20;0,21;04022130.;CREME DE LEITE,MAT.GORD.SUP.1,5%, S/ACUCAR ;04022130;;13;14;13;7898929966827,00;17898929966824,00;7898929966827,00;PA000054;4;219;CREME LEITE CCGL LEVE TP 200G;;219;CREME LEITE CCGL LEVE TP 200G;;;;;N;;;;;;;;;;;;;;;P:\BRUUUUUNO\219.PNG;;;  ;;;;;N;;S;;;;;;N;;;;;;;;;;;;;15;FERNANDO FREIRE;217;COMPRADOR - CRISTIANO;217;;23/01/2025 13:22:48;06/11/2025 14:28:29;23/01/2025 13:22:48;09/04/2015;;S;S;N;;C;B;;N;;;1,00;0,50;0,50;0,50;P;0,00;;;2,69;0,00;;0,00;21;;S;0;;;N;N;N;R;7,43;0,00;0,00;0,00;0,00;0,00;0,00;0,00;0,00;0,00;;0,00;0,00;N;N;;S;N;;;N;;;;N;;;;;S;0,00;;;N;N;;;;;N;;;;N;N;;0,00;0,00;;0,00;;0,00;0,00;0,00;0,00;0,00;0,00;0,00;0,00;;;;;;N;;0,00;;;;;;;;;N;N;;N;;;;7,43;N;N;N;;;;;N;;;;;S;S;N;E;;PA;1;1;;1;;0,00;;5,70;;1,00;N;0,00;;;;N;;;;N;;S;;0,00;;;;;;;;;12/07/2017;;;;;;N;;20;;;N;;;;;;;;;1,00;100,00;;1;;;;V;N;;;;N;;;;;;;;;N;;;;;;;;;N;;;N;OM;;N;N;;;;N;N;N;;;0;;;;;;;;;N;;1,00;;U;;;;;N;N;N;0
220;LEITE PO ITALAC INT 200G;46;GOIAS MINAS INDUSTRIA DE LATICINIOS LTDA;19;DOCERIA;1903;CREME DE LEITE;;;190302;CREME LEITE TP;;;L;OT;UNIDADE;UN;UNIDADE;1,00;FD C/ 50UN;FD;FARDO;50,00;0,21;0,21;04022110.;"LEITE INTEGRAL,EM PO,MATERIA GORDA>1.5%,CONCENTR.N/ADOC
	";04022110;;13;14;13;7898080640376,00;7898080640383,00;7898080640376,00;00020010301;8;220;LEITE PO ITALAC INT 200G;;220;LEITE PO ITALAC INT 200G;;;UN;UNIDADE;N;;;;;;;;;;;;;;;;;;  ;;;;;N;;S;;;1;FOOD;;N;;;;;;;;;;;;;15;FERNANDO FREIRE;107;MARCOS ANTONIO ESPINDOLA FRANCA;217;;05/01/2023 14:53:03;06/06/2025 14:59:51;05/01/2023 14:53:03;09/04/2015;;S;S;N;;C;C;;N;;;1,00;0,50;0,50;0,50;P;0,00;;;6,02;0,00;;0,00;21;;N;0;;;N;N;N;R;0,00;0,00;0,00;0,00;0,00;0,00;0,00;0,00;0,00;0,00;;0,00;0,00;N;N;;S;N;;;N;;;;N;;;;;S;0,00;;;N;N;;;;;N;;;;N;N;;0,00;0,00;;0,00;;0,00;0,00;0,00;0,00;0,00;0,00;0,00;0,00;;;;;;N;;0,00;;;;;;;;;N;N;;N;;;;0,00;N;N;N;;;;;N;;;;;S;S;N;E;;PA;1;1;;1;;0,00;;10,28;;1,00;N;0,00;;;;N;;;;N;;;;0,00;;;;;;;;;;;;;;;N;;20;;;N;;;;;;;;;1,00;100,00;;1;;;;V;N;;;;N;;;;;;;;;N;;;;;;;;;N;;;N;OM;;N;N;;;;;N;N;;;0;;;;;;;;;N;;1,00;;U;;;;;N;N;N;0
221;CREME LEITE ITAMBE LT 300G;59;ITAMBE ALIMENTOS S/A;19;DOCERIA;1903;CREME DE LEITE;;;190301;CREME LEITE LATA;;;L;OT;UNIDADE;UN;UNIDADE;1,00;CX C/ 24UN;CX;CAIXA;24,00;0,35;0,35;04022130.;CREME DE LEITE,MAT.GORD.SUP.1,5%, S/ACUCAR ;04022130;;13;14;13;7896051114086,00;27896051114080,00;7896051114086,00;600670103;6;221;CREME LEITE ITAMBE LT 300G;;221;CREME LEITE ITAMBE LT 300G;;;;;N;;;;;;;;;;;;;;;;;;FL;;;;;N;;S;;;;;;N;;;;;;;;;;;;;15;FERNANDO FREIRE;453;AMF CONSULTA;453;16/12/1992;27/12/2022 15:09:48;07/05/2025 13:45:01;27/12/2022 15:09:48;09/04/2015;;S;S;N;;C;C;;N;;;1,00;0,50;0,50;0,50;P;0,00;;;4,07;0,00;;0,00;21;;S;0;;;N;N;N;R;0,00;0,00;0,00;0,00;0,00;0,00;0,00;0,00;0,00;0,00;;0,00;0,00;N;N;;S;N;;;S;;;;N;;;;;S;0,00;;;N;N;;;;;S;;;;N;N;;0,00;0,00;;0,00;;0,00;0,00;0,00;0,00;0,00;0,00;0,00;0,00;;;;;;N;;0,00;;;;;;;;;N;N;;N;;;;0,00;N;N;N;;;;;N;;;;;S;S;N;E;;PA;1;1;;1;;0,00;;8,45;;;N;0,00;;;;N;;;;N;;;;0,00;;;;;;;;;;;;;;;N;;;;;N;;;;;;;;;1,00;100,00;;1;;;;V;N;;;;N;;;;;;;;;N;;;;;;;;;N;;;N;OM;;N;N;;;;;N;N;;;0;;;;;;;;;N;;1,00;;U;;;;;N;N;N;0
222;CREME LEITE ITAMBE TP 200G;59;ITAMBE ALIMENTOS S/A;19;DOCERIA;1903;CREME DE LEITE;;;190302;CREME LEITE TP;;;L;OT;UNIDADE;UN;UNIDADE;1,00;CX C/ 27UN;CX;CAIXA;27,00;0,24;0,24;04022130.;CREME DE LEITE,MAT.GORD.SUP.1,5%, S/ACUCAR ;04022130;;13;14;13;7896051114055,00;17896051114024,00;7896051114055,00;600665-182;4;222;CREME LEITE ITAMBE TP 200G;;222;CREME LEITE ITAMBE TP 200G;;;;;N;;;;;;;;;;;;;;;;;;FL;;;;;N;;N;;;;;;N;;;;;;;;;;;;;2003;ANDERSON CLEYTON AMORIM DO NASCIMENTO;453;AMF CONSULTA;453;28/10/2015;18/11/2022 19:56:55;07/05/2025 13:45:01;18/11/2022 19:56:55;08/05/2015;;S;S;N;;C;C;;N;;;1,00;0,50;0,50;0,50;P;0,00;;;1,11;0,00;;0,00;21;;S;0;;;N;N;N;R;0,00;0,00;0,00;0,00;0,00;0,00;0,00;0,00;0,00;0,00;;0,00;0,00;N;N;;S;N;;;N;;;;N;;;;;S;0,00;;;N;N;;;;;N;;;;N;N;;0,00;0,00;;0,00;;0,00;0,00;0,00;0,00;0,00;0,00;0,00;0,00;;;;;;N;;0,00;;;;;;;;;N;N;;N;;;;0,00;N;N;N;;;;;N;;;;;S;S;N;E;;PA;1;1;;1;;0,00;;5,81;;1,00;N;0,00;;;;N;;;;N;;;;;;;;;;;;;;;;;;;N;;;;;N;;;;;;;;;1,00;100,00;;1;;;;V;N;;;;N;;;;;;;;;N;;;;;;;;;N;;;N;OM;;N;N;;;;;N;N;;;0;;;;;;;;;N;;1,00;;U;;;;;N;N;N;0
26499;EMPORIO AMF CERV BADEN GOLDEN 600ML;2573;EMPORIO AMF;15;BEB ALCOOLICA;1501;CERVEJA;339;EMPORIO;150101;CERVEJA LATA;;;L;OT;UN;UN;UNIDADE;1,00;UN;PC;PACOTE;1,00;0,60;0,60;22030000.;"CERVEJAS DE MALTE

";22030000;;13;13;13;20100,00;0,00;20100,00;;2;26499;EMPORIO AMF CERV BADEN GOLDEN 600ML;;21225;BEB CERV BADEN WITBIER GFA 600ML;;;;;S;;;;;;;;;;;;;;;;;;FL;;;;;N;;S;;;;;;N;;;;;;;;;;;;;340;CEZAR DE MELO GUIMAREES;453;AMF CONSULTA;453;16/12/1992;03/03/2023 08:54:25;05/03/2024 12:05:53;03/03/2023 08:54:25;01/03/2022;;S;N;N;;;;;N;;;1,00;0,50;0,50;0,50;P;0,00;;;5,03;0,00;;0,00;28;;N;0;;;N;N;N;R;0,00;0,00;0,00;0,00;0,00;0,00;0,00;0,00;0,00;0,00;;0,00;0,00;N;N;;S;N;;;N;;;;N;;;;;S;0,00;;;N;N;;;;;N;;;;N;N;;0,00;0,00;;0,00;;0,00;0,00;0,00;4,50;0,00;0,00;0,00;0,00;;;;;;N;;0,00;;;;;;;;;N;N;;N;;;;0,00;N;N;S;;;;;N;;;;;N;S;N;E;;PA;1;1;;1;;;;;;;N;0,00;;;;N;;;;N;;;;0,00;;;;;;;;;;;;;;;N;;;;;N;;;;;;;;;1,00;1,00;;1;;;;V;N;;;;N;;;;;;;;;N;;;;;;;;;N;;;N;OM;;N;N;;;;;N;N;;;0;;;;;;;;;N;;1,00;;U;;;;;S;N;N;0
232;DESC COPO CRISTALCOPO TRANS 200ML C/100;30;CRISTALSUL INDUST E COM DE PRODUT PLASTICOS S/A;18;DESCARTAVEL;1801;COPO DESCARTAVEL;353;DESCARTAVEL;180103;COPO DESCARTAVEL 200ML;;;L;OT;UNIDADE;PC;PACOTE;1,00;CX C/ 25PC;CX;CAIXA;25,00;0,18;0,18;39241000.;"SERVICOS D/MESA,OUTS.UTENS.COZ. D/PLASTICO
";39241000;;13;14;13;7898939720082,00;17898939720089,00;7898939720082,00;232;1;232;DESC COPO CRISTALCOPO TRANS 200ML C/100;;232;DESC COPO CRISTALCOPO TRANS 200ML C/100;;;;;N;;;;;;;;;;;;;;;;;;FL;;;;;N;;S;;;;;;N;;;;;;;;;;;;;15;FERNANDO FREIRE;453;AMF CONSULTA;453;15/12/1992;23/11/2022 14:48:07;07/05/2025 13:45:01;23/11/2022 14:48:07;09/04/2015;;S;S;N;;C;C;;N;;;1,00;0,50;0,50;0,50;P;0,00;;;5,13;0,00;;0,00;21;;S;0;;;N;N;N;R;0,00;0,00;0,00;0,00;0,00;0,00;0,00;0,00;0,00;0,00;;0,00;0,00;N;N;;S;N;;;N;;;;N;;;;;S;0,00;;;N;N;;;;;N;;;;N;N;;0,00;0,00;;0,00;;0,00;0,00;0,00;0,00;0,00;0,00;0,00;0,00;;;;;;N;;0,00;;;;;;;;;N;N;;N;;;;0,00;N;N;N;;;;;N;;;;;S;S;N;E;;PA;1;1;;1;;0,00;;4,30;;;N;0,00;;;;N;;;;N;;;;0,00;;;;;;;;;;;;;;;N;;;;;N;;;;;;;;;1,00;100,00;;1;;;;V;N;;;;N;;;;;;;;;N;;;;;;;;;N;;;N;OM;;N;N;;;;;N;N;;;0;;;;;;;;;N;;1,00;;U;;;;;N;N;N;0
233;DESC COPO CRISTALCOPO TRANS 250ML C/100;30;CRISTALSUL INDUST E COM DE PRODUT PLASTICOS S/A;18;DESCARTAVEL;1801;COPO DESCARTAVEL;353;DESCARTAVEL;180104;COPO DESCARTAVEL 250ML;;;L;OT;UNIDADE;PC;PACOTE;1,00;CX C/ 20PC;CX;CAIXA;20,00;0,23;0,23;39241000.;"SERVICOS D/MESA,OUTS.UTENS.COZ. D/PLASTICO
";39241000;;13;14;13;7898939720396,00;27898939720536,00;7898939720396,00;233;0;233;DESC COPO CRISTALCOPO TRANS 250ML C/100;;233;DESC COPO CRISTALCOPO TRANS 250ML C/100;;;;;N;;;;;;;;;;;;;;;;;;FL;;;;;N;;S;;;;;;N;;;;;;;;;;;;;15;FERNANDO FREIRE;453;AMF CONSULTA;453;15/12/1992;23/11/2022 14:48:07;07/05/2025 13:45:01;23/11/2022 14:48:07;09/04/2015;;S;S;N;;C;C;;N;;;1,00;0,50;0,50;0,50;P;0,00;;;2,23;0,00;;0,00;21;;S;0;;;N;N;N;R;0,00;0,00;0,00;0,00;0,00;0,00;0,00;0,00;0,00;0,00;;0,00;0,00;N;N;;S;N;;;N;;;;N;;;;;S;0,00;;;N;N;;;;;N;;;;N;N;;0,00;0,00;;0,00;;0,00;0,00;0,00;10,00;0,00;0,00;0,00;0,00;;;;;;N;;0,00;;;;;;;;;N;N;;N;;;;0,00;N;N;N;;;;;N;;;;;S;S;N;E;;PA;1;1;;1;;0,00;;4,98;;;N;0,00;;;;N;;;;N;;;;;;;;;;;;;;;;;;;N;;;;;N;;;;;;;;;1,00;100,00;;1;;;;V;N;;;;N;;;;;;;;;N;;;;;;;;;N;;;N;OM;;N;N;;;;;N;N;;;0;;;;;;;;;N;;1,00;;U;;;;;N;N;N;0
234;DESC COPO CRISTALCOPO TRANS 300ML C/100;30;CRISTALSUL INDUST E COM DE PRODUT PLASTICOS S/A;18;DESCARTAVEL;1801;COPO DESCARTAVEL;353;DESCARTAVEL;180105;COPO DESCARTAVEL 300ML;;;L;OT;UNIDADE;PC;PACOTE;1,00;CX C/ 20PC;CX;CAIXA;20,00;0,27;0,27;39241000.;"SERVICOS D/MESA,OUTS.UTENS.COZ. D/PLASTICO
";39241000;;13;14;13;7898939720105,00;17898939720102,00;7898939720105,00;234;8;234;DESC COPO CRISTALCOPO TRANS 300ML C/100;;234;DESC COPO CRISTALCOPO TRANS 300ML C/100;;;;;N;;;;;;;;;;;;;;;;1;DISTRIBUIDORA FREITAS LOPES LTDA;FL;;;;;N;;S;;;;;;N;;;;;;;;;;;;;15;FERNANDO FREIRE;1275;BRUNO FREIRE DE SOUZA;453;15/12/1992;23/11/2022 14:48:07;07/05/2025 13:45:01;23/11/2022 14:48:07;09/04/2015;;S;N;N;;C;C;;N;;;1,00;0,50;0,50;0,50;P;0,00;;;12,20;0,00;;0,00;21;;S;0;;;N;N;N;R;0,00;0,00;0,00;0,00;0,00;0,00;0,00;0,00;0,00;0,00;;0,00;0,00;N;N;;S;N;;;N;;;;N;;;;;S;0,00;;;N;N;;;;;N;;;;N;N;;0,00;0,00;;0,00;;0,00;0,00;0,00;0,00;0,00;0,00;0,00;0,00;;;;;;N;;0,00;;;;;;;;;N;N;;N;;;;0,00;N;N;N;;;;;N;;;;;S;S;N;E;;PA;1;1;;1;;0,00;;5,85;;;N;0,00;;;;N;;;;N;;;;0,00;;;;;;;;;;;;;;;N;;;;;N;;;;;;;;;1,00;100,00;;1;;;;V;N;;;;N;;;;;;;;;N;;;;;;;;;N;;;N;OM;;N;N;;;;;N;N;;;0;;;;;;;;;N;;1,00;;U;;;;;N;N;N;0
235;DESC COPO CRISTALCOPO TRANS 50ML C/100;30;CRISTALSUL INDUST E COM DE PRODUT PLASTICOS S/A;18;DESCARTAVEL;1801;COPO DESCARTAVEL;353;DESCARTAVEL;180107;COPO DESCARTAVEL CAFE 50ML;;;L;OT;UNIDADE;PC;PACOTE;1,00;CX C/ 50PC;CX;CAIXA;50,00;0,08;0,08;39241000.;"SERVICOS D/MESA,OUTS.UTENS.COZ. D/PLASTICO
";39241000;;13;14;13;7898939720020,00;17898939720027,00;7898939720020,00;235;6;235;DESC COPO CRISTALCOPO TRANS 50ML C/100;;235;DESC COPO CRISTALCOPO TRANS 50ML C/100;;;;;N;;;;;;;;;;;;;;;;1;DISTRIBUIDORA FREITAS LOPES LTDA;FL;;;;;N;;S;;;;;;N;;;;;;;;;;;;;15;FERNANDO FREIRE;453;AMF CONSULTA;453;15/12/1992;23/11/2022 14:48:07;07/05/2025 13:45:01;23/11/2022 14:48:07;09/04/2015;;S;N;N;;C;C;;N;;;1,00;0,50;0,50;0,50;P;0,00;;;0,75;0,00;;0,00;21;;S;0;;;N;N;N;R;0,00;0,00;0,00;0,00;0,00;0,00;0,00;0,00;0,00;0,00;;0,00;0,00;N;N;;S;N;;;N;;;;N;;;;;S;0,00;;;N;N;;;;;N;;;;N;N;;0,00;0,00;;0,00;;0,00;0,00;0,00;10,00;0,00;0,00;0,00;0,00;;;;;;N;;0,00;;;;;;;;;N;N;;N;;;;0,00;N;N;N;;;;;N;;;;;N;S;N;E;;PA;1;1;;1;;0,00;;4,70;;;N;0,00;;;;N;;;;N;;;;;;;;;;;;;;;;;;;N;;;;;N;;;;;;;;;1,00;100,00;;1;;;;V;N;;;;N;;;;;;;;;N;;;;;;;;;N;;;N;OM;;N;N;;;;;N;N;;;0;;;;;;;;;N;;1,00;;U;;;;;N;N;N;0
236;DESC PRATO COPOBRAS BRANCO 15CM C/10;649;COPOBRAS S/A IND E COM DE EMBALAGENS;18;DESCARTAVEL;1802;PRATO DESCARTAVEL;353;DESCARTAVEL;180201;PRATO DESCARTAVEL BCO E TRANSP;;;L;OT;UNIDADE;PC;PACOTE;1,00;CX C/ 50PC;CX;CAIXA;50,00;0,03;0,03;39241000.;"SERVICOS D/MESA,OUTS.UTENS.COZ. D/PLASTICO
";39241000;;13;14;13;7898371000056,00;17898371000053,00;7898371000056,00;101020;4;236;DESC PRATO COPOBRAS BRANCO 15CM C/10;;236;DESC PRATO COPOBRAS BRANCO 15CM C/10;;;;;N;;;;;;;;;;;;;;;;;;FL;;;;;N;;S;;;;;;N;;;;;;;;;;;;;15;FERNANDO FREIRE;453;AMF CONSULTA;453;16/12/1992;25/10/2022 08:48:40;07/05/2025 13:45:01;25/10/2022 08:48:40;09/04/2015;;S;S;N;;C;C;;N;;;1,00;0,50;0,50;0,50;P;0,00;;;0,78;0,00;;0,00;21;;S;0;;;N;N;N;R;0,00;0,00;0,00;0,00;0,00;0,00;0,00;0,00;0,00;0,00;;0,00;7,68;N;N;;S;N;;;N;;;;N;;;;;S;0,00;;;N;N;;;;;N;;;;N;N;;0,00;0,00;;0,00;;0,00;0,00;0,00;0,00;0,00;0,00;0,00;0,00;;;;;;N;;0,00;;;;;;;;;N;N;;N;;;;0,00;N;N;N;;;;;N;;;;;S;S;N;E;;PA;1;1;;1;;0,00;;1,67;;1,00;N;0,00;;;;N;;;;N;;;;0,00;;;;;;;;;;;;;;;N;;;;;N;;;;;;;;;1,00;100,00;;1;;;;V;N;;;;N;;;;;;;;;N;;;;;;;;;N;;;N;OM;;N;N;;;;;N;N;;;0;;;;;;;;;N;;1,00;;U;;;;;N;N;N;0
30351;DESOD AER MONANGE CLINIC CONFO 150ML/94G;1408;OKAJIMA DISTRIBUICAO E COMERCIO LTDA;27;HIGIENE PESSOAL;2704;HIGIENE CORPORAL;150;COTY;270407;CREME E HIDRATANTE CORPORAL;;;L;OT;UNIDADE;UN;UNIDADE;1,00;CX C/ 12UN;CX;CAIXA;12,00;0,13;0,13;33072010.;"(ICMS PROTOCOLO 7% E 12%) - DESODORANTES CORPORAIS E ANTIPERSPIRANTES,LIQUIDOS.
";33072010;;13;0;13;7896235354215,00;0,00;7896235354215,00;32873;8;30351;DESOD AER MONANGE CLINIC CONFO 150ML/94G;;30351;DESOD AER MONANGE CLINIC CONFO 150ML/94G;;;;;N;;;;;;;;;;;;;;;;;;  ;;;;;N;;S;;;;;;N;;;;;;;;;;;;;453;AMF CONSULTA;150;NAYRON ARAUJO RODRIGUES DOS SANTOS;453;;22/11/2022 15:02:42;06/06/2025 14:59:51;22/11/2022 15:02:42;16/11/2022;;S;S;N;;C;C;;N;;;;0,50;0,50;0,50;P;0,00;;;9,98;0,00;;0,00;21;;N;0;;;N;N;N;R;0,00;0,00;0,00;0,00;0,00;0,00;0,00;0,00;0,00;0,00;;0,00;0,00;N;N;;S;N;;;N;;;;N;;;;;S;0,00;;;N;N;;;;;N;;;;N;N;;0,00;0,00;;0,00;;0,00;0,00;0,00;0,00;0,00;0,00;0,00;0,00;;;;;;N;;0,00;;;;;;;;;N;N;;N;;;;0,00;N;;N;;;;;N;;;;;S;S;N;E;310;PA;1;1;;0;;0,00;;1,64;;1,00;N;;;;;N;;;;N;;;;0,00;;;;;;;;;;;;;100,00;85,00;N;;20;;;N;;;;;;;;;1,00;10,00;;1;1;;;V;N;365;;;N;;;;;;;;;;;;;;;;;;N;;;;OM;;N;N;;;;;N;N;;;0;;;;;;;;;N;;1,00;;U;;;;;N;N;N;0
237;DESC PRATO COPOBRAS RASO PS 17,5CM C/10;649;COPOBRAS S/A IND E COM DE EMBALAGENS;18;DESCARTAVEL;1802;PRATO DESCARTAVEL;353;DESCARTAVEL;180201;PRATO DESCARTAVEL BCO E TRANSP;;;L;OT;UNIDADE;PC;PACOTE;1,00;CX C/ 50PC;CX;CAIXA;50,00;0,07;0,07;39241000.;"SERVICOS D/MESA,OUTS.UTENS.COZ. D/PLASTICO
";39241000;;13;14;13;7898371000131,00;17898371000138,00;7898371000131,00;101117;2;237;DESC PRATO COPOBRAS RASO PS 17,5CM C/10;;237;DESC PRATO COPOBRAS RASO PS 17,5CM C/10;;;;;N;;;;;;;;;;;;;;;;;;FL;;;;;N;;S;;;;;;N;;;;;;;;;;;;;15;FERNANDO FREIRE;453;AMF CONSULTA;453;15/12/1992;21/10/2022 10:36:22;07/05/2025 13:45:01;21/10/2022 10:36:22;09/04/2015;;S;S;N;;C;C;;N;;;1,00;0,50;0,50;0,50;P;0,00;;;1,37;0,00;;0,00;21;;S;0;;;N;N;N;R;0,00;0,00;0,00;0,00;0,00;0,00;0,00;0,00;0,00;0,00;;0,00;7,68;N;N;;S;N;;;N;;;;N;;;;;S;0,00;;;N;N;;;;;N;;;;N;N;;0,00;0,00;;0,00;;0,00;0,00;0,00;0,00;0,00;0,00;0,00;0,00;;;;;;N;;0,00;;;;;;;;;N;N;;N;;;;0,00;N;N;N;;;;;N;;;;;S;S;N;E;;PA;1;1;;1;;0,00;;1,77;;1,00;N;0,00;;;;N;;;;N;;;;0,00;;;;;;;;;;;;;;;N;;;;;N;;;;;;;;;1,00;100,00;;1;;;;V;N;;;;N;;;;;;;;;N;;;;;;;;;N;;;N;OM;;N;N;;;;;N;N;;;0;;;;;;;;;N;;1,00;;U;;;;;N;N;N;0
238;DESC PRATO COPOBRAS RASO PS 21CM C/10;649;COPOBRAS S/A IND E COM DE EMBALAGENS;18;DESCARTAVEL;1802;PRATO DESCARTAVEL;353;DESCARTAVEL;180201;PRATO DESCARTAVEL BCO E TRANSP;;;L;OT;UNIDADE;PC;PACOTE;1,00;CX C/ 25PC;CX;CAIXA;25,00;0,07;0,07;39241000.;"SERVICOS D/MESA,OUTS.UTENS.COZ. D/PLASTICO
";39241000;;13;14;13;7898371000155,00;17898371000152,00;7898371000155,00;101021;0;238;DESC PRATO COPOBRAS RASO PS 21CM C/10;;238;DESC PRATO COPOBRAS RASO PS 21CM C/10;;;;;N;;;;;;;;;;;;;;;;;;FL;;;;;N;;S;;;;;;N;;;;;;;;;;;;;15;FERNANDO FREIRE;453;AMF CONSULTA;453;16/12/1992;21/10/2022 10:36:22;07/05/2025 13:45:01;21/10/2022 10:36:22;09/04/2015;;S;S;N;;C;C;;N;;;1,00;0,50;0,50;0,50;P;0,00;;;1,77;0,00;;0,00;21;;S;0;;;N;N;N;R;0,00;0,00;0,00;0,00;0,00;0,00;0,00;0,00;0,00;0,00;;0,00;7,68;N;N;;S;N;;;N;;;;N;;;;;S;0,00;;;N;N;;;;;N;;;;N;N;;0,00;0,00;;0,00;;0,00;0,00;0,00;0,00;0,00;0,00;0,00;0,00;;;;;;N;;0,00;;;;;;;;;N;N;;N;;;;0,00;N;N;N;;;;;N;;;;;S;S;N;E;;PA;1;1;;1;;0,00;;1,77;;1,00;N;0,00;;;;N;;;;N;;;;0,00;;;;;;;;;;;;;;;N;;;;;N;;;;;;;;;1,00;100,00;;1;;;;V;N;;;;N;;;;;;;;;N;;;;;;;;;N;;;N;OM;;N;N;;;;;N;N;;;0;;;;;;;;;N;;1,00;;U;;;;;N;N;N;0
239;DESC PRATO CRISTALCOPO FUNDO 15CM C/10;30;CRISTALSUL INDUST E COM DE PRODUT PLASTICOS S/A;18;DESCARTAVEL;1802;PRATO DESCARTAVEL;353;DESCARTAVEL;180203;PRATO DESCARTAVEL SOBREMESA;;;L;OT;UNIDADE;PC;PACOTE;1,00;CX C/ 100PC;CX;CAIXA;100,00;0,03;0,03;39241000.;"SERVICOS D/MESA,OUTS.UTENS.COZ. D/PLASTICO
";39241000;;13;14;13;7898938720150,00;17898939720177,00;7898938720150,00;239;9;239;DESC PRATO CRISTALCOPO FUNDO 15CM C/10;;239;DESC PRATO CRISTALCOPO FUNDO 15CM C/10;;;;;N;;;;;;;;;;;;;;;;;;FL;;;;;N;;S;;;;;;N;;;;;;;;;;;;;15;FERNANDO FREIRE;453;AMF CONSULTA;453;11/01/2017 09:26:44;23/11/2022 16:14:00;02/03/2025 14:53:01;23/11/2022 16:14:00;09/04/2015;;S;S;N;;C;C;;N;;;1,00;0,50;0,50;0,50;P;0,00;;;0,43;0,00;;0,00;21;;S;0;;;N;N;N;R;0,00;0,00;0,00;0,00;0,00;0,00;0,00;0,00;0,00;0,00;;0,00;0,00;N;N;;S;N;;;N;;;;N;;;;;S;0,00;;;N;N;;;;;N;;;;N;N;;0,00;0,00;;0,00;;0,00;0,00;0,00;10,00;0,00;0,00;0,00;0,00;;;;;;N;;0,00;;;;;;;;;N;N;;N;;;;0,00;N;N;N;;;;;N;;;;;S;S;N;E;;PA;1;1;;1;;0,00;;3,55;;;N;0,00;;;;N;;;;N;;;;;;;;;;;;;;;;;;;N;;;;;N;;;;;;;;;1,00;100,00;;1;;;;V;N;;;;N;;;;;;;;;N;;;;;;;;;N;;;N;OM;;N;N;;;;;N;N;;;0;;;;;;;;;N;;1,00;;U;;;;;N;N;N;0
240;DESC PRATO CRISTALCOPO RASO 15CM C/10;30;CRISTALSUL INDUST E COM DE PRODUT PLASTICOS S/A;18;DESCARTAVEL;1802;PRATO DESCARTAVEL;353;DESCARTAVEL;180201;PRATO DESCARTAVEL BCO E TRANSP;;;L;OT;UNIDADE;PC;PACOTE;1,00;CX C/ 100PC;CX;CAIXA;100,00;0,03;0,03;39241000.;"SERVICOS D/MESA,OUTS.UTENS.COZ. D/PLASTICO
";39241000;;13;14;13;7898939720136,00;17898939720133,00;7898939720136,00;240;2;240;DESC PRATO CRISTALCOPO RASO 15CM C/10;;240;DESC PRATO CRISTALCOPO RASO 15CM C/10;;;;;N;;;;;;;;;;;;;;;;;;  ;;;;;N;;S;;;;;;N;;;;;;;;;;;;;15;FERNANDO FREIRE;1275;BRUNO FREIRE DE SOUZA;1275;;11/03/2024 08:19:21;06/06/2025 14:59:51;11/03/2024 08:19:21;09/04/2015;;S;S;N;;C;C;;N;;;1,00;0,50;0,50;0,50;P;0,00;;;0,37;0,00;;0,00;21;;S;0;;;N;N;N;R;0,00;0,00;0,00;0,00;0,00;0,00;0,00;0,00;0,00;0,00;;0,00;0,00;N;N;;S;N;;;N;;;;N;;;;;S;0,00;;;N;N;;;;;N;;;;N;N;;0,00;0,00;;0,00;;0,00;0,00;0,00;10,00;0,00;0,00;0,00;0,00;;;;;;N;;0,00;;;;;;;;;N;N;;N;;;;0,00;N;N;N;;;;;N;;;;;S;S;N;E;;PA;1;1;;1;;0,00;;3,53;;;N;0,00;;;;N;;;;N;;;;;;;;;;;;;;;;;;;N;;20;;;N;;;;;;;;;1,00;100,00;;1;;;;V;N;;;;N;;;;;;;;;N;;;;;;;;;N;;;N;OM;;N;N;;;;N;N;N;;;0;;;;;;;;;N;;1,00;;U;;;;;N;N;N;0
241;DETERG LIQ YPE CLEAR CARE 500ML;2724;QUIMICA AMPARO LTDA;23;LIMPEZA;2302;LIMPEZA DE COZINHA;;;230204;DETERGENTE LIQ CLEAN;;;L;OT;UNIDADE;UN;UNIDADE;1,00;CX C/ 24UN;CX;CAIXA;24,00;0,54;0,54;34025000.;PREPARACOES TENSOATIVAS,PARA LAVAGEM E LIMPEZA;34025000;;13;14;13;7896098900277,00;47896098900275,00;7896098900277,00;;0;241;DETERG LIQ YPE CLEAR CARE 500ML;;241;DETERG LIQ YPE CLEAR CARE 500ML;;;;;N;;;;;;;;;;;;;;;;;;FL;;;;;N;;S;;;;;;N;;;;;;;;;;;;;15;FERNANDO FREIRE;453;AMF CONSULTA;453;16/12/1992;27/12/2022 15:13:19;07/05/2025 13:45:01;27/12/2022 15:13:19;09/04/2015;;S;S;N;;C;C;;N;;;1,00;0,50;0,50;0,50;P;0,00;;;2,20;0,00;;0,00;21;;S;0;;;N;N;N;R;0,00;0,00;0,00;0,00;0,00;0,00;0,00;0,00;0,00;0,00;;0,00;0,00;N;N;;S;N;;;N;;;;N;;;;;S;0,00;;;N;N;;;;;N;;;;N;N;;0,00;0,00;;0,00;;0,00;0,00;0,00;0,00;0,00;0,00;0,00;0,00;;;;;;N;;0,00;;;;;;;;;N;N;;N;;;;0,00;N;N;N;;;;;N;;;;;S;S;N;E;;PA;1;1;;1;;0,00;;12,90;;;N;0,00;;;;N;;;;N;;;;0,00;;;;;;;;;01/01/2018;;;;;;N;;;;;N;;;;;;;;;1,00;100,00;;1;;;;V;N;;;;N;;;;;;;;;N;;;;;;;;;N;;;N;OM;;N;N;;;;;N;N;;;0;;;;;;;;;N;;1,00;;U;;;;;N;N;N;0
5275;SAND HAV CONS INT ICE BLU 37/38;869;MARTINS COMERCIO E SERVICOS DE DISTRIBUICAO S.A;144;BAZAR/DIVERS;1405;UTILIDADES DO LAR;173;HAVAIANAS;140507;UTILIDADES DIVERSAS;;;L;OT;PAR;UN;UNIDADE;1,00;1X1;UN;UNIDADE;1,00;0,10;0,10;64022000.;CALCADO COM PARTE SUPERIOR EM TIRAS OU CORREIAS, FIXADOS A SOLA POR PREGOS, TACHAS, PINOS E SEMELHANTES;64022000;;13;14;13;7890541133007,00;5275,00;7890541133007,00;1215759;0;5091;SAND HAV CONS INT ICE BLU 35/36;;5091;SAND HAV CONS INT ICE BLU 35/36;;;;;N;;;;;;;;;;;;;;;;2;DISTRIBUIDORA FREITAS LOPES (LA BODEGA);FL;;;;;N;;S;;;;;;N;;;;;;;;;;;;;1701;LETICIA MARIA DA SILVA;453;AMF CONSULTA;453;22/10/2020 15:54:31;09/03/2023 15:42:46;31/01/2025 10:23:28;09/03/2023 15:42:46;30/03/2019;;S;N;N;;C;;;N;;;;0,50;0,50;0,50;P;0,00;;;19,59;0,00;;0,00;28;;N;0;;;N;N;N;R;0,00;0,00;0,00;0,00;0,00;0,00;0,00;0,00;0,00;0,00;;0,00;0,00;N;N;;S;N;;;N;;;;N;;;;;S;0,00;;;N;N;;;;;N;;;;N;N;;0,00;0,00;;0,00;;0,00;0,00;0,00;0,00;0,00;0,00;0,00;0,00;;;;;;N;;0,00;;;;;;;;;N;N;;N;;;;0,00;N;;N;;;;;N;;;;;N;S;N;E;;PA;1;1;;1;;;;;;;N;;;;;N;;;;N;;;;0,00;;;;;;;;;;;;;;;N;;;;;N;;;;;;;;;1,00;1,00;;1;;;;V;N;;;;N;;;;;;;;;;;;;;;;;;N;;;;OM;;N;N;;;;;N;N;;;0;;;;;;;;;N;;1,00;;U;;;2;;N;N;N;0
242;ZZ DETERG LIQ YPE COCO 500ML;176;DIST BELEM DE ALIMENTOS LTDA;1;MIGRACAO;1;MIGRACAO;;;1;MIGRACAO;;;L;OT;1;UN;UNIDADE;1,00;1;CX;CAIXA;1,00;0,54;0,54;34025000.;PREPARACOES TENSOATIVAS,PARA LAVAGEM E LIMPEZA;34025000;;0;0;0;0,00;0,00;0,00;;9;17036;TESTE WINTHOR INDUSTRIA;;17036;TESTE WINTHOR INDUSTRIA;;;;;N;;;;;;;;;;;;;;;;;;FL;;;;;N;;S;;;;;;N;;;;;;;;;;;;;15;FERNANDO FREIRE;453;AMF CONSULTA;453;15/12/1992;23/12/2022 16:32:16;07/05/2025 13:45:01;23/12/2022 16:32:16;09/04/2015;;S;S;N;;C;C;;N;;;1,00;0,50;0,50;0,50;P;0,00;;;1,89;0,00;;0,00;21;;S;0;;;N;N;N;R;0,00;0,00;0,00;0,00;0,00;0,00;0,00;0,00;0,00;0,00;;0,00;0,00;N;N;;S;N;;;N;;;;N;;;;;S;0,00;;;N;N;;;;;N;;;;N;N;;0,00;0,00;;0,00;;0,00;0,00;0,00;0,00;0,00;0,00;0,00;0,00;;;;;;N;;0,00;;;;;;;;;N;N;;N;;;;0,00;N;N;N;;;;;N;;;;;S;S;N;E;;PA;1;1;;1;;0,00;;12,90;;1,00;N;0,00;;;;N;;;;N;;;;0,00;;;;;;;;;01/12/2018;;;;;;N;;;;;N;;;;;;;;;1,00;100,00;;1;;;;V;N;;;;N;;;;;;;;;N;;;;;;;;;N;;;N;OM;;N;N;;;;;N;N;;;0;;;;;;;;;N;;1,00;;U;;;;;N;N;N;0
243;DETERG LIQ YPE LIMAO 500ML;2724;QUIMICA AMPARO LTDA;23;LIMPEZA;2302;LIMPEZA DE COZINHA;;;230202;DETERGENTE LIQ LIMAO;;;L;OT;UNIDADE;UN;UNIDADE;1,00;CX C/ 24UN;CX;CAIXA;24,00;0,54;0,54;34025000.;PREPARACOES TENSOATIVAS,PARA LAVAGEM E LIMPEZA;34025000;;13;14;13;7896098900222,00;47896098900220,00;7896098900222,00;;7;241;DETERG LIQ YPE CLEAR CARE 500ML;;241;DETERG LIQ YPE CLEAR CARE 500ML;;;;;N;;;;;;;;;;;;;;;;;;  ;;;;;N;;S;;;;;;N;;;;;;;;;;;;;15;FERNANDO FREIRE;156;JOSUE CONCEICAO DE OLIVEIRA;453;;27/12/2022 15:13:19;06/06/2025 14:59:51;27/12/2022 15:13:18;09/04/2015;;S;S;N;;C;C;;N;;;1,00;0,50;0,50;0,50;P;0,00;;;2,94;0,00;;0,00;21;;S;0;;;N;N;N;R;0,00;0,00;0,00;0,00;0,00;0,00;0,00;0,00;0,00;0,00;;0,00;0,00;N;N;;S;N;;;N;;;;N;;;;;S;0,00;;;N;N;;;;;N;;;;N;N;;0,00;0,00;;0,00;;0,00;0,00;0,00;0,00;0,00;0,00;0,00;0,00;;;;;;N;;0,00;;;;;;;;;N;N;;N;;;;0,00;N;N;N;;;;;N;;;;;S;S;N;E;;PA;1;1;;1;;0,00;;12,90;;1,00;N;0,00;;;;N;;;;N;;;;0,00;;;;;;;;;01/06/2018;;;;;;N;;20;;;N;;;;;;;;;1,00;100,00;;1;;;;V;N;;;;N;;;;;;;;;N;;;;;;;;;N;;;N;OM;;N;N;;;;;N;N;;;0;;;;;;;;;N;;1,00;;U;;;;;N;N;N;0
244;ZZ DETERG LIQ YPE MACA 500ML;176;DIST BELEM DE ALIMENTOS LTDA;1;MIGRACAO;1;MIGRACAO;;;1;MIGRACAO;;;L;OT;1;UN;UNIDADE;1,00;1;CX;CAIXA;1,00;0,54;0,54;34025000.;PREPARACOES TENSOATIVAS,PARA LAVAGEM E LIMPEZA;34025000;;0;0;0;0,00;0,00;0,00;;5;17036;TESTE WINTHOR INDUSTRIA;;17036;TESTE WINTHOR INDUSTRIA;;;;;N;;;;;;;;;;;;;;;;;;FL;;;;;N;;S;;;;;;N;;;;;;;;;;;;;15;FERNANDO FREIRE;453;AMF CONSULTA;453;13/09/2022 09:26:11;07/10/2022 09:56:49;07/05/2025 13:45:01;07/10/2022 09:56:49;09/04/2015;;S;S;N;;C;C;;N;;;1,00;0,50;0,50;0,50;P;0,00;;;1,58;0,00;;0,00;21;;S;0;;;N;N;N;R;0,00;0,00;0,00;0,00;0,00;0,00;0,00;0,00;0,00;0,00;;0,00;0,00;N;N;;S;N;;;N;;;;N;;;;;S;0,00;;;N;N;;;;;N;;;;N;N;;0,00;0,00;;0,00;;0,00;0,00;0,00;0,00;0,00;0,00;0,00;0,00;;;;;;N;;0,00;;;;;;;;;N;N;;N;;;;0,00;N;N;N;;;;;N;;;;;S;S;N;E;;PA;1;1;;1;;0,00;;12,90;;;N;0,00;;;;N;;;;N;;;;0,00;;;;;;;;;01/06/2018;;;;;;N;;;;;N;;;;;;;;;1,00;100,00;;1;;;;V;N;;;;N;;;;;;;;;N;;;;;;;;;N;;;N;OM;;N;N;;;;;N;N;;;0;;;;;;;;;N;;1,00;;U;;;;;N;N;N;0
245;ZZ DETERG LIQ YPE NEUTRO 500ML;176;DIST BELEM DE ALIMENTOS LTDA;1;MIGRACAO;1;MIGRACAO;;;1;MIGRACAO;;;L;OT;1;UN;UNIDADE;1,00;1;CX;CAIXA;1,00;0,54;0,54;34025000.;PREPARACOES TENSOATIVAS,PARA LAVAGEM E LIMPEZA;34025000;;0;0;0;0,00;0,00;0,00;;3;17036;TESTE WINTHOR INDUSTRIA;;17036;TESTE WINTHOR INDUSTRIA;;;;;N;;;;;;;;;;;;;;;;;;FL;;;;;N;;S;;;;;;N;;;;;;;;;;;;;15;FERNANDO FREIRE;453;AMF CONSULTA;453;13/09/2022 09:27:18;07/10/2022 09:56:49;07/05/2025 13:45:01;07/10/2022 09:56:49;09/04/2015;;S;S;N;;C;C;;N;;;1,00;0,50;0,50;0,50;P;0,00;;;1,65;0,00;;0,00;21;;S;0;;;N;N;N;R;0,00;0,00;0,00;0,00;0,00;0,00;0,00;0,00;0,00;0,00;;0,00;0,00;N;N;;S;N;;;N;;;;N;;;;;S;0,00;;;N;N;;;;;N;;;;N;N;;0,00;0,00;;0,00;;0,00;0,00;0,00;0,00;0,00;0,00;0,00;0,00;;;;;;N;;0,00;;;;;;;;;N;N;;N;;;;0,00;N;N;N;;;;;N;;;;;S;S;N;E;;PA;1;1;;1;;0,00;;12,90;;;N;0,00;;;;N;;;;N;;;;0,00;;;;;;;;;01/01/2018;;;;;;N;;;;;N;;;;;;;;;1,00;100,00;;1;;;;V;N;;;;N;;;;;;;;;N;;;;;;;;;N;;;N;OM;;N;N;;;;;N;N;;;0;;;;;;;;;N;;1,00;;U;;;;;N;N;N;0
246;DETERG PO ACE COCO SCH 500G;110;SUPERGIRO DISTRIBUIDORA BELEM LTDA;23;LIMPEZA;2304;LIMPEZA DE LAVANDERIA;;;230402;DETERGENTE PO SACHE MED;;;L;OT;UNIDADE;UN;UNIDADE;1,00;FD C/ 24UN;FD;FARDO;24,00;0,55;0,55;34025000.;PREPARACOES TENSOATIVAS,PARA LAVAGEM E LIMPEZA;34025000;;13;14;13;7501065903792,00;17501065903792,00;7501065903792,00;80663272;1;246;DETERG PO ACE COCO SCH 500G;;246;DETERG PO ACE COCO SCH 500G;;;;;N;;;;;;;;;;;;;;;;;;FL;;;;;N;;N;;;;;;N;;;;;;;;;;;;;15;FERNANDO FREIRE;453;AMF CONSULTA;453;15/12/1992;27/12/2022 15:13:18;07/05/2025 13:45:01;27/12/2022 15:13:18;09/04/2015;;S;S;N;;C;;;N;;;1,00;0,50;0,50;0,50;P;0,00;;;53,43;0,00;;0,00;21;;N;0;;;N;N;N;R;21,00;0,00;0,00;0,00;0,00;0,00;0,00;0,00;0,00;0,00;;0,00;0,00;N;N;;S;N;;;N;;;;N;;;;;S;0,00;;;N;N;;;;;N;;;;N;N;;0,00;0,00;;0,00;;0,00;0,00;0,00;0,00;0,00;0,00;0,00;0,00;;;;;;N;;0,00;;;;;;;;;N;N;;N;;;;21,00;N;N;N;;;;;N;;;;;N;S;N;E;;PA;1;1;;1;;;;;;;N;0,00;;;;N;;;;N;;;;;;;;;;;;;;;;;;;N;;;;;N;;;;;;;;;1,00;100,00;;1;;;;V;N;;;;N;;;;;;;;;N;;;;;;;;;N;;;N;OM;;N;N;;;;;N;N;;;0;;;;;;;;;N;;1,00;;U;;;;;N;N;N;0
5276;SAND HAV CONS INT ICE BLU 39/40;869;MARTINS COMERCIO E SERVICOS DE DISTRIBUICAO S.A;144;BAZAR/DIVERS;1405;UTILIDADES DO LAR;173;HAVAIANAS;140507;UTILIDADES DIVERSAS;;;L;OT;PAR;UN;UNIDADE;1,00;1X1;UN;UNIDADE;1,00;0,10;0,10;64022000.;CALCADO COM PARTE SUPERIOR EM TIRAS OU CORREIAS, FIXADOS A SOLA POR PREGOS, TACHAS, PINOS E SEMELHANTES;64022000;;13;14;13;7890541133014,00;5276,00;7890541133014,00;1215761;0;5091;SAND HAV CONS INT ICE BLU 35/36;;5091;SAND HAV CONS INT ICE BLU 35/36;;;;;N;;;;;;;;;;;;;;;;2;DISTRIBUIDORA FREITAS LOPES (LA BODEGA);FL;;;;;N;;S;;;;;;N;;;;;;;;;;;;;1701;LETICIA MARIA DA SILVA;453;AMF CONSULTA;453;22/10/2020 15:54:34;09/03/2023 15:43:29;31/01/2025 10:23:28;09/03/2023 15:43:29;30/03/2019;;S;N;N;;C;;;N;;;;0,50;0,50;0,50;P;0,00;;;19,63;0,00;;0,00;28;;N;0;;;N;N;N;R;0,00;0,00;0,00;0,00;0,00;0,00;0,00;0,00;0,00;0,00;;0,00;0,00;N;N;;S;N;;;N;;;;N;;;;;S;0,00;;;N;N;;;;;N;;;;N;N;;0,00;0,00;;0,00;;0,00;0,00;0,00;0,00;0,00;0,00;0,00;0,00;;;;;;N;;0,00;;;;;;;;;N;N;;N;;;;0,00;N;;N;;;;;N;;;;;N;S;N;E;;PA;1;1;;1;;;;;;;N;;;;;N;;;;N;;;;0,00;;;;;;;;;;;;;;;N;;;;;N;;;;;;;;;1,00;1,00;;1;;;;V;N;;;;N;;;;;;;;;;;;;;;;;;N;;;;OM;;N;N;;;;;N;N;;;0;;;;;;;;;N;;1,00;;U;;;2;;N;N;N;0
5277;SAND HAV KIDS T MARIE RS RS 23/4;869;MARTINS COMERCIO E SERVICOS DE DISTRIBUICAO S.A;144;BAZAR/DIVERS;1405;UTILIDADES DO LAR;173;HAVAIANAS;140507;UTILIDADES DIVERSAS;;;L;OT;PAR;PA;PAR;1,00;1X1;PA;PAR;1,00;0,10;0,10;64022000.;CALCADO COM PARTE SUPERIOR EM TIRAS OU CORREIAS, FIXADOS A SOLA POR PREGOS, TACHAS, PINOS E SEMELHANTES;64022000;;13;14;;5277,00;5277,00;;1215485;0;4951;SAND HAV K.T. MARIE RS RS 33/34;;5277;SAND HAV KIDS T MARIE RS RS 23/4;;;;;N;;;;;;;;;;;;;;;;2;DISTRIBUIDORA FREITAS LOPES (LA BODEGA);FL;;;;;N;;S;;;;;;N;;;;;;;;;;;;;1701;LETICIA MARIA DA SILVA;103;ELAINE DO NASCIMENTO CABRAL SOUSA;103;15/12/1992;09/08/2023 13:52:53;31/01/2025 10:23:28;09/08/2023 13:52:53;30/03/2019;;S;N;N;;C;;;N;;;;0,50;0,50;0,50;P;0,00;;;14,86;0,00;;0,00;28;;N;0;;;N;N;N;R;0,00;0,00;0,00;0,00;0,00;0,00;0,00;0,00;0,00;0,00;;0,00;0,00;N;N;;S;N;;;N;;;;N;;;;;S;0,00;;;N;N;;;;;N;;;;N;N;;0,00;0,00;;0,00;;0,00;0,00;0,00;0,00;0,00;0,00;0,00;0,00;;;;;;N;;0,00;;;;;;;;;N;N;;N;;;;0,00;N;;N;;;;;N;;;;;N;S;N;E;;PA;1;1;;1;;;;;;;N;;;;;N;;;;N;;;;0,00;;;;;;;;;;;;;;;N;;;;;N;;;;;;;;;1,00;1,00;;1;;;;V;N;;;;N;;;;;;;;;;;;;;;;;;N;;;;OM;;N;N;;;;N;N;N;;;0;;;;;;;;;N;;1,00;;U;;;2;;N;N;N;0
247;LAVA R VIDA MACIA 500ML;1978;CRIA SIM PRODUTOS DE HIGIENE LTDA;23;LIMPEZA;2304;LIMPEZA DE LAVANDERIA;;;230402;DETERGENTE PO SACHE MED;;;L;OT;UNIDADE;UN;UNIDADE;1,00;CX C/ 12UN;CX;CAIXA;12,00;0,57;0,57;34025000.;PREPARACOES TENSOATIVAS,PARA LAVAGEM E LIMPEZA;34025000;;13;14;13;7896040701389,00;17896040701386,00;7896040701389,00;;0;247;LAVA R VIDA MACIA 500ML;;247;LAVA R VIDA MACIA 500ML;;;;;N;;;;;;;;;;;;;;;;;;  ;;;;;N;;S;;;;;;N;;;;;;;;;;;;;15;FERNANDO FREIRE;1275;BRUNO FREIRE DE SOUZA;453;;27/12/2022 15:13:18;01/10/2025 08:25:18;27/12/2022 15:13:18;09/04/2015;;S;S;N;;C;C;;N;;;1,00;0,50;0,50;0,50;P;0,00;;;10,44;0,00;;0,00;21;;N;0;;;N;N;N;R;12,26;0,00;0,00;0,00;0,00;0,00;0,00;0,00;0,00;0,00;;0,00;0,00;N;N;;S;N;;;N;;;;N;;;;;S;0,00;;;N;N;;;;;N;;;;N;N;;0,00;0,00;;0,00;;0,00;0,00;0,00;0,00;0,00;0,00;0,00;0,00;;;;;;N;;0,00;;;;;;;;;N;N;;N;;;;12,26;N;N;N;;;;;N;;;;;S;S;N;E;;PA;1;1;;1;;0,00;;6,95;;1,00;N;0,00;;;;N;;;;N;;;;0,00;;;;;;;;;;;;;;;N;;20;;;N;;;;;;;;;1,00;100,00;;1;;;;V;N;;;;N;;;;;;;;;N;;;;;;;;;N;;;N;OM;;N;N;;;;;N;N;;;0;;;;;;;;;N;;1,00;;U;;;;;N;N;N;0
248;DETERG PO ACE MACIEZ SCH 500G;110;SUPERGIRO DISTRIBUIDORA BELEM LTDA;23;LIMPEZA;2304;LIMPEZA DE LAVANDERIA;;;230402;DETERGENTE PO SACHE MED;;;L;OT;UNIDADE;UN;UNIDADE;1,00;FD C/ 24UN;FD;FARDO;24,00;0,51;0,51;34025000.;PREPARACOES TENSOATIVAS,PARA LAVAGEM E LIMPEZA;34025000;;13;14;13;7501007484044,00;17501007484044,00;7501007484044,00;80663245;8;246;DETERG PO ACE COCO SCH 500G;;246;DETERG PO ACE COCO SCH 500G;;;;;N;;;;;;;;;;;;;;;;;;FL;;;;;N;;N;;;;;;N;;;;;;;;;;;;;15;FERNANDO FREIRE;453;AMF CONSULTA;453;15/12/1992;27/12/2022 15:13:18;07/05/2025 13:45:01;27/12/2022 15:13:18;09/04/2015;;S;S;N;;C;;;N;;;1,00;0,50;0,50;0,50;P;0,00;;;53,43;0,00;;0,00;21;;N;0;;;N;N;N;R;21,00;0,00;0,00;0,00;0,00;0,00;0,00;0,00;0,00;0,00;;0,00;0,00;N;N;;S;N;;;N;;;;N;;;;;S;0,00;;;N;N;;;;;N;;;;N;N;;0,00;0,00;;0,00;;0,00;0,00;0,00;0,00;0,00;0,00;0,00;0,00;;;;;;N;;0,00;;;;;;;;;N;N;;N;;;;21,00;N;N;N;;;;;N;;;;;N;S;N;E;;PA;1;1;;1;;;;;;;N;0,00;;;;N;;;;N;;;;;;;;;;;;;;;;;;;N;;;;;N;;;;;;;;;1,00;100,00;;1;;;;V;N;;;;N;;;;;;;;;N;;;;;;;;;N;;;N;OM;;N;N;;;;;N;N;;;0;;;;;;;;;N;;1,00;;U;;;;;N;N;N;0
223;CREME LEITE MOCOCA TP 200G 10,1%G;88;MOCOCA S/A PRODUTOS ALIMENTICIOS;19;DOCERIA;1903;CREME DE LEITE;;;190302;CREME LEITE TP;;;L;OT;UNIDADE;UN;UNIDADE;1,00;CX C/ 27UN;CX;CAIXA;27,00;0,20;0,21;04022130.;CREME DE LEITE,MAT.GORD.SUP.1,5%, S/ACUCAR ;04022130;;13;14;13;7891030003467,00;1789103002450,00;7891030003467,00;10020003;2;223;CREME LEITE MOCOCA TP 200G 10,1%G;;223;CREME LEITE MOCOCA TP 200G 10,1%G;;;;;N;;;;;;;;;;;;;;;P:\BRUUUUUNO\223.PNG;;;  ;;;;;N;;S;;;1;FOOD;;N;;;;;;;;;;;;;15;FERNANDO FREIRE;217;COMPRADOR - CRISTIANO;217;;08/07/2025;26/11/2025 10:49:28;26/11/2025 10:49:28;09/04/2015;;S;S;N;;A;B;;N;;;1,00;0,50;0,50;0,50;P;0,00;;;2,89;0,00;;0,00;21;;S;0;;;N;N;N;R;10,38;0,00;0,00;0,00;0,00;0,00;0,00;0,00;0,00;0,00;;0,00;0,00;N;N;;S;N;;;N;;;;N;;;;;S;0,00;;;N;N;;;;;N;;;;N;N;;0,00;0,00;;0,00;;0,00;0,00;0,00;0,00;0,00;0,00;0,00;0,00;;;;;;N;;0,00;;;;;;;;;N;N;;N;;;;10,38;N;N;N;;;;;N;;;;;S;S;N;E;;PA;1;1;;1;;0,00;;5,77;;1,00;N;0,00;;;;N;;;;N;;S;;0,00;;;;;;;;;05/09/2017;;;;;;N;;20;;;N;;;;;;;;;1,00;100,00;;1;;;;V;N;;;;N;;;;;;;;;N;;;;;;;;;N;;;N;OM;;N;N;;;;N;N;N;;;0;;;;;;;;;N;;1,00;;U;;;;;N;N;N;0
224;CREME LEITE PIRACANJUBA TP 200G 15%G;71;LATICINIOS BELA VISTA LTDA;19;DOCERIA;1903;CREME DE LEITE;8;PIRACANJUBA;190302;CREME LEITE TP;;;L;OT;UNIDADE;UN;UNIDADE;1,00;CX C/ 27UN;CX;CAIXA;27,00;0,20;0,21;04022130.;CREME DE LEITE,MAT.GORD.SUP.1,5%, S/ACUCAR ;04022130;;13;14;13;7898215151784,00;17898215151781,00;7898215151784,00;00012201;0;224;CREME LEITE PIRACANJUBA TP 200G 15%G;;224;CREME LEITE PIRACANJUBA TP 200G 15%G;;;;;N;;;;;;;;;;;;;;;P:\BRUUUUUNO\224.PNG;;;  ;;;;;N;;S;;;1;FOOD;;N;;;;;;;;;;;;;15;FERNANDO FREIRE;217;COMPRADOR - CRISTIANO;1275;;12/02/2025 10:24:23;02/11/2025 16:11:10;23/10/2025 15:18:08;09/04/2015;;S;S;N;;A;A;;N;;;1,00;0,50;0,50;0,50;P;0,00;;;1,90;0,00;;0,00;21;;S;0;;;N;N;N;R;0,00;0,00;0,00;0,00;0,00;0,00;0,00;0,00;0,00;0,00;;0,00;9,48;N;N;;S;N;;;N;;;;N;;;;;S;0,00;;;N;N;;;;;N;;;;N;N;;0,00;0,00;;0,00;;0,00;0,00;0,00;0,00;0,00;0,00;0,00;0,00;;;;;;N;;0,00;;;;;;;;;N;N;;N;;;;0,00;N;N;N;;;;;N;;;;;S;S;N;E;;PA;1;1;;1;;0,00;;5,70;;1,00;N;0,00;;;;N;;;;N;;S;;0,00;;;;;;;;;;;;;;;N;;20;;;N;;;;;;;;;1,00;100,00;;1;;;;V;N;;;;N;;;;;;;;;N;;;;;;;;;N;;;N;OM;;N;N;;;;N;N;N;;;0;;;;;;;;;N;;1,00;;U;;;;;N;N;N;0
225;DESC COPO COPOBRAS PS BCO 150ML C/100;649;COPOBRAS S/A IND E COM DE EMBALAGENS;18;DESCARTAVEL;1801;COPO DESCARTAVEL;353;DESCARTAVEL;180101;COPO DESCARTAVEL 150ML;;;L;OT;UNIDADE;PC;PACOTE;1,00;CX C/ 25PC;CX;CAIXA;25,00;0,13;0,13;39241000.;"SERVICOS D/MESA,OUTS.UTENS.COZ. D/PLASTICO
";39241000;;13;14;13;7898371005624,00;17898371005638,00;7898371005624,00;112036;9;225;DESC COPO COPOBRAS PS BCO 150ML C/100;;225;DESC COPO COPOBRAS PS BCO 150ML C/100;;;;;N;;;;;;;;;;;;;;;;;;  ;;;;;N;;S;;;;;;N;;;;;;;;;;;;;15;FERNANDO FREIRE;217;COMPRADOR - CRISTIANO;1275;;20/03/2023;07/10/2025 09:59:39;07/10/2025 09:43:03;09/04/2015;;S;S;N;;C;C;;N;;;1,00;0,50;0,50;0,50;P;0,00;;;2,20;0,00;;0,00;21;;S;0;;;N;N;N;R;0,00;0,00;0,00;0,00;0,00;0,00;0,00;0,00;0,00;0,00;;0,00;17,00;N;N;;S;N;;;N;;;;N;;;;;S;0,00;;;N;N;;;;;N;;;;N;N;;0,00;0,00;;0,00;;0,00;0,00;0,00;0,00;0,00;0,00;0,00;0,00;;;;;;N;;0,00;;;;;;;;;N;N;;N;;;;0,00;N;N;N;;;;;N;;;;;N;S;N;E;;PA;1;1;;1;;0,00;;3,89;;1,00;N;0,00;;;;N;;;;N;;;;0,00;;;;;;;;;;;;;;;N;;20;;;N;;;;;;;;;1,00;100,00;;1;;;;V;N;;;;N;;;;;;;;;N;;;;;;;;;N;;;N;OM;;N;N;;;;;N;N;;;0;;;;;;;;;N;;1,00;;U;;;;;N;N;N;0
226;DESC COPO COPOBRAS PS BCO 180ML C/100;649;COPOBRAS S/A IND E COM DE EMBALAGENS;18;DESCARTAVEL;1801;COPO DESCARTAVEL;353;DESCARTAVEL;180102;COPO DESCARTAVEL 180ML;;;L;OT;UNIDADE;PC;PACOTE;1,00;CX C/ 25PC;CX;CAIXA;25,00;0,18;0,18;39241000.;"SERVICOS D/MESA,OUTS.UTENS.COZ. D/PLASTICO
";39241000;;13;14;13;7898371000032,00;17896030801829,00;7898371000032,00;112297;7;226;DESC COPO COPOBRAS PS BCO 180ML C/100;;226;DESC COPO COPOBRAS PS BCO 180ML C/100;;;;;N;;;;;;;;;;;;;;;P:\BRUUUUUNO\226.PNG;;;  ;;;;;N;;S;;;;;;N;;;;;;;;;;;;;15;FERNANDO FREIRE;217;COMPRADOR - CRISTIANO;1275;;28/02/2025 17:33:19;07/10/2025 09:59:39;07/10/2025 09:41:19;09/04/2015;;S;S;N;;C;C;;N;;;1,00;0,50;0,50;0,50;P;0,00;;;2,48;0,00;;0,00;21;;S;0;;;N;N;N;R;0,00;0,00;0,00;0,00;0,00;0,00;0,00;0,00;0,00;0,00;;0,00;15,08;N;N;;S;N;;;N;;;;N;;;;;S;0,00;;;N;N;;;;;N;;;;N;N;;0,00;0,00;;0,00;;0,00;0,00;0,00;0,00;0,00;0,00;0,00;0,00;;;;;;N;;0,00;;;;;;;;;N;N;;N;;;;0,00;N;N;N;;;;;N;;;;;N;S;N;E;;PA;1;1;;1;;0,00;;4,57;;1,00;N;0,00;;;;N;;;;N;;S;;0,00;;;;;;;;;;;;;;;N;;20;;;N;;;;;;;;;1,00;100,00;;1;;;;V;N;;;;N;;;;;;;;;N;;;;;;;;;N;;;N;OM;;N;N;;;;N;N;N;;;0;;;;;;;;;N;;1,00;;U;;;;;N;N;N;0
227;DESC COPO COPOBRAS CF BCO 200ML C/100;649;COPOBRAS S/A IND E COM DE EMBALAGENS;18;DESCARTAVEL;1801;COPO DESCARTAVEL;353;DESCARTAVEL;180103;COPO DESCARTAVEL 200ML;;;L;OT;UNIDADE;PC;PACOTE;1,00;CX C/ 25PC;CX;CAIXA;25,00;0,16;0,16;39241000.;"SERVICOS D/MESA,OUTS.UTENS.COZ. D/PLASTICO
";39241000;;13;14;13;7898371000025,00;17898371000022,00;7898371000025,00;112299;5;227;DESC COPO COPOBRAS CF BCO 200ML C/100;;227;DESC COPO COPOBRAS CF BCO 200ML C/100;;;;;N;;;;;;;;;;;;;;;;;;FL;;;;;N;;S;;;;;;N;;;;;;;;;;;;;15;FERNANDO FREIRE;217;COMPRADOR - CRISTIANO;217;16/12/1992;22/10/2023 12:13:54;07/05/2025 13:45:01;22/10/2023 12:13:54;09/04/2015;;S;S;N;;C;C;;N;;;1,00;0,50;0,50;0,50;P;0,00;;;4,05;0,00;;0,00;21;;S;0;;;N;N;N;R;5,00;0,00;0,00;0,00;0,00;0,00;0,00;0,00;0,00;0,00;;0,00;0,00;N;N;;S;N;;;N;;;;N;;;;;S;0,00;;;N;N;;;;;N;;;;N;N;;0,00;0,00;;0,00;;0,00;0,00;0,00;0,00;0,00;0,00;0,00;0,00;;;;;;N;;0,00;;;;;;;;;N;N;;N;;;;5,00;N;N;N;;;;;N;;;;;N;S;N;E;;PA;1;1;;1;;0,00;;4,66;;1,00;N;0,00;;;;N;;;;N;;;;0,00;;;;;;;;;;;;;;;N;;;;;N;;;;;;;;;1,00;100,00;;1;;;;V;N;;;;N;;;;;;;;;N;;;;;;;;;N;;;N;OM;;N;N;;;;N;N;N;;;0;;;;;;;;;N;;1,00;;U;;;;;N;N;N;0
228;DESC COPO COPOBRAS PS BRANCO 300ML C/100;649;COPOBRAS S/A IND E COM DE EMBALAGENS;18;DESCARTAVEL;1801;COPO DESCARTAVEL;353;DESCARTAVEL;180105;COPO DESCARTAVEL 300ML;;;L;OT;UNIDADE;PC;PACOTE;1,00;CX C/ 20PC;CX;CAIXA;20,00;0,27;0,27;39241000.;"SERVICOS D/MESA,OUTS.UTENS.COZ. D/PLASTICO
";39241000;;13;14;13;7898371000018,00;17898371000015,00;7898371000018,00;112301;3;228;DESC COPO COPOBRAS PS BRANCO 300ML C/100;;228;DESC COPO COPOBRAS PS BRANCO 300ML C/100;;;;;N;;;;;;;;;;;;;;;;1;DISTRIBUIDORA FREITAS LOPES LTDA;FL;;;;;N;;S;;;;;;N;;;;;;;;;;;;;15;FERNANDO FREIRE;453;AMF CONSULTA;453;15/12/1992;25/10/2022 09:39:50;07/05/2025 13:45:01;25/10/2022 09:39:50;09/04/2015;;S;S;N;;C;C;;N;;;1,00;0,50;0,50;0,50;P;0,00;;;5,76;0,00;;0,00;21;;S;0;;;N;N;N;R;0,00;0,00;0,00;0,00;0,00;0,00;0,00;0,00;0,00;0,00;;0,00;7,68;N;N;;S;N;;;N;;;;N;;;;;S;0,00;;;N;N;;;;;N;;;;N;N;;0,00;0,00;;0,00;;0,00;0,00;0,00;0,00;0,00;0,00;0,00;0,00;;;;;;N;;0,00;;;;;;;;;N;N;;N;;;;0,00;N;N;N;;;;;N;;;;;S;S;N;E;;PA;1;1;;1;;0,00;;6,00;;1,00;N;0,00;;;;N;;;;N;;;;0,00;;;;;;;;;;;;;;;N;;;;;N;;;;;;;;;1,00;100,00;;1;;;;V;N;;;;N;;;;;;;;;N;;;;;;;;;N;;;N;OM;;N;N;;;;;N;N;;;0;;;;;;;;;N;;1,00;;U;;;1;;N;N;N;0
229;DESC COPO COPOBRAS PS BCO 50ML C/100;649;COPOBRAS S/A IND E COM DE EMBALAGENS;18;DESCARTAVEL;1801;COPO DESCARTAVEL;353;DESCARTAVEL;180107;COPO DESCARTAVEL CAFE 50ML;;;L;OT;UNIDADE;PC;PACOTE;1,00;CX C/ 50PC;CX;CAIXA;50,00;0,08;0,08;39241000.;"SERVICOS D/MESA,OUTS.UTENS.COZ. D/PLASTICO
";39241000;;13;14;13;7898371000063,00;17898371000060,00;7898371000063,00;112296;1;229;DESC COPO COPOBRAS PS BCO 50ML C/100;;229;DESC COPO COPOBRAS PS BCO 50ML C/100;;;;;N;;;;;;;;;;;;;;;;;;  ;;;;;N;;S;;;;;;N;;;;;;;;;;;;;15;FERNANDO FREIRE;1275;BRUNO FREIRE DE SOUZA;1275;;25/10/2022 09:50:21;07/10/2025 09:41:32;07/10/2025 09:41:32;09/04/2015;;S;S;N;;C;C;;N;;;1,00;0,50;0,50;0,50;P;0,00;;;2,02;0,00;;0,00;21;;S;0;;;N;N;N;R;0,00;0,00;0,00;0,00;0,00;0,00;0,00;0,00;0,00;0,00;;0,00;0,00;N;N;;S;N;;;N;;;;N;;;;;S;0,00;;;N;N;;;;;N;;;;N;N;;0,00;0,00;;0,00;;0,00;0,00;0,00;0,00;0,00;0,00;0,00;0,00;;;;;;N;;0,00;;;;;;;;;N;N;;N;;;;0,00;N;N;N;;;;;N;;;;;N;S;N;E;;PA;1;1;;1;;0,00;;4,30;;1,00;N;0,00;;;;N;;;;N;;;;0,00;;;;;;;;;;;;;;;N;;20;;;N;;;;;;;;;1,00;100,00;;1;;;;V;N;;;;N;;;;;;;;;N;;;;;;;;;N;;;N;OM;;N;N;;;;;N;N;;;0;;;;;;;;;N;;1,00;;U;;;;;N;N;N;0
230;DESC COPO CRISTALCOPO TRANS 150ML C/100;30;CRISTALSUL INDUST E COM DE PRODUT PLASTICOS S/A;18;DESCARTAVEL;1801;COPO DESCARTAVEL;353;DESCARTAVEL;180101;COPO DESCARTAVEL 150ML;;;L;OT;UNIDADE;PC;PACOTE;1,00;CX C/ 25PC;CX;CAIXA;25,00;0,14;0,14;39241000.;"SERVICOS D/MESA,OUTS.UTENS.COZ. D/PLASTICO
";39241000;;13;14;13;7898939720044,00;17898939720041,00;7898939720044,00;230;5;230;DESC COPO CRISTALCOPO TRANS 150ML C/100;;230;DESC COPO CRISTALCOPO TRANS 150ML C/100;;;;;N;;;;;;;;;;;;;;;;;;FL;;;;;N;;S;;;;;;N;;;;;;;;;;;;;15;FERNANDO FREIRE;453;AMF CONSULTA;453;11/01/2017 09:16:14;23/11/2022 14:48:06;07/05/2025 13:45:01;23/11/2022 14:48:06;09/04/2015;;S;S;N;;C;C;;N;;;1,00;0,50;0,50;0,50;P;0,00;;;1,32;0,00;;0,00;21;;S;0;;;N;N;N;R;0,00;0,00;0,00;0,00;0,00;0,00;0,00;0,00;0,00;0,00;;0,00;0,00;N;N;;S;N;;;N;;;;N;;;;;S;0,00;;;N;N;;;;;N;;;;N;N;;0,00;0,00;;0,00;;0,00;0,00;0,00;10,00;0,00;0,00;0,00;0,00;;;;;;N;;0,00;;;;;;;;;N;N;;N;;;;0,00;N;N;N;;;;;N;;;;;S;S;N;E;;PA;1;1;;1;;0,00;;3,95;;;N;0,00;;;;N;;;;N;;;;;;;;;;;;;;;;;;;N;;;;;N;;;;;;;;;1,00;100,00;;1;;;;V;N;;;;N;;;;;;;;;N;;;;;;;;;N;;;N;OM;;N;N;;;;;N;N;;;0;;;;;;;;;N;;1,00;;U;;;;;N;N;N;0
30352;DESOD AER MONANGE CLINIC REVIG 150ML/94G;1408;OKAJIMA DISTRIBUICAO E COMERCIO LTDA;27;HIGIENE PESSOAL;2704;HIGIENE CORPORAL;150;COTY;270407;CREME E HIDRATANTE CORPORAL;;;L;OT;UNIDADE;UN;UNIDADE;1,00;CX C/ 12UN;CX;CAIXA;12,00;0,13;0,13;33072010.;"(ICMS PROTOCOLO 7% E 12%) - DESODORANTES CORPORAIS E ANTIPERSPIRANTES,LIQUIDOS.
";33072010;;13;0;13;7896235354222,00;0,00;7896235354222,00;32874;6;30352;DESOD AER MONANGE CLINIC REVIG 150ML/94G;;30352;DESOD AER MONANGE CLINIC REVIG 150ML/94G;;;;;N;;;;;;;;;;;;;;;;;;  ;;;;;N;;S;;;;;;N;;;;;;;;;;;;;453;AMF CONSULTA;150;NAYRON ARAUJO RODRIGUES DOS SANTOS;453;;22/11/2022 15:02:42;06/06/2025 14:59:51;22/11/2022 15:02:42;16/11/2022;;S;S;N;;C;C;;N;;;;0,50;0,50;0,50;P;0,00;;;9,98;0,00;;0,00;21;;N;0;;;N;N;N;R;0,00;0,00;0,00;0,00;0,00;0,00;0,00;0,00;0,00;0,00;;0,00;0,00;N;N;;S;N;;;N;;;;N;;;;;S;0,00;;;N;N;;;;;N;;;;N;N;;0,00;0,00;;0,00;;0,00;0,00;0,00;0,00;0,00;0,00;0,00;0,00;;;;;;N;;0,00;;;;;;;;;N;N;;N;;;;0,00;N;;N;;;;;N;;;;;S;S;N;E;310;PA;1;1;;0;;0,00;;1,64;;1,00;N;;;;;N;;;;N;;;;0,00;;;;;;;;;;;;;100,00;85,00;N;;20;;;N;;;;;;;;;1,00;10,00;;1;1;;;V;N;365;;;N;;;;;;;;;;;;;;;;;;N;;;;OM;;N;N;;;;;N;N;;;0;;;;;;;;;N;;1,00;;U;;;;;N;N;N;0
231;DESC COPO CRISTALCOPO TRANS 180ML C/100;30;CRISTALSUL INDUST E COM DE PRODUT PLASTICOS S/A;18;DESCARTAVEL;1801;COPO DESCARTAVEL;353;DESCARTAVEL;180102;COPO DESCARTAVEL 180ML;;;L;OT;UNIDADE;PC;PACOTE;1,00;CX C/ 25PC;CX;CAIXA;25,00;0,16;0,16;39241000.;"SERVICOS D/MESA,OUTS.UTENS.COZ. D/PLASTICO
";39241000;;13;14;13;7898939720068,00;17898939720065,00;7898939720068,00;231;3;231;DESC COPO CRISTALCOPO TRANS 180ML C/100;;231;DESC COPO CRISTALCOPO TRANS 180ML C/100;;;;;N;;;;;;;;;;;;;;;;;;FL;;;;;N;;S;;;;;;N;;;;;;;;;;;;;15;FERNANDO FREIRE;453;AMF CONSULTA;453;15/12/1992;04/07/2023 09:29:40;07/05/2025 13:45:01;23/11/2022 14:48:06;09/04/2015;;S;S;N;;C;C;;N;;;1,00;0,50;0,50;0,50;P;0,00;;;1,47;0,00;;0,00;21;;S;0;;;N;N;N;R;0,00;0,00;0,00;0,00;0,00;0,00;0,00;0,00;0,00;0,00;;0,00;0,00;N;N;;S;N;;;N;;;;N;;;;;S;0,00;;;N;N;;;;;N;;;;N;N;;0,00;0,00;;0,00;;0,00;0,00;0,00;10,00;0,00;0,00;0,00;0,00;;;;;;N;;0,00;;;;;;;;;N;N;;N;;;;0,00;N;N;N;;;;;N;;;;;S;S;N;E;;PA;1;1;;1;;0,00;;4,54;;;N;0,00;;;;N;;;;N;;;;;;;;;;;;;;;;;;;N;;;;;N;;;;;;;;;1,00;100,00;;1;;;;V;N;;;;N;;;;;;;;;N;;;;;;;;;N;;;N;OM;;N;N;;;;;N;N;;;0;;;;;;;;;N;;1,00;;U;;;;;N;N;N;0
189;CONS BORDON CARNE FIAMBRE CORTE 320G;67;JBS S/A (SP);13;ALIMENTOS EM CONSERVA;1302;CONSERVA FIAMBRE;;;130201;CARNE FIAMBRE BOV;;;L;OT;1UNX320GR;UN;UNIDADE;1,00;CX C/ 24UN;CX;CAIXA;24,00;0,40;0,40;16025000.1;(ICMS NORMAL 7% E 12%) - CONGELADOS: PIZZAS/LASANHAS/EMPANADOS.;16025000;01;13;14;13;7896031225085,00;37896031225086,00;7896031225085,00;2708;9;189;CONS BORDON CARNE FIAMBRE CORTE 320G;;189;CONS BORDON CARNE FIAMBRE CORTE 320G;;;;;N;;;;;;;;;;;;;;;P:\BRUUUUUNO\189.PNG;;;  ;;;;;N;;S;;;;;;N;;;;;;;;;;;;;15;FERNANDO FREIRE;103;ELAINE DO NASCIMENTO CABRAL SOUSA;1275;;30/04/2025;28/07/2025 16:46:39;12/02/2025 10:53:30;09/04/2015;;S;S;N;;C;B;;N;;;1,00;0,50;0,50;0,50;P;0,00;;;5,95;0,00;;0,00;21;;S;0;;;N;N;N;R;0,00;0,00;0,00;0,00;0,00;0,00;0,00;0,00;0,00;0,00;;0,00;0,00;N;N;;S;N;;;N;;;;N;;;;;S;0,00;;;N;N;;;;;S;;;;N;N;;0,00;0,00;;0,00;;0,00;0,00;0,00;0,00;0,00;0,00;0,00;0,00;;;;;;N;;0,00;;;;;;;;;N;N;;N;;;;0,00;N;N;N;;;;;N;;;;;S;S;N;E;;PA;1;1;;1;;0,00;;9,63;;1,00;N;0,00;;;;N;;;;N;;S;;0,00;;;;;;;;;06/04/2020;;;;100,00;85,00;N;;20;;;N;;;;;;;;;1,00;100,00;;1;;;;V;N;;;;N;;;;;;;;;N;;;;;;;;;N;;;N;OM;;N;N;;;;N;N;N;;;0;;;;;;;;;N;;1,00;;U;;;;;N;N;N;0
190;CONS HEREFORD CARNE DESFIAR 320G;68;JBS S/A (RJ);13;ALIMENTOS EM CONSERVA;1301;CONSERVA DESFIAR;;;130102;CARNE DESFIAR FGO;;;L;OT;1UNX320GR;UN;UNIDADE;1,00;CX C/ 24UN;CX;CAIXA;24,00;0,40;0,40;16025000.1;(ICMS NORMAL 7% E 12%) - CONGELADOS: PIZZAS/LASANHAS/EMPANADOS.;16025000;01;13;14;13;7896037516422,00;17896037516603,00;7896037516422,00;2686;2;190;CONS HEREFORD CARNE DESFIAR 320G;;190;CONS HEREFORD CARNE DESFIAR 320G;;;;;N;;;;;;;;;;;;;;;;;;FL;;;;;N;;S;;;;;;N;;;;;;;;;;;;;15;FERNANDO FREIRE;453;AMF CONSULTA;453;15/12/1992;31/10/2022 12:48:48;07/05/2025 13:45:01;31/10/2022 12:48:48;09/04/2015;;S;S;N;;C;A;;N;;;1,00;0,50;0,50;0,50;P;0,00;;;3,17;0,00;;0,00;21;;S;0;;;N;N;N;R;0,00;0,00;0,00;0,00;0,00;0,00;0,00;0,00;0,00;0,00;;0,00;0,00;N;N;;S;N;;;N;;;;N;;;;;S;0,00;;;N;N;;;;;S;;;;N;N;;0,00;0,00;;0,00;;0,00;0,00;0,00;0,00;0,00;0,00;0,00;0,00;;;;;;N;;0,00;;;;;;;;;N;N;;N;;;;0,00;N;N;N;;;;;N;;;;;S;S;N;E;;PA;1;1;;1;;0,00;;9,84;;;N;0,00;;;;N;;;;N;;;;0,00;;;;;;;;;12/01/2020;;;;100,00;85,00;N;;;;;N;;;;;;;;;1,00;100,00;;1;;;;V;N;;;;N;;;;;;;;;N;;;;;;;;;N;;;N;OM;;N;N;;;;;N;N;;;0;;;;;;;;;N;;1,00;;U;;;;;N;N;N;0
191;CONS KITUT CARNE DESFIAR TRAD. 320G;65;JBS S/A (SP);13;ALIMENTOS EM CONSERVA;1301;CONSERVA DESFIAR;;;130102;CARNE DESFIAR FGO;;;L;OT;1UNX320GR;UN;UNIDADE;1,00;CX C/ 24UN;CX;CAIXA;24,00;0,40;0,40;16025000.1;(ICMS NORMAL 7% E 12%) - CONGELADOS: PIZZAS/LASANHAS/EMPANADOS.;16025000;01;13;14;13;7896433641049,00;17896433641046,00;7896433641049,00;2687;0;191;CONS KITUT CARNE DESFIAR TRAD. 320G;;191;CONS KITUT CARNE DESFIAR TRAD. 320G;;;;;N;;;;;;;;;;;;;;;;;;  ;;;;;N;;S;;;;;;N;;;;;;;;;;;;;15;FERNANDO FREIRE;217;COMPRADOR - CRISTIANO;1275;;22/05/2024 13:40:12;06/06/2025 14:59:51;22/05/2024 13:40:12;09/04/2015;;S;S;N;;C;B;;N;;;1,00;0,50;0,50;0,50;P;0,00;;;6,13;0,00;;0,00;21;;S;0;;;N;N;N;R;0,00;0,00;0,00;0,00;0,00;0,00;0,00;0,00;0,00;0,00;;0,00;0,00;N;N;;S;N;;;N;;;;N;;;;;S;0,00;;;N;N;;;;;S;;;;N;N;;0,00;0,00;;0,00;;0,00;0,00;0,00;0,00;0,00;0,00;0,00;0,00;;;;;;N;;0,00;;;;;;;;;N;N;;N;;;;0,00;N;N;N;;;;;N;;;;;N;S;N;E;;PA;1;1;;1;;0,00;;9,84;;1,00;N;0,00;;;;N;;;;N;;;;0,00;;;;;;;;;05/04/2020;;;;;;N;;20;;;N;;;;;;;;;1,00;100,00;;1;;;;V;N;;;;N;;;;;;;;;N;;;;;;;;;N;;;N;OM;;N;N;;;;N;N;N;;;0;;;;;;;;;N;;1,00;;U;;;;;N;N;N;0
192;CONS KITUT CARNE FIAMBRE CORTE 320G;65;JBS S/A (SP);13;ALIMENTOS EM CONSERVA;1302;CONSERVA FIAMBRE;;;130201;CARNE FIAMBRE BOV;;;L;OT;1UNX320GR;UN;UNIDADE;1,00;CX C/ 24UN;CX;CAIXA;24,00;0,40;0,40;16025000.1;(ICMS NORMAL 7% E 12%) - CONGELADOS: PIZZAS/LASANHAS/EMPANADOS.;16025000;01;13;14;13;7896433641025,00;17896433641022,00;7896433641025,00;2709;9;192;CONS KITUT CARNE FIAMBRE CORTE 320G;;192;CONS KITUT CARNE FIAMBRE CORTE 320G;;;;;N;;;;;;;;;;;;;;;P:\BRUUUUUNO\192.PNG;;;  ;;;;;N;;S;;;;;;N;;;;;;;;;;;;;15;FERNANDO FREIRE;1275;BRUNO FREIRE DE SOUZA;1275;;12/02/2025 10:53:12;06/06/2025 14:59:51;12/02/2025 10:53:12;09/04/2015;;S;S;N;;C;C;;N;;;1,00;0,50;0,50;0,50;P;0,00;;;5,95;0,00;;0,00;21;;S;0;;;N;N;N;R;0,00;0,00;0,00;0,00;0,00;0,00;0,00;0,00;0,00;0,00;;0,00;0,00;N;N;;S;N;;;N;;;;N;;;;;S;0,00;;;N;N;;;;;S;;;;N;N;;0,00;0,00;;0,00;;0,00;0,00;0,00;0,00;0,00;0,00;0,00;0,00;;;;;;N;;0,00;;;;;;;;;N;N;;N;;;;0,00;N;N;N;;;;;N;;;;;S;S;N;E;;PA;1;1;;1;;0,00;;9,84;;1,00;N;0,00;;;;N;;;;N;;S;;0,00;;;;;;;;;04/11/2019;;;;100,00;85,00;N;;20;;;N;;;;;;;;;1,00;100,00;;1;;;;V;N;;;;N;;;;;;;;;N;;;;;;;;;N;;;N;OM;;N;N;;;;N;N;N;;;0;;;;;;;;;N;;1,00;;U;;;;;N;N;N;0
193;CONS PAMPEANO CARNE DESFIAR TRAD 320G;96;PAMPEANO ALIMENTOS SA;13;ALIMENTOS EM CONSERVA;1301;CONSERVA DESFIAR;;;130102;CARNE DESFIAR FGO;;;L;OT;1UNX320GR;UN;UNIDADE;1,00;CX C/ 24UN;CX;CAIXA;24,00;0,32;0,42;16025000.;"(ICMS ST 0%) - PREPARACOES ALIMENTICIAS E CONSERVAS,DE BOVINOS.(ENGLOBA CARNE DE HAMBURGUER)
";16025000;01;13;14;13;7896860548768,00;17896860548765,00;7896860546535,00;300764;7;193;CONS PAMPEANO CARNE DESFIAR TRAD 320G;;193;CONS PAMPEANO CARNE DESFIAR TRAD 320G;;;;;N;;;;;;;;;;;;;;;P:\BRUUUUUNO\193 NOVAA.PNG;;;  ;;;;;N;;S;;;1;FOOD;;N;;;;;;;;;;;;;15;FERNANDO FREIRE;217;COMPRADOR - CRISTIANO;217;;21/05/2025;01/10/2025 20:59:48;07/05/2025 10:44:12;09/04/2015;;S;S;N;;A;A;;N;;;1,00;0,50;0,50;0,50;P;0,00;;;6,71;0,00;;0,00;21;;S;0;;;N;N;N;R;0,00;0,00;0,00;0,00;0,00;0,00;0,00;0,00;0,00;0,00;;0,00;0,00;N;N;;S;N;;;N;;;;N;;;;;S;0,00;;;N;N;;;;;S;;;;N;N;;0,00;0,00;;0,00;;0,00;0,00;0,00;0,00;0,00;0,00;0,00;0,00;;;;;;N;;0,00;;;;;;;;;N;N;;N;;;;0,00;N;N;N;;;;;N;;;;;S;S;N;E;;PA;1;1;;1;;0,00;;10,00;;1,00;N;0,00;;;;N;;;;N;;S;;0,00;;;;;;;;;;;;;100,00;85,00;N;;20;;;N;;;;;;;;;1,00;100,00;;1;;;;V;N;;;;N;;;;;;;;;N;;;;;;;;;N;;;N;OM;;N;N;;;;N;N;N;;;0;;;;;;;;;N;;1,00;;U;;;;;N;N;N;0
194;CONS TARGET CARNE DESFIAR TRAD GOLD 320G;66;JBS S/A (SP);13;ALIMENTOS EM CONSERVA;1301;CONSERVA DESFIAR;;;130102;CARNE DESFIAR FGO;;;L;OT;1UNX320GR;UN;UNIDADE;1,00;CX C/ 24UN;CX;CAIXA;24,00;0,41;0,41;16025000.1;(ICMS NORMAL 7% E 12%) - CONGELADOS: PIZZAS/LASANHAS/EMPANADOS.;16025000;01;13;14;13;7896031253347,00;17896031253344,00;7896031253347,00;2690/385287;5;194;CONS TARGET CARNE DESFIAR TRAD GOLD 320G;;194;CONS TARGET CARNE DESFIAR TRAD GOLD 320G;;;;;N;;;;;;;;;;;;;;;P:\BRUUUUUNO\194 NOVA.JPG;;;  ;;;;;N;;S;;;1;FOOD;;N;;;;;;;;;;;;;15;FERNANDO FREIRE;217;COMPRADOR - CRISTIANO;217;;05/02/2025;03/10/2025 09:38:02;13/08/2025 15:49:30;09/04/2015;;S;S;N;;C;A;;N;;;1,00;0,50;0,50;0,50;P;0,00;;;6,25;0,00;;0,00;21;;S;0;;;N;N;N;R;0,00;0,00;0,00;0,00;0,00;0,00;0,00;0,00;0,00;0,00;;0,00;0,00;N;N;;S;N;;;N;;;;N;;;;;S;0,00;;;N;N;;;;;S;;;;N;N;;0,00;0,00;;0,00;;0,00;0,00;0,00;0,00;0,00;0,00;0,00;0,00;;;;;;N;;0,00;;;;;;;;;N;N;;N;;;;0,00;N;N;N;;;;;N;;;;;S;S;N;E;;PA;1;1;;1;;0,00;;9,90;;1,00;N;0,00;;;;N;;;;N;;S;;0,00;;;;;;;;;;;;;;;N;;20;;;N;;;;;;;;;1,00;100,00;;1;;;;V;N;;;;N;;;;;;;;;N;;;;;;;;;N;;;N;OM;;N;N;;;;N;N;N;;;0;;;;;;;;;N;;1,00;;U;;;;;N;N;N;0
195;CONS TARGET CARNE FIAMBRE CORTE 320G;66;JBS S/A (SP);13;ALIMENTOS EM CONSERVA;1302;CONSERVA FIAMBRE;;;130201;CARNE FIAMBRE BOV;;;L;OT;1UNX320GR;UN;UNIDADE;1,00;CX C/ 24UN;CX;CAIXA;24,00;0,40;0,40;16025000.1;(ICMS NORMAL 7% E 12%) - CONGELADOS: PIZZAS/LASANHAS/EMPANADOS.;16025000;01;13;14;13;7898430866852,00;17898430866859,00;7898430866852,00;6630/375297;3;195;CONS TARGET CARNE FIAMBRE CORTE 320G;;195;CONS TARGET CARNE FIAMBRE CORTE 320G;;;;;N;;;;;;;;;;;;;;;P:\BRUUUUUNO\195.PNG;;;  ;;;;;N;;S;;;;;;N;;;;;;;;;;;;;15;FERNANDO FREIRE;217;COMPRADOR - CRISTIANO;1275;;30/04/2025;15/11/2025 08:43:09;28/02/2025 17:35:08;09/04/2015;;S;S;N;;C;B;;N;;;1,00;0,50;0,50;0,50;P;0,00;;;6,04;0,00;;0,00;21;;S;0;;;N;N;N;R;0,00;0,00;0,00;0,00;0,00;0,00;0,00;0,00;0,00;0,00;;0,00;0,00;N;N;;S;N;;;N;;;;N;;;;;S;0,00;;;N;N;;;;;S;;;;N;N;;0,00;0,00;;0,00;;0,00;0,00;0,00;0,00;0,00;0,00;0,00;0,00;;;;;;N;;0,00;;;;;;;;;N;N;;N;;;;0,00;N;N;N;;;;;N;;;;;S;S;N;E;;PA;1;1;;1;;0,00;;9,70;;1,00;N;0,00;;;;N;;;;N;;S;;0,00;;;;;;;;;02/12/2020;;;;100,00;85,00;N;;20;;;N;;;;;;;;;1,00;100,00;;1;;;;V;N;;;;N;;;;;;;;;N;;;;;;;;;N;;;N;OM;;N;N;;;;N;N;N;;;0;;;;;;;;;N;;1,00;;U;;;;;N;N;N;0
196;CR DENT COLGATE MPA 180G;175;COLINA DISTRIBUIDORA DE PRODUTOS ALIMENTICIOS EIRELI;27;HIGIENE PESSOAL;2706;HIGIENE BUCAL;10;COLGATE;270603;CREME DENTAL 180GR;;;L;OT;UNIDADE;UN;UNIDADE;1,00;CX C/ 72UN;CX;CAIXA;72,00;0,21;0,21;33069000.;OUTRAS PREP.P/HIGIENE BUCAL OU DENTARIA ;33069000;;13;14;13;7891024134610,00;7891024042519,00;7891024134610,00;31802;1;196;CR DENT COLGATE MPA 180G;;196;CR DENT COLGATE MPA 180G;;;;;N;;;;;;;;;;;;;;;P:\BRUUUUUNO\196.PNG;;;  ;;;; ;N;;S;;;;;;N;;;;;;;;;;;;;15;FERNANDO FREIRE;1275;BRUNO FREIRE DE SOUZA;1275;;06/03/2025;03/07/2025 10:36:36;30/11/2024 10:47:19;09/04/2015;;S;S;N;;B;A;;N;;;1,00;0,50;0,50;0,50;P;0,00;;;6,28;0,00;;0,00;21;;S;0;;;N;N;N;R;0,00;0,00;0,00;0,00;0,00;0,00;0,00;0,00;0,00;0,00;;0,00;0,00;N;N;;S;N;;;N;;;;N;;;;;S;0,00;;;N;N;;;;;N;;;;N;N;;0,00;0,00;;0,00;;0,00;0,00;0,00;0,00;0,00;0,00;0,00;0,00;;;;;;N;;0,00;;;;;;;;;N;N;;N;;;;0,00;N;N;N;;;;;N;;;;;S;S;N;E;;PA;1;1;;2;;0,00;;14,80;;1,00;N;0,00;;;;N;;;;N;;S;;0,00;;;;;;;;;01/11/2019;;;;;;N;;20;;;N;;;;;;;;;1,00;100,00;;1;;;;V;N;;;;N;;;;;;;;;N;;;;;;;;;N;;;N;OM;;N;N;;;;N;N;N;;;0;;;;;;;;;N;;1,00;;U;;;;;N;N;N;0
197;CR DENT COLGATE MPA 50G;175;COLINA DISTRIBUIDORA DE PRODUTOS ALIMENTICIOS EIRELI;27;HIGIENE PESSOAL;2706;HIGIENE BUCAL;10;COLGATE;270601;CREME DENTAL 50GR;;;L;OT;UNIDADE;UN;UNIDADE;1,00;CX C/ 144UN;CX;CAIXA;144,00;0,06;0,06;33069000.;OUTRAS PREP.P/HIGIENE BUCAL OU DENTARIA ;33069000;;13;14;13;7891024132906,00;17891024132903,00;7891024132906,00;197;0;197;CR DENT COLGATE MPA 50G;;197;CR DENT COLGATE MPA 50G;;;;;N;;;;;;;;;;;;;;;P:\BRUUUUUNO\197.PNG;;;  ;;;; ;N;;S;;;;;;N;;;;;;;;;;;;;15;FERNANDO FREIRE;217;COMPRADOR - CRISTIANO;1275;;30/11/2024 10:47:02;03/11/2025 16:09:08;30/11/2024 10:47:02;09/04/2015;;S;S;N;;C;B;;N;;;1,00;0,50;0,50;0,50;P;0,00;;;2,59;0,00;;0,00;21;;S;0;;;N;N;N;R;0,00;0,00;0,00;0,00;0,00;0,00;0,00;0,00;0,00;0,00;;0,00;0,00;N;N;;S;N;;;N;;;;N;;;;;S;0,00;;;N;N;;;;;N;;;;N;N;;0,00;0,00;;0,00;;0,00;0,00;0,00;0,00;0,00;0,00;0,00;0,00;;;;;;N;;0,00;;;;;;;;;N;N;;N;;;;0,00;N;N;N;;;;;N;;;;;S;S;N;E;;PA;1;1;;2;;0,00;;8,89;;1,00;N;0,00;;;;N;;;;N;;S;;0,00;;;;;;;;;01/11/2019;;;;;;N;;20;;;N;;;;;;;;;1,00;100,00;;1;;;;V;N;;;;N;;;;;;;;;N;;;;;;;;;N;;;N;OM;;N;N;;;;N;N;N;;;0;;;;;;;;;N;;1,00;;U;;;;;N;N;N;0
198;CR DENT COLGATE MPA 90G;175;COLINA DISTRIBUIDORA DE PRODUTOS ALIMENTICIOS EIRELI;27;HIGIENE PESSOAL;2706;HIGIENE BUCAL;10;COLGATE;270602;CREME DENTAL 90 GR;;;L;OT;UNIDADE;UN;UNIDADE;1,00;CX C/ 144UN;CX;CAIXA;144,00;0,11;0,11;33069000.;OUTRAS PREP.P/HIGIENE BUCAL OU DENTARIA ;33069000;;13;14;13;7891024134702,00;17891024134709,00;7891024134702,00;198;8;198;CR DENT COLGATE MPA 90G;;198;CR DENT COLGATE MPA 90G;;;;;N;;;;;;;;;;;;;;;P:\BRUUUUUNO\198.PNG;;;  ;;;; ;N;;S;;;;;;N;;;;;;;;;;;;;15;FERNANDO FREIRE;103;ELAINE DO NASCIMENTO CABRAL SOUSA;103;;27/11/2024 08:27:28;03/11/2025 10:25:15;03/11/2025 10:25:15;09/04/2015;;S;S;N;;B;B;;N;;;1,00;0,50;0,50;0,50;P;0,00;;;3,11;0,00;;0,00;21;;S;0;;;N;N;N;R;0,00;0,00;0,00;0,00;0,00;0,00;0,00;0,00;0,00;0,00;;0,00;0,00;N;N;;S;N;;;N;;;;N;;;;;S;0,00;;;N;N;;;;;N;;;;N;N;;0,00;0,00;;0,00;;0,00;0,00;0,00;0,00;0,00;0,00;0,00;0,00;;;;;;N;;0,00;;;;;;;;;N;N;;N;;;;0,00;N;N;N;;;;;N;;;;;N;S;N;E;;PA;1;1;;2;;0,00;;15,11;;1,00;N;0,00;;;;N;;;;N;;S;;0,00;;;;;;;;;01/05/2019;;;;;;N;;20;;;N;;;;;;;;;1,00;100,00;;1;;;;V;N;;;;N;;;;;;;;;N;;;;;;;;;N;;;N;OM;;N;N;;;;N;N;N;;;0;;;;;;;;;N;;1,00;;U;;;;;N;N;N;0
199;CR DENT COLGATE MPA 90G L15P12;175;COLINA DISTRIBUIDORA DE PRODUTOS ALIMENTICIOS EIRELI;27;HIGIENE PESSOAL;2706;HIGIENE BUCAL;10;COLGATE;270602;CREME DENTAL 90 GR;;;L;OT;PCT;PC;PACOTE;1,00;CX C/ 12PC;CX;CAIXA;12,00;1,35;0,11;33069000.;OUTRAS PREP.P/HIGIENE BUCAL OU DENTARIA ;33069000;;13;14;13;7891024027158,00;17891024027158,00;7891024027158,00;199;6;199;CR DENT COLGATE MPA 90G L15P12;;199;CR DENT COLGATE MPA 90G L15P12;;;;;N;;;;;;;;;;;;;;;;;;FL;;;;;N;;N;;;;;;N;;;;;;;;;;;;;15;FERNANDO FREIRE;453;AMF CONSULTA;453;11/12/2015;17/11/2022 18:26:34;05/03/2024 12:05:53;17/11/2022 18:26:34;09/04/2015;;S;S;N;;C;;;N;;;1,00;0,50;0,50;0,50;P;0,00;;;0,00;0,00;;0,00;21;;S;0;1;DISTRIBUIDORA FREITAS LOPES LTDA;N;N;N;R;0,00;0,00;0,00;0,00;0,00;0,00;0,00;0,00;0,00;0,00;;0,00;0,00;N;N;;S;N;;;N;;;;N;;;;;S;0,00;;;N;N;;;;;N;;;;N;N;;0,00;0,00;;0,00;;0,00;0,00;0,00;0,00;0,00;0,00;0,00;0,00;;;;;;N;;0,00;;;;;;;;;N;N;;N;;;;;N;N;N;;;;;N;;;;;N;S;N;E;;PA;1;1;;2;;217,60;;;;;N;0,00;;;;N;;;;N;;;;;;;;;;;;;;;;;;;N;;;;;N;;;;;;;;;1,00;100,00;;1;;;;V;N;;;;N;;;;;;;;;N;;;;;;;;;N;;;N;OM;;N;N;;;;;N;N;;;0;;;;;;;;;N;;1,00;;U;;;;;N;N;N;0
200;CR DENT COLGATE T ACAO HORTELA 90G;175;COLINA DISTRIBUIDORA DE PRODUTOS ALIMENTICIOS EIRELI;27;HIGIENE PESSOAL;2706;HIGIENE BUCAL;10;COLGATE;270602;CREME DENTAL 90 GR;;;L;OT;UNIDADE;UN;UNIDADE;1,00;CX C/ 144UN;CX;CAIXA;144,00;0,11;0,11;33069000.;OUTRAS PREP.P/HIGIENE BUCAL OU DENTARIA ;33069000;;13;14;13;7891024132128,00;17891024132125,00;7891024132128,00;200;3;203;CR DENT COLGATE T ACAO MENTA ORIG 90G;;203;CR DENT COLGATE T ACAO MENTA ORIG 90G;;;;;N;;;;;;;;;;;;;;;;;;  ;;;; ;N;;S;;;;;;N;;;;;;;;;;;;;15;FERNANDO FREIRE;1275;BRUNO FREIRE DE SOUZA;465;;10/03/2023 13:34:23;04/11/2025 11:14:42;04/11/2025 09:02:38;09/04/2015;;S;S;N;;C;C;;N;;;1,00;0,50;0,50;0,50;P;0,00;;;4,10;0,00;;0,00;21;;S;0;;;N;N;N;R;0,00;0,00;0,00;0,00;0,00;0,00;0,00;0,00;0,00;0,00;;0,00;0,00;N;N;;S;N;;;N;;;;N;;;;;S;0,00;;;N;N;;;;;N;;;;N;N;;0,00;0,00;;0,00;;0,00;0,00;0,00;0,00;0,00;0,00;0,00;0,00;;;;;;N;;0,00;;;;;;;;;N;N;;N;;;;0,00;N;N;N;;;;;N;;;;;S;S;N;E;;PA;1;1;;2;;0,00;;15,11;;1,00;N;0,00;;;;N;;;;N;;;;0,00;;;;;;;;;;;;;;;N;;20;;;N;;;;;;;;;1,00;100,00;;1;;;;V;N;;;;N;;;;;;;;;N;;;;;;;;;N;;;N;OM;;N;N;;;;;N;N;;;0;;;;;;;;;N;;1,00;;U;;;;;N;N;N;0
201;CR DENT COLGATE T ACAO MENTA ORIG 180G;175;COLINA DISTRIBUIDORA DE PRODUTOS ALIMENTICIOS EIRELI;27;HIGIENE PESSOAL;2706;HIGIENE BUCAL;10;COLGATE;270603;CREME DENTAL 180GR;;;L;OT;UNIDADE;UN;UNIDADE;1,00;CX C/ 72UN;CX;CAIXA;72,00;0,21;0,21;33069000.;OUTRAS PREP.P/HIGIENE BUCAL OU DENTARIA ;33069000;;13;14;13;7891024132371,00;17891024132378,00;7891024132371,00;201423;1;201;CR DENT COLGATE T ACAO MENTA ORIG 180G;;201;CR DENT COLGATE T ACAO MENTA ORIG 180G;;;;;N;;;;;;;;;;;;;;;P:\BRUUUUUNO\201.PNG;;;  ;;;; ;N;;S;;;;;;N;;;;;;;;;;;;;15;FERNANDO FREIRE;217;COMPRADOR - CRISTIANO;1275;;27/11/2024 08:27:02;29/10/2025 11:18:53;27/11/2024 08:27:02;09/04/2015;;S;S;N;;A;C;;N;;;1,00;0,50;0,50;0,50;P;0,00;;;6,29;0,00;;0,00;21;;S;0;;;N;N;N;R;0,00;0,00;0,00;0,00;0,00;0,00;0,00;0,00;0,00;0,00;;0,00;0,00;N;N;;S;N;;;N;;;;N;;;;;S;0,00;;;N;N;;;;;N;;;;N;N;;0,00;0,00;;0,00;;0,00;0,00;0,00;0,00;0,00;0,00;0,00;0,00;;;;;;N;;0,00;;;;;;;;;N;N;;N;;;;0,00;N;N;N;;;;;N;;;;;S;S;N;E;;PA;1;1;1,00;2;;0,00;;14,40;;1,00;N;0,00;;;;N;;;;N;;S;;0,00;;;;;;;;;;;;;;;N;;20;;;N;1,00;;;;;;;;1,00;1,00;;1;1;;;V;N;;;;N;;;;;;;;;N;;;;;;;;;N;;;N;OM;;N;N;;;;N;N;N;;;0;;;;;;;;;N;;1,00;;U;;;;;N;N;N;0
202;CR DENT COLGATE T ACAO ORIG 50G;175;COLINA DISTRIBUIDORA DE PRODUTOS ALIMENTICIOS EIRELI;27;HIGIENE PESSOAL;2706;HIGIENE BUCAL;10;COLGATE;270601;CREME DENTAL 50GR;;;L;OT;UNIDADE;PC;PACOTE;1,00;CX C/ 144UN;CX;CAIXA;144,00;0,06;0,06;33069000.;OUTRAS PREP.P/HIGIENE BUCAL OU DENTARIA ;33069000;;0;0;0;0,00;0,00;0,00;202;0;202;CR DENT COLGATE T ACAO ORIG 50G;;202;CR DENT COLGATE T ACAO ORIG 50G;;;;;N;;;;;;;;;;;;;;;;;;FL;;;;;N;;N;;;;;;N;;;;;;;;;;;;;15;FERNANDO FREIRE;453;AMF CONSULTA;453;15/06/2015;17/11/2022 18:28:38;07/05/2025 13:45:01;17/11/2022 18:28:38;09/04/2015;;S;S;N;;C;;;N;;;1,00;0,50;0,50;0,50;P;0,00;;;0,00;0,00;;0,00;21;;N;0;;;N;N;N;R;0,00;0,00;0,00;0,00;0,00;0,00;0,00;0,00;0,00;0,00;;0,00;0,00;N;N;;S;N;;;N;;;;N;;;;;S;0,00;;;N;N;;;;;N;;;;N;N;;0,00;0,00;;0,00;;0,00;0,00;0,00;0,00;0,00;0,00;0,00;0,00;;;;;;N;;0,00;;;;;;;;;N;N;;N;;;;;N;N;N;;;;;N;;;;;N;S;N;E;;PA;1;1;;1;;;;;;;N;0,00;;;;N;;;;N;;;;;;;;;;;;;;;;;;;N;;;;;N;;;;;;;;;1,00;100,00;;1;;;;V;N;;;;N;;;;;;;;;N;;;;;;;;;N;;;N;OM;;N;N;;;;;N;N;;;0;;;;;;;;;N;;1,00;;U;;;;;N;N;N;0
203;CR DENT COLGATE T ACAO MENTA ORIG 90G;175;COLINA DISTRIBUIDORA DE PRODUTOS ALIMENTICIOS EIRELI;27;HIGIENE PESSOAL;2706;HIGIENE BUCAL;10;COLGATE;270602;CREME DENTAL 90 GR;;;L;OT;UNIDADE;UN;UNIDADE;1,00;CX C/ 144UN;CX;CAIXA;144,00;0,10;0,10;33069000.;OUTRAS PREP.P/HIGIENE BUCAL OU DENTARIA ;33069000;;13;14;13;7891024132005,00;17891024132002,00;7891024132005,00;217800;8;203;CR DENT COLGATE T ACAO MENTA ORIG 90G;;203;CR DENT COLGATE T ACAO MENTA ORIG 90G;;;;;N;;;;;;;;;;;;;;;P:\BRUUUUUNO\203.PNG;;;  ;;;; ;N;;S;;;;;;N;;;;;;;;;;;;;15;FERNANDO FREIRE;1275;BRUNO FREIRE DE SOUZA;1275;;04/12/2024 14:15:02;06/11/2025 08:42:38;04/12/2024 14:15:02;09/04/2015;;S;S;N;;A;C;;N;;;1,00;0,50;0,50;0,50;P;0,00;;;4,13;0,00;;0,00;21;;S;0;;;N;N;N;R;0,00;0,00;0,00;0,00;0,00;0,00;0,00;0,00;0,00;0,00;;0,00;0,00;N;N;;S;N;;;N;;;;N;;;;;S;0,00;;;N;N;;;;;N;;;;N;N;;0,00;0,00;;0,00;;0,00;0,00;0,00;0,00;0,00;0,00;0,00;0,00;;;;;;N;;0,00;;;;;;;;;N;N;;N;;;;0,00;N;N;N;;;;;N;;;;;S;S;N;E;;PA;1;1;;2;;0,00;;15,00;;1,00;N;0,00;;;;N;;;;N;;S;;0,00;;;;;;;;;;;;;;;N;;20;;;N;;;;;;;;;1,00;100,00;;1;;;;V;N;;;;N;;;;;;;;;N;;;;;;;;;N;;;N;OM;;N;N;;;;N;N;N;;;0;;;;;;;;;N;;1,00;;U;;;;;N;N;N;0
204;CR DENT COLGATE T ACAO MENTA SUAVE 90G;175;COLINA DISTRIBUIDORA DE PRODUTOS ALIMENTICIOS EIRELI;27;HIGIENE PESSOAL;2706;HIGIENE BUCAL;10;COLGATE;270602;CREME DENTAL 90 GR;;;L;OT;UNIDADE;UN;UNIDADE;1,00;CX C/ 144UN;CX;CAIXA;144,00;0,11;0,11;33069000.;OUTRAS PREP.P/HIGIENE BUCAL OU DENTARIA ;33069000;;13;14;13;7891024132104,00;17891024132101,00;7891024132104,00;204;6;203;CR DENT COLGATE T ACAO MENTA ORIG 90G;;203;CR DENT COLGATE T ACAO MENTA ORIG 90G;;;;;N;;;;;;;;;;;;;;;;;;  ;;;; ;N;;S;;;;;;N;;;;;;;;;;;;;15;FERNANDO FREIRE;1275;BRUNO FREIRE DE SOUZA;103;;29/01/2024 15:12:17;06/06/2025 14:59:51;29/01/2024 15:12:17;09/04/2015;;S;S;N;;C;C;;N;;;1,00;0,50;0,50;0,50;P;0,00;;;3,99;0,00;;0,00;21;;S;0;;;N;N;N;R;0,00;0,00;0,00;0,00;0,00;0,00;0,00;0,00;0,00;0,00;;0,00;0,00;N;N;;S;N;;;N;;;;N;;;;;S;0,00;;;N;N;;;;;N;;;;N;N;;0,00;0,00;;0,00;;0,00;0,00;0,00;0,00;0,00;0,00;0,00;0,00;;;;;;N;;0,00;;;;;;;;;N;N;;N;;;;0,00;N;N;N;;;;;N;;;;;N;S;N;E;;PA;1;1;;2;;0,00;;15,11;;1,00;N;0,00;;;;N;;;;N;;;;0,00;;;;;;;;;;;;;;;N;;20;;;N;;;;;;;;;1,00;100,00;;1;;;;V;N;;;;N;;;;;;;;;N;;;;;;;;;N;;;N;OM;;N;N;;;;N;N;N;;;0;;;;;;;;;N;;1,00;;U;;;;;N;N;N;0
205;CR DENT COLGATE T12 ADVAN FRESH 90G;175;COLINA DISTRIBUIDORA DE PRODUTOS ALIMENTICIOS EIRELI;27;HIGIENE PESSOAL;2706;HIGIENE BUCAL;10;COLGATE;270602;CREME DENTAL 90 GR;;;L;OT;UNIDADE;UN;UNIDADE;1,00;CX C/ 48UN;CX;CAIXA;48,00;0,12;0,12;33069000.;OUTRAS PREP.P/HIGIENE BUCAL OU DENTARIA ;33069000;;13;14;13;7891024135310,00;27891024135314,00;7891024135310,00;200296;4;206;CR DENT COLGATE T12 CLEAN MINT 90G;;206;CR DENT COLGATE T12 CLEAN MINT 90G;;;;;N;;;;;;;;;;;;;;;;;;  ;;;; ;N;;S;;;;;;N;;;;;;;;;;;;;15;FERNANDO FREIRE;1275;BRUNO FREIRE DE SOUZA;453;;17/11/2022 18:28:43;06/11/2025 08:42:38;17/11/2022 18:28:43;09/04/2015;;S;S;N;;C;C;;N;;;1,00;0,50;0,50;0,50;P;0,00;;;10,39;0,00;;0,00;21;;S;0;;;N;N;N;R;0,00;0,00;0,00;0,00;0,00;0,00;0,00;0,00;0,00;0,00;;0,00;0,00;N;N;;S;N;;;N;;;;N;;;;;S;0,00;;;N;N;;;;;N;;;;N;N;;0,00;0,00;;0,00;;0,00;0,00;0,00;0,00;0,00;0,00;0,00;0,00;;;;;;N;;0,00;;;;;;;;;N;N;;N;;;;0,00;N;N;N;;;;;N;;;;;S;S;N;E;;PA;1;1;;2;;0,00;;5,80;;1,00;N;0,00;;;;N;;;;N;;;;0,00;;;;;;;;;01/08/2019;;;;;;N;;20;;;N;;;;;;;;;1,00;100,00;;1;;;;V;N;;;;N;;;;;;;;;N;;;;;;;;;N;;;N;OM;;N;N;;;;;N;N;;;0;;;;;;;;;N;;1,00;;U;;;;;N;N;N;0
206;CR DENT COLGATE T12 CLEAN MINT 90G;175;COLINA DISTRIBUIDORA DE PRODUTOS ALIMENTICIOS EIRELI;27;HIGIENE PESSOAL;2706;HIGIENE BUCAL;10;COLGATE;270602;CREME DENTAL 90 GR;;;L;OT;UNIDADE;UN;UNIDADE;1,00;CX C/ 48UN;CX;CAIXA;48,00;0,12;0,12;33069000.;OUTRAS PREP.P/HIGIENE BUCAL OU DENTARIA ;33069000;;13;14;13;7793100111143,00;37793100111144,00;7793100111143,00;200207;2;206;CR DENT COLGATE T12 CLEAN MINT 90G;;206;CR DENT COLGATE T12 CLEAN MINT 90G;;;;;N;;;;;;;;;;;;;;;;;;  ;;;; ;N;;S;;;;;;N;;;;;;;;;;;;;15;FERNANDO FREIRE;1275;BRUNO FREIRE DE SOUZA;436;;12/09/2023 14:53:30;28/08/2025 08:38:38;12/09/2023 14:53:30;09/04/2015;;S;S;N;;C;C;;N;;;1,00;0,50;0,50;0,50;P;0,00;;;9,37;0,00;;0,00;21;;S;0;;;N;N;N;R;0,00;0,00;0,00;0,00;0,00;0,00;0,00;0,00;0,00;0,00;;0,00;0,00;N;N;;S;N;;;N;;;;N;;;;;S;0,00;;;N;N;;;;;N;;;;N;N;;0,00;0,00;;0,00;;0,00;0,00;0,00;0,00;0,00;0,00;0,00;0,00;;;;;;N;;0,00;;;;;;;;;N;N;;N;;;;0,00;N;N;N;;;;;N;;;;;S;S;N;E;;PA;1;1;;2;;0,00;;5,76;;1,00;N;0,00;;;;N;;;;N;;;;0,00;;;;;;;;;01/02/2019;;;;;;N;;20;;;N;;;;;;;;;1,00;100,00;;1;;;;V;N;;;;N;;;;;;;;;N;;;;;;;;;N;;;N;OM;;N;N;;;;N;N;N;;;0;;;;;;;;;N;;1,00;;U;;;;;N;N;N;0
207;GEL DENT COLGATE T12 WHITENING 90G;175;COLINA DISTRIBUIDORA DE PRODUTOS ALIMENTICIOS EIRELI;27;HIGIENE PESSOAL;2706;HIGIENE BUCAL;10;COLGATE;270602;CREME DENTAL 90 GR;;;L;OT;UNIDADE;UN;UNIDADE;1,00;CX C/ 48UN;CX;CAIXA;48,00;0,12;0,12;33069000.;OUTRAS PREP.P/HIGIENE BUCAL OU DENTARIA ;33069000;;13;14;13;7891024135020,00;27891024135024,00;7891024135020,00;200208;0;206;CR DENT COLGATE T12 CLEAN MINT 90G;;206;CR DENT COLGATE T12 CLEAN MINT 90G;;;;;N;;;;;;;;;;;;;;;;;;  ;;;; ;N;;S;;;;;;N;;;;;;;;;;;;;15;FERNANDO FREIRE;1275;BRUNO FREIRE DE SOUZA;453;;13/12/2022 17:25:23;22/10/2025 17:31:44;13/12/2022 17:25:23;09/04/2015;;S;S;N;;C;C;;N;;;1,00;0,50;0,50;0,50;P;0,00;;;8,19;0,00;;0,00;21;;S;0;;;N;N;N;R;0,00;0,00;0,00;0,00;0,00;0,00;0,00;0,00;0,00;0,00;;0,00;0,00;N;N;;S;N;;;N;;;;N;;;;;S;0,00;;;N;N;;;;;N;;;;N;N;;0,00;0,00;;0,00;;0,00;0,00;0,00;0,00;0,00;0,00;0,00;0,00;;0,00;;;;N;;0,00;;;;;;;;;N;N;;N;;;;0,00;N;N;N;;;;;N;;;;;S;S;N;E;;PA;1;1;;2;;0,00;;5,80;;1,00;N;0,00;;;;N;;;;N;;;;0,00;;;;;;;;;01/01/2019;;;;;;N;;20;;;N;;;;;;;;;1,00;100,00;;1;;;;V;N;;;;N;;;;;;;;;N;;;;;;;;;N;;;N;OM;;N;N;;;;;N;N;;;0;;;;;;;;;N;;1,00;;U;;;;;N;N;N;0
26302;PAPEL TOALHA INTERF BRANCO 1000FLS;2030;S P SERRAO HORTIFRUTI LTDA;1;MIGRACAO;1;MIGRACAO;353;DESCARTAVEL;1;MIGRACAO;;;L;OT;UNIDADE;FD;FARDO;1,00;1X1;FD;FARDO;1,00;1,00;1,00;39241000.;"SERVICOS D/MESA,OUTS.UTENS.COZ. D/PLASTICO
";39241000;;0;0;0;0,00;0,00;0,00;.9782;;26302;PAPEL TOALHA INTERF BRANCO 1000FLS;;9054;PAPEL TOALHA INTERF  ECONOCLEAN 1000FLS;;;;;N;;;;;;;;;;;;;;;;;;FL;;;;;N;;S;;;;;;N;;;;;;;;;;;;;335;COMPRADOR 13 - RONALDO DIAS;453;AMF CONSULTA;453;16/12/1992;03/03/2023 11:24:30;05/03/2024 12:05:53;03/03/2023 11:24:30;18/02/2022;;S;S;S;;;;;N;;;1,00;0,50;0,50;0,50;P;0,00;;;4950,00;0,00;;0,00;28;;N;0;;;N;N;N;R;0,00;0,00;0,00;0,00;0,00;0,00;0,00;0,00;0,00;0,00;;0,00;0,00;N;N;;S;N;;;N;;;;N;;;;;S;0,00;;;N;N;;;;;N;;;;N;N;;0,00;0,00;;0,00;;0,00;0,00;0,00;0,00;0,00;0,00;0,00;0,00;;;;;;N;;0,00;;;;;;;;;N;N;;N;;;;0,00;N;N;S;;;;;N;;;;;N;S;N;E;;PA;1;1;;1;;;;;;;S;0,00;;;;N;;;;N;;;;0,00;;;;;;;;;;;;;;;N;;;;;N;;;;;;;;;1,00;1,00;;1;;;;V;N;;;;N;;;;;;;;;N;;;;;;;;;N;;;N;OM;;N;N;;;;;N;N;;;0;;;;;;;;;N;;1,00;;U;;;3;;N;N;N;0
208;CR DENT SORRISO D BRANCO 180G;175;COLINA DISTRIBUIDORA DE PRODUTOS ALIMENTICIOS EIRELI;27;HIGIENE PESSOAL;2706;HIGIENE BUCAL;10;COLGATE;270603;CREME DENTAL 180GR;;;L;OT;UNIDADE;UN;UNIDADE;1,00;CX C/ 72UN;CX;CAIXA;72,00;0,21;0,21;33069000.;OUTRAS PREP.P/HIGIENE BUCAL OU DENTARIA ;33069000;;13;14;13;7891528038001,00;17891528038008,00;7891528038001,00;208;9;208;CR DENT SORRISO D BRANCO 180G;;208;CR DENT SORRISO D BRANCO 180G;;;;;N;;;;;;;;;;;;;;;P:\BRUUUUUNO\208.PNG;;;  ;;;; ;N;;S;;;;;;N;;;;;;;;;;;;;15;FERNANDO FREIRE;217;COMPRADOR - CRISTIANO;1275;;03/10/2023 15:50:38;03/11/2025 16:09:08;26/03/2025 14:23:44;09/04/2015;;S;S;N;;B;B;;N;;;1,00;0,50;0,50;0,50;P;0,00;;;5,09;0,00;;0,00;21;;S;0;;;N;N;N;R;0,00;0,00;0,00;0,00;0,00;0,00;0,00;0,00;0,00;0,00;;0,00;0,00;N;N;;S;N;;;N;;;;N;;;;;S;0,00;;;N;N;;;;;N;;;;N;N;;0,00;0,00;;0,00;;0,00;0,00;0,00;0,00;0,00;0,00;0,00;0,00;;;;;;N;;0,00;;;;;;;;;N;N;;N;;;;0,00;N;N;N;;;;;N;;;;;S;S;N;E;;PA;1;1;;2;;0,00;;14,84;;1,00;N;0,00;;;;N;;;;N;;;;0,00;;;;;;;;;01/05/2019;;;;;;N;;20;;;N;;;;;;;;;1,00;100,00;;1;;;;V;N;;;;N;;;;;;;;;N;;;;;;;;;N;;;N;OM;;N;N;;;;N;N;N;;;0;;;;;;;;;N;;1,00;;U;;;;;N;N;N;0
209;CR DENT SORRISO D BRANCO 50G;175;COLINA DISTRIBUIDORA DE PRODUTOS ALIMENTICIOS EIRELI;27;HIGIENE PESSOAL;2706;HIGIENE BUCAL;10;COLGATE;270601;CREME DENTAL 50GR;;;L;OT;UNIDADE;UN;UNIDADE;1,00;CX C/ 144UN;CX;CAIXA;144,00;0,06;0,06;33069000.;OUTRAS PREP.P/HIGIENE BUCAL OU DENTARIA ;33069000;;13;14;13;7891528038025,00;17891528038022,00;7891528038025,00;209;7;209;CR DENT SORRISO D BRANCO 50G;;209;CR DENT SORRISO D BRANCO 50G;;;;;N;;;;;;;;;;;;;;;P:\BRUUUUUNO\209.PNG;;;  ;;;; ;N;;S;;;;;;N;;;;;;;;;;;;;15;FERNANDO FREIRE;217;COMPRADOR - CRISTIANO;1275;;30/11/2024 10:46:35;03/11/2025 16:09:08;30/11/2024 10:46:35;09/04/2015;;S;S;N;;B;C;;N;;;1,00;0,50;0,50;0,50;P;0,00;;;2,49;0,00;;0,00;21;;S;0;;;N;N;N;R;0,00;0,00;0,00;0,00;0,00;0,00;0,00;0,00;0,00;0,00;;0,00;0,00;N;N;;S;N;;;N;;;;N;;;;;S;0,00;;;N;N;;;;;N;;;;N;N;;0,00;0,00;;0,00;;0,00;0,00;0,00;0,00;0,00;0,00;0,00;0,00;;;;;;N;;0,00;;;;;;;;;N;N;;N;;;;0,00;N;N;N;;;;;N;;;;;S;S;N;E;;PA;1;1;;2;;0,00;;8,90;;1,00;N;0,00;;;;N;;;;N;;S;;0,00;;;;;;;;;01/11/2019;;;;;;N;;20;;;N;;;;;;;;;1,00;100,00;;1;;;;V;N;;;;N;;;;;;;;;N;;;;;;;;;N;;;N;OM;;N;N;;;;N;N;N;;;0;;;;;;;;;N;;1,00;;U;;;;;N;N;N;0
210;CR DENT SORRISO D BRANCO 90G;175;COLINA DISTRIBUIDORA DE PRODUTOS ALIMENTICIOS EIRELI;27;HIGIENE PESSOAL;2706;HIGIENE BUCAL;10;COLGATE;270602;CREME DENTAL 90 GR;;;L;OT;UNIDADE;UN;UNIDADE;1,00;CX C/ 144UN;CX;CAIXA;144,00;0,10;0,10;33069000.;OUTRAS PREP.P/HIGIENE BUCAL OU DENTARIA ;33069000;;13;14;13;7891528030142,00;17891528030149,00;7891528030142,00;210;0;210;CR DENT SORRISO D BRANCO 90G;;210;CR DENT SORRISO D BRANCO 90G;;;;;N;;;;;;;;;;;;;;;P:\BRUUUUUNO\210.PNG;;;  ;;;; ;N;;S;;;;;;N;;;;;;;;;;;;;15;FERNANDO FREIRE;217;COMPRADOR - CRISTIANO;1275;;04/12/2024 14:14:45;03/11/2025 16:09:08;04/12/2024 14:14:45;09/04/2015;;S;S;N;;B;B;;N;;;1,00;0,50;0,50;0,50;P;0,00;;;3,39;0,00;;0,00;21;;S;0;;;N;N;N;R;0,00;0,00;0,00;0,00;0,00;0,00;0,00;0,00;0,00;0,00;;0,00;0,00;N;N;;S;N;;;N;;;;N;;;;;S;0,00;;;N;N;;;;;N;;;;N;N;;0,00;0,00;;0,00;;0,00;0,00;0,00;0,00;0,00;0,00;0,00;0,00;;;;;;N;;0,00;;;;;;;;;N;N;;N;;;;0,00;N;N;N;;;;;N;;;;;S;S;N;E;;PA;1;1;1,00;2;;0,00;;15,14;;1,00;N;0,00;;;;N;;;;N;;S;;0,00;;;;;;;;;01/04/2019;;;;;;N;;20;;;N;1,00;;;;;;;;1,00;1,00;;1;1;;;V;N;;;;N;;;;;;;;;N;;;;;;;;;N;;;N;OM;;N;N;;;;N;N;N;;;0;;;;;;;;;N;;1,00;;U;;;;;N;N;N;0
211;CR DENT SORRISO D BCO 15X180G;175;COLINA DISTRIBUIDORA DE PRODUTOS ALIMENTICIOS EIRELI;27;HIGIENE PESSOAL;2706;HIGIENE BUCAL;10;COLGATE;270603;CREME DENTAL 180GR;;;L;OT;PCT;PC;PACOTE;1,00;CX C/ 04PACK;CX;CAIXA;4,00;0,21;0,21;33069000.;OUTRAS PREP.P/HIGIENE BUCAL OU DENTARIA ;33069000;;13;14;13;7891528028132,00;17891528028139,00;7891528028132,00;;9;211;CR DENT SORRISO D BCO 15X180G;;211;CR DENT SORRISO D BCO 15X180G;;;;;N;;;;;;;;;;;;;;;;;;  ;;;; ;N;;S;;;;;;N;;;;;;;;;;;;;15;FERNANDO FREIRE;265;GILBERTO PINHEIRO GUIMARAES;103;;24/05/2023 14:57:23;06/06/2025 14:59:51;24/05/2023 14:57:23;09/04/2015;;S;S;N;;C;C;;N;;;1,00;0,50;0,50;0,50;P;0,00;;;65,00;0,00;;0,00;21;;S;0;;;N;N;N;R;0,00;0,00;0,00;0,00;0,00;0,00;0,00;0,00;0,00;0,00;;0,00;0,00;N;N;;S;N;;;N;;;;N;;;;;S;0,00;;;N;N;;;;;N;;;;N;N;;0,00;0,00;;0,00;;0,00;0,00;0,00;0,00;0,00;0,00;0,00;0,00;;;;;;N;;0,00;;;;;;;;;N;N;;N;;;;0,00;N;N;N;;;;;N;;;;;S;S;N;E;;PA;1;1;;2;;0,00;;14,84;;1,00;N;0,00;;;;N;;;;N;;;;0,00;;;;;;;;;;;;;;;N;;20;;;N;;;;;;;;;1,00;100,00;;1;;;;V;N;;;;N;;;;;;;;;N;;;;;;;;;N;;;N;OM;;N;N;;;;;N;N;;;0;;;;;;;;;N;;1,00;;U;;;;;N;N;N;0
212;CR DENT SORRISO D BCO 90G L15P12;176;DIST BELEM DE ALIMENTOS LTDA;27;HIGIENE PESSOAL;2706;HIGIENE BUCAL;;;270602;CREME DENTAL 90 GR;;;L;OT;PCT;PC;PACOTE;1,00;PC C/ 12PC;CX;CAIXA;12,00;1,35;1,35;33069000.;OUTRAS PREP.P/HIGIENE BUCAL OU DENTARIA ;33069000;;13;14;13;7891024027134,00;17891024027134,00;7891024027134,00;212;7;212;CR DENT SORRISO D BCO 90G L15P12;;212;CR DENT SORRISO D BCO 90G L15P12;;;;;N;;;;;;;;;;;;;;;;;;FL;;;;;N;;N;;;;;;N;;;;;;;;;;;;;15;FERNANDO FREIRE;453;AMF CONSULTA;453;01/05/2016;17/11/2022 18:34:56;05/03/2024 12:05:53;17/11/2022 18:34:56;09/04/2015;;S;S;N;;C;;;N;;;1,00;0,50;0,50;0,50;P;0,00;;;0,00;0,00;;0,00;21;;S;0;;;N;N;N;R;0,00;0,00;0,00;0,00;0,00;0,00;0,00;0,00;0,00;0,00;;0,00;0,00;N;N;;S;N;;;N;;;;N;;;;;S;0,00;;;N;N;;;;;N;;;;N;N;;0,00;0,00;;0,00;;0,00;0,00;0,00;0,00;0,00;0,00;0,00;0,00;;;;;;N;;0,00;;;;;;;;;N;N;;N;;;;;N;N;N;;;;;N;;;;;N;S;N;E;;PA;1;1;1,00;2;;0,02;;;;;N;0,00;;;;N;;;;N;;;;;;;;;;;;;;;;;;;N;;;;;N;1,00;;;;;;;;1,00;1,00;;1;1;;;V;N;;;;N;;;;;;;;;N;;;;;;;;;N;;;N;OM;;N;N;;;;;N;N;;;0;;;;;;;;;N;;1,00;;U;;;;;N;N;N;0
213;GEL DENT SORRISO FRESH HORTELA 90G;175;COLINA DISTRIBUIDORA DE PRODUTOS ALIMENTICIOS EIRELI;27;HIGIENE PESSOAL;2706;HIGIENE BUCAL;10;COLGATE;270602;CREME DENTAL 90 GR;;;L;OT;UNIDADE;UN;UNIDADE;1,00;CX C/ 72UN;CX;CAIXA;72,00;0,11;0,11;33069000.;OUTRAS PREP.P/HIGIENE BUCAL OU DENTARIA ;33069000;;13;14;13;7891528038612,00;17891528038619,00;7891528038612,00;;5;213;GEL DENT SORRISO FRESH HORTELA 90G;;213;GEL DENT SORRISO FRESH HORTELA 90G;;;;;N;;;;;;;;;;;;;;;;;;FL;;;; ;N;;S;;;;;;N;;;;;;;;;;;;;15;FERNANDO FREIRE;453;AMF CONSULTA;453;15/12/1992;13/12/2022 17:31:10;07/05/2025 13:45:02;13/12/2022 17:31:10;09/04/2015;;S;S;N;;C;C;;N;;;1,00;0,50;0,50;0,50;P;0,00;;;2,49;0,00;;0,00;21;;N;0;;;N;N;N;R;0,00;0,00;0,00;0,00;0,00;0,00;0,00;0,00;0,00;0,00;;0,00;0,00;N;N;;S;N;;;N;;;;N;;;;;S;0,00;;;N;N;;;;;N;;;;N;N;;0,00;0,00;;0,00;;0,00;0,00;0,00;0,00;0,00;0,00;0,00;0,00;;;;;;N;;0,00;;;;;;;;;N;N;;N;;;;0,00;N;N;N;;;;;N;;;;;S;S;N;E;;PA;1;1;;2;;0,00;;7,67;;;N;0,00;;;;N;;;;N;;;;0,00;;;;;;;;;01/10/2019;;;;;;N;;;;;N;;;;;;;;;1,00;100,00;;1;;;;V;N;;;;N;;;;;;;;;N;;;;;;;;;N;;;N;OM;;N;N;;;;;N;N;;;0;;;;;;;;;N;;1,00;;U;;;;;N;N;N;0
214;CR DENT SORRISO FRESH GEL MENTA 90G;175;COLINA DISTRIBUIDORA DE PRODUTOS ALIMENTICIOS EIRELI;27;HIGIENE PESSOAL;2706;HIGIENE BUCAL;10;COLGATE;270602;CREME DENTAL 90 GR;;;L;OT;UNIDADE;UN;UNIDADE;1,00;CX C/ 72UN;CX;CAIXA;72,00;0,11;0,11;33069000.;OUTRAS PREP.P/HIGIENE BUCAL OU DENTARIA ;33069000;;13;14;13;7891528038629,00;17891528038626,00;7891528038629,00;69836;3;213;GEL DENT SORRISO FRESH HORTELA 90G;;213;GEL DENT SORRISO FRESH HORTELA 90G;;;;;N;;;;;;;;;;;;;;;;;;FL;;;; ;N;;S;;;;;;N;;;;;;;;;;;;;15;FERNANDO FREIRE;453;AMF CONSULTA;453;15/12/1992;17/11/2022 18:35:37;07/05/2025 13:45:02;17/11/2022 18:35:37;09/04/2015;;S;S;N;;C;C;;N;;;1,00;0,50;0,50;0,50;P;0,00;;;2,49;0,00;;0,00;21;;N;0;;;N;N;N;R;0,00;0,00;0,00;0,00;0,00;0,00;0,00;0,00;0,00;0,00;;0,00;0,00;N;N;;S;N;;;N;;;;N;;;;;S;0,00;;;N;N;;;;;N;;;;N;N;;0,00;0,00;;0,00;;0,00;0,00;0,00;0,00;0,00;0,00;0,00;0,00;;;;;;N;;0,00;;;;;;;;;N;N;;N;;;;0,00;N;N;N;;;;;N;;;;;S;S;N;E;;PA;1;1;;2;;0,00;;7,67;;;N;0,00;;;;N;;;;N;;;;0,00;;;;;;;;;01/10/2019;;;;;;N;;;;;N;;;;;;;;;1,00;100,00;;1;;;;V;N;;;;N;;;;;;;;;N;;;;;;;;;N;;;N;OM;;N;N;;;;;N;N;;;0;;;;;;;;;N;;1,00;;U;;;;;N;N;N;0
274;ERVILHA E MILHO OLE LT 170G;4;ANGELO AURICCHIO & CIA LTDA;28;SALADA FRIA;2804;DUETO;;;280401;DUETO;;;L;OT;UNIDADE;UN;UNIDADE;1,00;CX C/ 24UN;CX;CAIXA;24,00;0,35;0,35;20059900.;"OUTS.PRODS.HORTICOLAS PREPARS/CONSERVS.N/CONGELADOS
";20059900;;13;14;13;7891032013358,00;37891032013359,00;7891032013358,00;1334;7;274;ERVILHA E MILHO OLE LT 170G;;274;ERVILHA E MILHO OLE LT 170G;;;;;N;;;;;;;;;;;;;;;P:\BRUUUUUNO\274.PNG;;;  ;;;;;N;;S;;;;;;N;;;;;;;;;;;;;15;FERNANDO FREIRE;217;COMPRADOR - CRISTIANO;1275;;08/02/2024;21/11/2025 12:57:47;19/03/2025 18:02:49;09/04/2015;;S;S;N;;B;C;;N;;;1,00;0,50;0,50;0,50;P;0,00;;;2,36;0,00;;0,00;21;;S;0;;;N;N;N;R;0,00;0,00;0,00;0,00;0,00;0,00;0,00;0,00;0,00;0,00;;0,00;0,00;N;N;;S;N;;;N;;;;N;;;;;S;0,00;;;N;N;;;;;N;;;;N;N;;0,00;0,00;;0,00;;0,00;0,00;0,00;0,00;0,00;0,00;0,00;0,00;;;;;;N;;0,00;;;;;;;;;N;N;;N;;;;0,00;N;N;N;;;;;N;;;;;S;S;N;E;;PA;1;1;;1;;0,00;;4,20;;1,00;N;0,00;;;;N;;;;N;;;;0,00;;;;;;;;;01/04/2018;;;;;;N;;20;;;N;;;;;;;;;1,00;100,00;;1;;;;V;N;;;;N;;;;;;;;;N;;;;;;;;;N;;;N;OM;;N;N;;;;;N;N;;;0;;;;;;;;;N;;1,00;;U;;;;;N;N;N;0
275;ERVILHA E MILHO QUERO LT 200G;48;HEINZ BRASIL S/A;28;SALADA FRIA;2804;DUETO;;;280401;DUETO;;;L;OT;UNIDADE;UN;UNIDADE;1,00;CX C/ 24UN;CX;CAIXA;24,00;0,37;0,37;20059900.;"OUTS.PRODS.HORTICOLAS PREPARS/CONSERVS.N/CONGELADOS
";20059900;;13;14;13;7896102501308,00;57896102501303,00;7896102501308,00;78961025013000;5;275;ERVILHA E MILHO QUERO LT 200G;;275;ERVILHA E MILHO QUERO LT 200G;;;;;N;;;;;;;;;;;;;;;;;;FL;;;;;N;;S;;;;;;N;;;;;;;;;;;;;15;FERNANDO FREIRE;453;AMF CONSULTA;453;15/12/1992;28/11/2022 18:42:41;07/05/2025 13:45:02;28/11/2022 18:42:41;09/04/2015;;S;S;N;;C;C;;N;;;1,00;0,50;0,50;0,50;P;0,00;;;1,88;0,00;;0,00;21;;S;0;;;N;N;N;R;0,00;0,00;0,00;0,00;0,00;0,00;0,00;0,00;0,00;0,00;;0,00;0,00;N;N;;S;N;;;N;;;;N;;;;;S;0,00;;;N;N;;;;;N;;;;N;N;;0,00;0,00;;0,00;;0,00;0,00;0,00;0,00;0,00;0,00;0,00;0,00;;;;;;N;;0,00;;;;;;;;;N;N;;N;;;;0,00;N;N;N;;;;;N;;;;;S;S;N;E;;PA;1;1;;1;;0,00;;8,88;;1,00;N;0,00;;;;N;;;;N;;;;0,00;;;;;;;;;01/11/2018;;;;;;N;;;;;N;;;;;;;;;1,00;100,00;;1;;;;V;N;;;;N;;;;;;;;;N;;;;;;;;;N;;;N;OM;;N;N;;;;;N;N;;;0;;;;;;;;;N;;1,00;;U;;;;;N;N;N;0
276;ERVILHA E MILHO QUERO TP 200G;48;HEINZ BRASIL S/A;28;SALADA FRIA;2804;DUETO;;;280401;DUETO;;;L;OT;UNIDADE;UN;UNIDADE;1,00;CX C/ 24UN;CX;CAIXA;24,00;0,37;0,37;20059900.;"OUTS.PRODS.HORTICOLAS PREPARS/CONSERVS.N/CONGELADOS
";20059900;;13;14;13;7896102517132,00;17896102517137,00;7896102517132,00;276;3;276;ERVILHA E MILHO QUERO TP 200G;;276;ERVILHA E MILHO QUERO TP 200G;;;;;N;;;;;;;;;;;;;;;;;;FL;;;;;N;;S;;;;;;N;;;;;;;;;;;;;15;FERNANDO FREIRE;453;AMF CONSULTA;453;10/03/2021 17:13:33;28/11/2022 18:41:18;07/05/2025 13:45:02;28/11/2022 18:41:18;09/04/2015;;S;S;N;;C;C;;N;;;1,00;0,50;0,50;0,50;P;0,00;;;2,12;0,00;;0,00;21;;S;0;;;N;N;N;R;0,00;0,00;0,00;0,00;0,00;0,00;0,00;0,00;0,00;0,00;;0,00;0,00;N;N;;S;N;;;N;;;;N;;;;;S;0,00;;;N;N;;;;;N;;;;N;N;;0,00;0,00;;0,00;;0,00;0,00;0,00;0,00;0,00;0,00;0,00;0,00;;;;;;N;;0,00;;;;;;;;;N;N;;N;;;;0,00;N;N;N;;;;;N;;;;;S;S;N;E;;PA;1;1;;1;;0,00;;9,14;;1,00;N;0,00;;;;N;;;;N;;;;0,00;;;;;;;;;01/06/2018;;;;;;N;;;;;N;;;;;;;;;1,00;100,00;;1;;;;V;N;;;;N;;;;;;;;;N;;;;;;;;;N;;;N;OM;;N;N;;;;;N;N;;;0;;;;;;;;;N;;1,00;;U;;;;;N;N;N;0
5448;BOMB BALA ICEKISS EXTRA FORTE 29G;2940;CENTRO NORTE ATACADISTA FL02;19;DOCERIA;1906;DOCES ESPECIAIS;278;ICEKISS;190601;DOCES ESPECIAIS DIVERSOS;;;L;OT;UNIDADE;UN;UNIDADE;1,00;PC C/ 12UN;PC;PACOTE;12,00;0,07;0,07;17049020.;"BOMBONS,CARAMELOS,CONFEITOS E PASTILHAS,SEM CACAU
";17049020;;13;14;13;7896286601924,00;5448,00;7896286601924,00;374770;7;5448;BOMB BALA ICEKISS EXTRA FORTE 29G;;5442;BOMB BALA ICEKISS MENTA 29G;;;;;N;;;;;;;;;;;;;;;;2;DISTRIBUIDORA FREITAS LOPES (LA BODEGA);FL;;;;;N;;S;;;;;;N;;;;;;;;;;;;;1701;LETICIA MARIA DA SILVA;453;AMF CONSULTA;453;10/05/2021 10:35:09;20/10/2022 09:06:12;05/03/2024 12:05:53;20/10/2022 09:06:12;25/05/2019;;S;N;N;;C;C;;N;;;;0,50;0,50;0,50;P;0,00;;;0,45;0,00;;0,00;28;;S;0;;;N;N;N;R;0,00;0,00;0,00;0,00;0,00;0,00;0,00;0,00;0,00;0,00;;0,00;0,00;N;N;;S;N;;;N;;;;N;;;;;S;0,00;;;N;N;;;;;N;;;;N;N;;0,00;0,00;;0,00;;0,00;0,00;0,00;0,00;0,00;0,00;0,00;0,00;;;;;;N;;0,00;;;;;;;;;N;N;;N;;;;0,00;N;;N;;;;;N;;;;;N;S;N;E;;PA;1;1;;1;;0,00;;2,33;;;N;;;;;N;;;;N;;;;0,00;;;;;;;;;;;;;;;N;;;;;N;;;;;;;;;1,00;1,00;;1;;;;V;N;;;;N;;;;;;;;;;;;;;;;;;N;;;;OM;;N;N;;;;;N;N;;;0;;;;;;;;;N;;1,00;;U;;;2;;N;N;N;0
277;ERVILHA E MILHO QUERO VD 200G;48;HEINZ BRASIL S/A;28;SALADA FRIA;2804;DUETO;;;280401;DUETO;;;L;OT;UNIDADE;UN;UNIDADE;1,00;CX C/ 24UN;CX;CAIXA;24,00;0,48;0,48;20049000.;OUTS.PROD.HORT.? CONS.VIN./AC. ACETICO,CONG. ;20049000;;13;14;13;7896102583038,00;57896102583033,00;7896102583038,00;277;1;277;ERVILHA E MILHO QUERO VD 200G;;277;ERVILHA E MILHO QUERO VD 200G;;;;;N;;;;;;;;;;;;;;;;;;FL;;;;;N;;S;;;;;;N;;;;;;;;;;;;;15;FERNANDO FREIRE;453;AMF CONSULTA;453;15/02/2018;28/11/2022 18:41:20;07/05/2025 13:45:02;28/11/2022 18:41:20;09/04/2015;;S;S;N;;C;C;;N;;;1,00;0,50;0,50;0,50;P;0,00;;;1,81;0,00;;0,00;21;;S;0;;;N;N;N;R;0,00;0,00;0,00;0,00;0,00;0,00;0,00;0,00;0,00;0,00;;0,00;0,00;N;N;;S;N;;;N;;;;N;;;;;S;0,00;;;N;N;;;;;N;;;;N;N;;0,00;0,00;;0,00;;0,00;0,00;0,00;0,00;0,00;0,00;0,00;0,00;;;;;;N;;0,00;;;;;;;;;N;N;;N;;;;0,00;N;N;N;;;;;N;;;;;S;S;N;E;;PA;1;1;;1;;0,00;;5,76;;;N;0,00;;;;N;;;;N;;;;;;;;;;;;;;;;;;;N;;;;;N;;;;;;;;;1,00;100,00;;1;;;;V;N;;;;N;;;;;;;;;N;;;;;;;;;N;;;N;OM;;N;N;;;;;N;N;;;0;;;;;;;;;N;;1,00;;U;;;;;N;N;N;0
278;ZZ;176;DIST BELEM DE ALIMENTOS LTDA;1;MIGRACAO;1;MIGRACAO;;;1;MIGRACAO;;;L;OT;1;UN;UNIDADE;1,00;1;CX;CAIXA;1,00;0,37;0,37;20054000.;"ERVILHAS PREPARADAS OU CONSERVADAS,NAO CONGELADAS
";20054000;;0;0;0;0,00;0,00;0,00;;0;17036;TESTE WINTHOR INDUSTRIA;;17036;TESTE WINTHOR INDUSTRIA;;;;;N;;;;;;;;;;;;;;;;;;FL;;;;;N;;N;;;;;;N;;;;;;;;;;;;;15;FERNANDO FREIRE;453;AMF CONSULTA;453;18/03/2017;23/12/2022 16:52:06;07/05/2025 13:45:02;23/12/2022 16:52:06;09/04/2015;;S;N;N;;C;C;;N;;;1,00;0,50;0,50;0,50;P;0,00;;;0,85;0,00;;0,00;21;;S;0;;;N;N;N;R;0,00;0,00;0,00;0,00;0,00;0,00;0,00;0,00;0,00;0,00;;0,00;0,00;N;N;;S;N;;;N;;;;N;;;;;S;0,00;;;N;N;;;;;N;;;;N;N;;0,00;0,00;;0,00;;0,00;0,00;0,00;0,00;0,00;0,00;0,00;0,00;;;;;;N;;0,00;;;;;;;;;N;N;;N;;;;0,00;N;N;N;;;;;N;;;;;N;S;N;E;;PA;1;1;;1;;0,00;;8,88;;;N;0,00;;;;N;;;;N;;;;;;;;;;;;;;;;;;;N;;;;;N;;;;;;;;;1,00;100,00;;1;;;;V;N;;;;N;;;;;;;;;N;;;;;;;;;N;;;N;OM;;N;N;;;;;N;N;;;0;;;;;;;;;N;;1,00;;U;;;;;N;N;N;0
279;ERVILHA OLE LT 170G;4;ANGELO AURICCHIO & CIA LTDA;28;SALADA FRIA;2801;ERVILHA;;;280101;ERVILHA;;;L;OT;UNIDADE;UN;UNIDADE;1,00;CX C/ 24UN;CX;CAIXA;24,00;0,30;0,33;20054000.;"ERVILHAS PREPARADAS OU CONSERVADAS,NAO CONGELADAS
";20054000;;13;14;13;7891032012207,00;37891032012208,00;7891032012207,00;1220;8;279;ERVILHA OLE LT 170G;;279;ERVILHA OLE LT 170G;;;;;N;;;;;;;;;;;;;;;P:\BRUUUUUNO\279.PNG;;;  ;;;;;N;;S;;;1;FOOD;;N;;;;;;;;;;;;;15;FERNANDO FREIRE;217;COMPRADOR - CRISTIANO;1275;;31/12/2024 14:25:17;21/11/2025 12:57:47;31/12/2024 14:25:17;09/04/2015;;S;S;N;;C;C;;N;;;1,00;0,50;0,50;0,50;P;0,00;;;1,85;0,00;;0,00;21;;S;0;;;N;N;N;R;0,00;0,00;0,00;0,00;0,00;0,00;0,00;0,00;0,00;0,00;;0,00;0,00;N;N;;S;N;;;N;;;;N;;;;;S;0,00;;;N;N;;;;;N;;;;N;N;;0,00;0,00;;0,00;;0,00;0,00;0,00;0,00;0,00;0,00;0,00;0,00;;;;;;N;;0,00;;;;;;;;;N;N;;N;;;;0,00;N;N;N;;;;;N;;;;;S;S;N;E;;PA;1;1;;1;;0,00;;7,93;;1,00;N;0,00;;;;N;;;;N;;S;;0,00;;;;;;;;;01/02/2018;;;;;;N;;20;;;N;;;;;;;;;1,00;100,00;;1;;;;V;N;;;;N;;;;;;;;;N;;;;;;;;;N;;;N;OM;;N;N;;;;N;N;N;;;0;;;;;;;;;N;;1,00;;U;;;;;N;N;N;0
280;ERVILHA OLE VD 170G;4;ANGELO AURICCHIO & CIA LTDA;28;SALADA FRIA;2801;ERVILHA;;;280101;ERVILHA;;;L;OT;UNIDADE;UN;UNIDADE;1,00;CX C/ 12UN;CX;CAIXA;12,00;0,48;0,48;20054000.;"ERVILHAS PREPARADAS OU CONSERVADAS,NAO CONGELADAS
";20054000;;13;14;13;7891032012351,00;27891032012355,00;7891032012351,00;1235;1;280;ERVILHA OLE VD 170G;;280;ERVILHA OLE VD 170G;;;;;N;;;;;;;;;;;;;;;P:\BRUUUUUNO\280.PNG;;;  ;;;;;N;;S;;;;;;N;;;;;;;;;;;;;15;FERNANDO FREIRE;217;COMPRADOR - CRISTIANO;1275;;31/12/2024 14:24:40;29/09/2025 09:05:21;31/12/2024 14:24:40;09/04/2015;;S;S;N;;C;C;;N;;;1,00;0,50;0,50;0,50;P;0,00;;;2,59;0,00;;0,00;21;;S;0;;;N;N;N;R;4,00;0,00;0,00;0,00;0,00;0,00;0,00;0,00;0,00;0,00;;0,00;0,00;N;N;;S;N;;;N;;;;N;;;;;S;0,00;;;N;N;;;;;N;;;;N;N;;0,00;0,00;;0,00;;0,00;0,00;0,00;0,00;0,00;0,00;0,00;0,00;;;;;;N;;0,00;;;;;;;;;N;N;;N;;;;4,00;N;N;N;;;;;N;;;;;S;S;N;E;;PA;1;1;;1;;0,00;;5,86;;1,00;N;0,00;;;;N;;;;N;;S;;0,00;;;;;;;;;01/01/2018;;;;;;N;;20;;;N;;;;;;;;;1,00;100,00;;1;;;;V;N;;;;N;;;;;;;;;N;;;;;;;;;N;;;N;OM;;N;N;;;;N;N;N;;;0;;;;;;;;;N;;1,00;;U;;;;;N;N;N;0
281;ERVILHA QUERO VD 200G;48;HEINZ BRASIL S/A;28;SALADA FRIA;2801;ERVILHA;;;280101;ERVILHA;;;L;OT;UNIDADE;UN;UNIDADE;1,00;CX C/ 24UN;CX;CAIXA;24,00;0,48;0,48;20054000.;"ERVILHAS PREPARADAS OU CONSERVADAS,NAO CONGELADAS
";20054000;;13;14;13;7896102583113,00;57896102583118,00;7896102583113,00;281;0;281;ERVILHA QUERO VD 200G;;281;ERVILHA QUERO VD 200G;;;;;N;;;;;;;;;;;;;;;;;;FL;;;;;N;;S;;;;;;N;;;;;;;;;;;;;15;FERNANDO FREIRE;453;AMF CONSULTA;453;15/12/1992;28/11/2022 18:41:54;07/05/2025 13:45:02;28/11/2022 18:41:54;09/04/2015;;S;S;N;;C;C;;N;;;1,00;0,50;0,50;0,50;P;0,00;;;1,53;0,00;;0,00;21;;S;0;;;N;N;N;R;0,00;0,00;0,00;0,00;0,00;0,00;0,00;0,00;0,00;0,00;;0,00;0,00;N;N;;S;N;;;N;;;;N;;;;;S;0,00;;;N;N;;;;;N;;;;N;N;;0,00;0,00;;0,00;;0,00;0,00;0,00;0,00;0,00;0,00;0,00;0,00;;;;;;N;;0,00;;;;;;;;;N;N;;N;;;;0,00;N;N;N;;;;;N;;;;;S;S;N;E;;PA;1;1;;1;;0,00;;5,76;;;N;0,00;;;;N;;;;N;;;;;;;;;;;;;01/04/2018;;;;;;N;;;;;N;;;;;;;;;1,00;100,00;;1;;;;V;N;;;;N;;;;;;;;;N;;;;;;;;;N;;;N;OM;;N;N;;;;;N;N;;;0;;;;;;;;;N;;1,00;;U;;;2;;N;N;N;0
30548;LING CALAB LARANJAL KG;3123;DNL DISTRIBUIDORA DE ALIMENTOS LTDA ;26;PERECIVEL;2622;LINGUICA;;;262201;LINGUICAS DIVERSAS;;;L;OT;KG;KG;KILOGRAMA;1,00;CX C/ 15KG;CX;CAIXA;15,00;1,08;1,08;16010000.;ICMS SUBSTITUICAO 0% - ENCHIDOS E EMBUTIDOS;16010000;;8;8;8;30548,00;0,00;30548,00;;0;30548;LING CALAB LARANJAL KG;;30548;LING CALAB LARANJAL KG;;;;;N;;;;;;;;;;;;;;;;2;DISTRIBUIDORA FREITAS LOPES (LA BODEGA);  ;;;;;N;;S;;;;;;N;;;;;;;;;;;;;150;NAYRON ARAUJO RODRIGUES DOS SANTOS;156;JOSUE CONCEICAO DE OLIVEIRA;103;;11/04/2023 15:20:34;06/06/2025 14:59:51;16/02/2023 09:08:31;11/04/2023;;S;N;S;;C;C;;N;;;1,00;0,50;0,50;0,50;P;0,00;;;16,70;0,00;;0,00;21;;S;0;;;N;N;N;R;0,00;0,00;0,00;0,00;0,00;0,00;0,00;0,00;0,00;0,00;;0,00;0,00;N;N;;S;N;;;N;;;;N;;;;;S;0,00;;;N;N;;;;;N;;;;N;N;;0,00;0,00;;0,00;;0,00;0,00;0,00;0,00;0,00;0,00;0,00;0,00;;;;;;N;;0,00;;;;;;;;;N;N;;N;;;;0,00;N;N;N;;;;;N;;;;;N;S;N;E;1080;PA;1;1;;1;;0,00;;4,32;;;N;0,00;;;;N;;;;N;;;;0,00;;;;;;;;;;;;;0,00;60,00;N;;20;;;N;;;;;;;;;1,00;100,00;;1;;;;V;N;648;;;N;;;;;;;;;N;;;;;;;;;N;;;N;OM;;N;N;;;;;N;N;;;0;;;;;;;;;N;;1,00;;U;;;2;;N;N;N;0
282;ERVILHA QUERO LT 200G;48;HEINZ BRASIL S/A;28;SALADA FRIA;2801;ERVILHA;;;280101;ERVILHA;;;L;OT;UNIDADE;UN;UNIDADE;1,00;CX C/ 24UN;CX;CAIXA;24,00;0,38;0,38;20054000.;"ERVILHAS PREPARADAS OU CONSERVADAS,NAO CONGELADAS
";20054000;;13;14;13;7896102501018,00;57896102501013,00;7896102501018,00;78961025010100;8;282;ERVILHA QUERO LT 200G;;282;ERVILHA QUERO LT 200G;;;;;N;;;;;;;;;;;;;;;;;;FL;;;;;N;;S;;;;;;N;;;;;;;;;;;;;15;FERNANDO FREIRE;453;AMF CONSULTA;453;21/10/2020 14:45:58;28/11/2022 18:41:45;07/05/2025 13:45:02;28/11/2022 18:41:45;09/04/2015;;S;S;N;;C;C;;N;;;1,00;0,50;0,50;0,50;P;0,00;;;1,30;0,00;;0,00;21;;S;0;;;N;N;N;R;0,00;0,00;0,00;0,00;0,00;0,00;0,00;0,00;0,00;0,00;;0,00;0,00;N;N;;S;N;;;N;;;;N;;;;;S;0,00;;;N;N;;;;;N;;;;N;N;;0,00;0,00;;0,00;;0,00;0,00;0,00;0,00;0,00;0,00;0,00;0,00;;;;;;N;;0,00;;;;;;;;;N;N;;N;;;;0,00;N;N;N;;;;;N;;;;;N;S;N;E;;PA;1;1;;1;;0,00;;9,14;;;N;0,00;;;;N;;;;N;;;;0,00;;;;;;;;;01/12/2018;;;;;;N;;;;;N;;;;;;;;;1,00;100,00;;1;;;;V;N;;;;N;;;;;;;;;N;;;;;;;;;N;;;N;OM;;N;N;;;;;N;N;;;0;;;;;;;;;N;;1,00;;U;;;;;N;N;N;0
283;ERVILHA QUERO TP 200G;48;HEINZ BRASIL S/A;28;SALADA FRIA;2801;ERVILHA;;;280101;ERVILHA;;;L;OT;UNIDADE;UN;UNIDADE;1,00;CX C/ 24UN;CX;CAIXA;24,00;0,38;0,38;20054000.;"ERVILHAS PREPARADAS OU CONSERVADAS,NAO CONGELADAS
";20054000;;13;14;13;7896102517118,00;57896102517113,00;7896102517118,00;78961025171100;6;283;ERVILHA QUERO TP 200G;;283;ERVILHA QUERO TP 200G;;;;;N;;;;;;;;;;;;;;;;;;FL;;;;;N;;S;;;;;;N;;;;;;;;;;;;;15;FERNANDO FREIRE;453;AMF CONSULTA;453;03/11/2020 09:45:59;28/11/2022 18:41:52;07/05/2025 13:45:02;28/11/2022 18:41:52;09/04/2015;;S;S;N;;C;C;;N;;;1,00;0,50;0,50;0,50;P;0,00;;;2,05;0,00;;0,00;21;;S;0;;;N;N;N;R;10,00;0,00;0,00;0,00;0,00;0,00;0,00;0,00;0,00;0,00;;0,00;0,00;N;N;;S;N;;;N;;;;N;;;;;S;0,00;;;N;N;;;;;N;;;;N;N;;0,00;0,00;;0,00;;0,00;0,00;0,00;0,00;0,00;0,00;0,00;0,00;;;;;;N;;0,00;;;;;;;;;N;N;;N;;;;10,00;N;N;N;;;;;N;;;;;S;S;N;E;;PA;1;1;;1;;0,00;;9,06;;1,00;N;0,00;;;;N;;;;N;;;;0,00;;;;;;;;;01/01/2018;;;;;;N;;;;;N;;;;;;;;;1,00;100,00;;1;;;;V;N;;;;N;;;;;;;;;N;;;;;;;;;N;;;N;OM;;N;N;;;;;N;N;;;0;;;;;;;;;N;;1,00;;U;;;;;N;N;N;0
292;FARIN MAND CONDESSA AMAR GROSSA 1KG;1;DISTRIBUIDORA FREITAS LOPES LTDA;12;INDUSTRIA PRINCESA PA;1203;FARINHA PRINCESA DO PARA;;;120301;FARINHA GROSSA PRINCESA DO PARA;;;L;OT;UNIDADE;KG;KILOGRAMA;1,00;FD C/ 25UN;FD;FARDO;25,00;1,01;1,01;11062000.;FARINHAS, SEMS.D/SAGU,D/RAIZ/TUBERC.POS.0714;11062000;;13;14;13;7897962900522,00;1787962900522,00;7897962900522,00;292;5;736;FARIN MAND CONDESSA AMAR MED 1KG;;736;FARIN MAND CONDESSA AMAR MED 1KG;;;;;S;;FARINHA DE MANDIOCA SECA GROSSA T-1 / LOTE 37;;;;;;;;;;;;;;;;FL;;;;;N;;S;;;;;;N;;;;;;;;;;;;;15;FERNANDO FREIRE;453;AMF CONSULTA;453;27/08/2020 15:58:50;06/12/2022 15:54:59;07/05/2025 13:45:02;06/12/2022 15:54:58;02/04/2015;;S;S;N;;C;A;;N;;;1,00;0,50;0,50;0,50;P;0,00;;;0,00;0,00;;0,00;21;;S;0;;;N;N;N;R;0,00;0,00;0,00;0,00;0,00;0,00;0,00;0,00;0,00;0,00;;0,00;0,00;N;N;;N;N;;;N;;;;N;;;;;S;0,00;;S;N;N;;;;;S;;;;N;N;;0,00;0,00;;0,00;;0,00;0,00;0,00;0,00;0,00;0,00;0,00;0,00;;;;;;N;;0,00;;;;;;;;;N;N;;N;;;;;N;N;N;;;;;N;;;;;S;S;N;E;;PA;1;1;1,00;1;;0,00;;25,20;;;N;0,00;;;;N;;;;N;;;;;;;;;;;;;10/09/2017;;;;;;N;;;;;N;1,00;;;;;;;;1,00;1,00;;1;1;;;V;N;;;;N;;;;;;;;;N;;;;;;;;;N;;;N;OM;;N;N;;;;;N;N;;;0;;;;;;;;;N;;1,00;;U;;;;;N;N;N;0
293;FARIN MAND SACA AMAR FINA 50KG;1;DISTRIBUIDORA FREITAS LOPES LTDA;12;INDUSTRIA PRINCESA PA;1203;FARINHA PRINCESA DO PARA;;;120302;FARINHA FINA PRINCESA DO PARA;;;PA;OT;SC C/50KG;SC;SACA;1,00;1X1;SC;SACA;1,00;50,14;50,14;11062000.;FARINHAS, SEMS.D/SAGU,D/RAIZ/TUBERC.POS.0714;11062000;;8;14;8;100152,00;293293,00;100152,00;293;3;293;FARIN MAND SACA AMAR FINA 50KG;;293;FARIN MAND SACA AMAR FINA 50KG;;;;;N;;;;;;;;;;;;;;;;;;  ;;;;;N;;S;;;;;;N;;;;;;;;;;;;;15;FERNANDO FREIRE;15;FERNANDO FREIRE;15;;12/11/2024 10:28:21;06/06/2025 14:59:51;12/11/2024 10:28:21;04/04/2015;;S;S;N;;C;;;N;;;1,00;0,50;0,50;0,50;P;0,00;;;0,00;0,00;;0,00;21;;S;0;;;N;N;N;R;0,00;0,00;0,00;0,00;0,00;0,00;0,00;0,00;0,00;0,00;;0,00;0,00;N;N;;S;N;;;N;;;;N;;;;;S;0,00;;;N;N;;;;;S;;;;N;N;;0,00;0,00;;0,00;;0,00;0,00;0,00;0,00;0,00;0,00;0,00;0,00;;;;;;N;;0,00;;;;;;;;;N;N;;N;;;;;N;N;N;;;;;N;;;;;S;S;N;E;;PA;1;1;1,00;1;;0,07;;50,14;;1,00;N;0,00;;;;N;;;;N;;S;;;;;;;;;;;;;;;;;N;;20;;;N;1,00;;;;;;;;1,00;1,00;;1;1;;;V;N;;;;N;;;;;;;;;N;;;;;;;;;N;;;N;OM;;N;N;;;;N;N;N;;;0;;;;;;;;;N;;1,00;;U;;;1;;N;N;N;0
294;FARIN MAND SACA AMAR GROSSA 50KG;1;DISTRIBUIDORA FREITAS LOPES LTDA;12;INDUSTRIA PRINCESA PA;1203;FARINHA PRINCESA DO PARA;;;120301;FARINHA GROSSA PRINCESA DO PARA;;;PA;OT;SC C/50KG;SC;SACA;1,00;1X1;SC;SACA;1,00;50,14;50,14;11062000.;FARINHAS, SEMS.D/SAGU,D/RAIZ/TUBERC.POS.0714;11062000;;13;14;13;100153,00;1100153,00;100153,00;294;1;293;FARIN MAND SACA AMAR FINA 50KG;;293;FARIN MAND SACA AMAR FINA 50KG;;;;;N;;;;;;;;;;;;;;;;;;;;;;;N;;S;;;;;;N;;;;;;;;;;;;;15;FERNANDO FREIRE;265;GILBERTO PINHEIRO GUIMARAES;15;;12/11/2024 10:28:35;07/05/2025 13:45:02;12/11/2024 10:28:35;04/04/2015;;S;S;N;;C;C;;N;;;1,00;0,50;0,50;0,50;P;0,00;;;0,00;0,00;;0,00;21;;S;0;;;N;N;N;R;0,00;0,00;0,00;0,00;0,00;0,00;0,00;0,00;0,00;0,00;;0,00;0,00;N;N;;S;N;;;N;;;;N;;;;;S;0,00;;;N;N;;;;;S;;;;N;N;;0,00;0,00;;0,00;;0,00;0,00;0,00;0,00;0,00;0,00;0,00;0,00;;;;;;N;;0,00;;;;;;;;;N;N;;N;;;;;N;N;N;;;;;N;;;;;S;S;N;E;;PA;1;1;1,00;1;;0,07;;50,14;;1,00;N;0,00;;;;N;;;;N;;S;;;;;;;;;;;;;;;;;N;;;;;N;1,00;;;;;;;;1,00;1,00;;1;1;;;V;N;;;;N;;;;;;;;;N;;;;;;;;;N;;;N;OM;;N;N;;;;N;N;N;;;0;;;;;;;;;N;;1,00;;U;;;1;;N;N;N;0
30549;LING SUINA FRICO FINA APIMENTADA KG;3123;DNL DISTRIBUIDORA DE ALIMENTOS LTDA ;26;PERECIVEL;2622;LINGUICA;;;262201;LINGUICAS DIVERSAS;;;L;OT;KG;KG;KILOGRAMA;1,00;CX C/ 20KG;CX;CAIXA;20,00;1,08;1,08;16010000.;ICMS SUBSTITUICAO 0% - ENCHIDOS E EMBUTIDOS;16010000;;8;8;8;30549,00;0,00;30549,00;;9;30549;LING SUINA FRICO FINA APIMENTADA KG;;30549;LING SUINA FRICO FINA APIMENTADA KG;;;;;N;;;;;;;;;;;;;;;;2;DISTRIBUIDORA FREITAS LOPES (LA BODEGA);  ;;;;;N;;S;;;;;;N;;;;;;;;;;;;;150;NAYRON ARAUJO RODRIGUES DOS SANTOS;1275;BRUNO FREIRE DE SOUZA;103;;11/04/2023 15:22:11;06/06/2025 14:59:51;16/02/2023 09:08:31;11/04/2023;;S;N;S;;C;C;;N;;;1,00;0,50;0,50;0,50;P;0,00;;;19,00;0,00;;0,00;21;;S;0;;;N;N;N;R;0,00;0,00;0,00;0,00;0,00;0,00;0,00;0,00;0,00;0,00;;0,00;0,00;N;N;;S;N;;;N;;;;N;;;;;S;0,00;;;N;N;;;;;N;;;;N;N;;0,00;0,00;;0,00;;0,00;0,00;0,00;0,00;0,00;0,00;0,00;0,00;;;;;;N;;0,00;;;;;;;;;N;N;;N;;;;0,00;N;N;N;;;;;N;;;;;N;S;N;E;1080;PA;1;1;;1;;0,00;;4,32;;;N;0,00;;;;N;;;;N;;;;0,00;;;;;;;;;;;;;0,00;60,00;N;;20;;;N;;;;;;;;;1,00;100,00;;1;;;;V;N;648;;;N;;;;;;;;;N;;;;;;;;;N;;;N;OM;;N;N;;;;;N;N;;;0;;;;;;;;;N;;1,00;;U;;;2;;N;N;N;0
295;FARIN TRIGO MIRELLA C/FERM 1KG;93;OCRIM S/A PRODUTOS ALIMENTICIOS;20;FARINACEO;2001;FARINHA DE TRIGO;39;MIRELA;200102;FARINHA DE TRIGO COM FERMENTO PCT;;;L;OT;UNIDADE;PC;PACOTE;1,00;FD C/ 10UN;FD;FARDO;10,00;1,02;1,02;11010010.;FARINHAS DE TRIGO ;11010010;;13;14;13;7896593400029,00;17896593400026,00;7896593400029,00;295;9;295;FARIN TRIGO MIRELLA C/FERM 1KG;;295;FARIN TRIGO MIRELLA C/FERM 1KG;;;;;N;;;;;;;;;;;;;;;P:\BRUUUUUNO\295.PNG;;;  ;;;;;N;;S;;;1;FOOD;;N;;;;;;;;;;;;;15;FERNANDO FREIRE;217;COMPRADOR - CRISTIANO;1275;;17/04/2025;25/11/2025 13:56:43;17/02/2025 17:29:38;11/04/2015;;S;S;N;;C;B;;N;;;1,00;0,50;0,50;0,50;P;0,00;;;3,70;0,00;;0,00;21;;S;0;;;N;N;N;R;0,00;0,00;0,00;0,00;0,00;0,00;0,00;0,00;0,00;0,00;;0,00;0,00;N;N;;S;N;;;N;;;;N;;;;;S;0,00;;;N;N;;;;;N;;;;N;N;;0,00;0,00;;0,00;;0,00;0,00;0,00;0,00;0,00;0,00;0,00;0,00;;;;;;N;;0,00;;;;;;;;;N;N;;N;;;;0,00;N;N;N;;;;;N;;;;;S;S;N;E;;PA;1;1;;1;;0,00;;10,22;;1,00;N;0,00;;;;N;;;;N;;S;;0,00;;;;;;;;;;;;;;;N;;20;;;N;;;;;;;;;1,00;100,00;;1;;;;V;N;;;;N;;;;;;;;;N;;;;;;;;;N;;;N;OM;;N;N;;;;N;N;N;;;0;;;;;;;;;N;;1,00;;U;;;;;N;N;N;0
296;FARIN TRIGO MIRELLA S/FERM 1KG;93;OCRIM S/A PRODUTOS ALIMENTICIOS;20;FARINACEO;2001;FARINHA DE TRIGO;39;MIRELA;200101;FARINHA DE TRIGO  SEM FERMENTO PCT;;;L;OT;UNIDADE;PC;PACOTE;1,00;FD C/ 10UN;FD;FARDO;10,00;1,00;1,02;11010010.;FARINHAS DE TRIGO ;11010010;;13;14;13;7896593400012,00;17896593400019,00;7896593400012,00;00200036;8;296;FARIN TRIGO MIRELLA S/FERM 1KG;;296;FARIN TRIGO MIRELLA S/FERM 1KG;;;;;N;;;;;;;;;;;;;;;;;;  ;;;;;N;;S;;;1;FOOD;;N;;;;;;;;;;;;;15;FERNANDO FREIRE;217;COMPRADOR - CRISTIANO;217;;20/03/2025;25/11/2025 13:56:43;08/05/2024 14:59:09;11/04/2015;;S;S;N;;C;A;;N;;;1,00;0,50;0,50;0,50;P;0,00;;;3,60;0,00;;0,00;21;;S;0;;;N;N;N;R;0,00;0,00;0,00;0,00;0,00;0,00;0,00;0,00;0,00;0,00;;0,00;0,00;N;N;;S;N;;;N;;;;N;;;;;S;0,00;;;N;N;;;;;N;;;;N;N;;0,00;0,00;;0,00;;0,00;0,00;0,00;0,00;0,00;0,00;0,00;0,00;;;;;;N;;0,00;;;;;;;;;N;N;;N;;;;0,00;N;N;N;;;;;N;;;;;S;S;N;E;;PA;1;1;;1;;0,00;;10,22;;1,00;N;0,00;;;;N;;;;N;;;;0,00;;;;;;;;;23/04/2017;;;;;;N;;20;;;N;;;;;;;;;1,00;100,00;;1;;;;V;N;;;;N;;;;;;;;;N;;;;;;;;;N;;;N;OM;;N;N;;;;N;N;N;;;0;;;;;;;;;N;;1,00;;U;;;;;N;N;N;0
297;FARIN TRIGO MIRELLA 50KG;93;OCRIM S/A PRODUTOS ALIMENTICIOS;20;FARINACEO;2001;FARINHA DE TRIGO;39;MIRELA;200104;FARINHA DE TRIGO SACA 50KG;;;L;OT;SC C/50KG;SC;SACA;1,00;1X1;SC;SACA;1,00;50,01;50,01;11010010.;FARINHAS DE TRIGO ;11010010;;13;14;13;7896593400074,00;17896593400074,00;7896593400074,00;297;6;297;FARIN TRIGO MIRELLA 50KG;;297;FARIN TRIGO MIRELLA 50KG;;;;;N;;;;;;;;;;;;;;;;1;DISTRIBUIDORA FREITAS LOPES LTDA;FL;;;;;N;;S;;;;;;N;;;;;;;;;;;;;15;FERNANDO FREIRE;453;AMF CONSULTA;453;15/12/1992;06/12/2022 16:24:16;07/05/2025 13:45:02;06/12/2022 16:24:16;11/04/2015;;S;S;N;;C;A;;N;;;1,00;0,50;0,50;0,50;P;0,00;;;240,00;0,00;;0,00;21;;S;0;;;N;N;N;R;0,00;0,00;0,00;0,00;0,00;0,00;0,00;0,00;0,00;0,00;;0,00;0,00;N;N;;S;N;;;N;;;;N;;;;;S;0,00;;;N;N;;;;;N;;;;N;N;;0,00;0,00;;0,00;;0,00;0,00;0,00;0,00;0,00;0,00;0,00;0,00;;;;;;N;;0,00;;;;;;;;;N;N;;N;;;;0,00;N;N;N;;;;;N;;;;;S;S;N;E;90;PA;1;1;3,00;1;;0,08;;50,01;;;N;0,00;;;;N;;;;N;;;;0,00;;;;;;;;;;;;;100,00;85,00;N;;;;;N;12,00;;;;;;;;1,00;36,00;;1;1;;;V;N;77;;;N;;;;;;;;;N;;;;;;;;;N;;;N;OM;;N;N;;;;;N;N;;;0;;;;;;;;;N;;1,00;;U;;;1;;N;N;N;0
298;FARIN TRIGO ROSA BRANCA C/FERM 1KG;89;MOINHOS CRUZEIRO DO SUL S/A;20;FARINACEO;2001;FARINHA DE TRIGO;47;ROSA BRANCA;200102;FARINHA DE TRIGO COM FERMENTO PCT;;;L;OT;UNIDADE;PC;PACOTE;1,00;FD C/ 10UN;FD;FARDO;10,00;1,00;1,01;11010010.;FARINHAS DE TRIGO ;11010010;;13;14;13;7892020200231,00;17892020200231,00;7892020200231,00;100029;4;298;FARIN TRIGO ROSA BRANCA C/FERM 1KG;;298;FARIN TRIGO ROSA BRANCA C/FERM 1KG;;;;;N;;;;;;;;;;;;;;;P:\BRUUUUUNO\298.PNG;;;  ;;;;;N;;S;;;1;FOOD;;N;;;;;;;;;;;;;15;FERNANDO FREIRE;217;COMPRADOR - CRISTIANO;217;;24/12/2024 08:36:10;24/11/2025 14:59:05;24/04/2025 16:48:24;11/04/2015;;S;S;N;;A;A;;N;;;1,00;0,50;0,50;0,50;P;0,00;;;4,00;0,00;;0,00;21;;S;0;;;N;N;N;R;0,00;0,00;0,00;0,00;0,00;0,00;0,00;0,00;0,00;0,00;;0,00;0,00;N;N;;S;N;;;N;;;;N;;;;;S;0,00;;;N;N;;;;;N;;;;N;N;;0,00;0,00;;0,00;;0,00;0,00;0,00;0,00;0,00;0,00;0,00;0,00;;;;;;N;;0,00;;;;;;;;;N;N;;N;;;;0,00;N;N;N;;;;;N;;;;;S;S;N;E;;PA;1;1;;1;;0,00;;10,10;;1,00;N;0,00;;;;N;;;;N;;S;;0,00;;;;;;;;;07/06/2017;;;;;;N;;20;;;N;;;;;;;;;1,00;100,00;;1;;;;V;N;;;;N;;;;;;;;;N;;;;;;;;;N;;;N;OM;;N;N;;;;N;N;N;;;0;;;;;;;;;N;;1,00;;U;;;;;N;N;N;0
299;ZZ;176;DIST BELEM DE ALIMENTOS LTDA;1;MIGRACAO;1;MIGRACAO;;;1;MIGRACAO;;;L;OT;1;PC;PACOTE;1,00;1;FD;FARDO;1,00;5,02;5,02;11010010.;FARINHAS DE TRIGO ;11010010;;0;0;0;0,00;0,00;0,00;;2;17036;TESTE WINTHOR INDUSTRIA;;17036;TESTE WINTHOR INDUSTRIA;;;;;N;;;;;;;;;;;;;;;;;;FL;;;;;N;;S;;;;;;N;;;;;;;;;;;;;15;FERNANDO FREIRE;453;AMF CONSULTA;453;15/12/1992;23/12/2022 16:52:06;07/05/2025 13:45:02;23/12/2022 16:52:06;11/04/2015;;S;S;N;;C;C;;N;;;1,00;0,50;0,50;0,50;P;0,00;;;10,00;0,00;;0,00;21;;S;0;;;N;N;N;R;0,00;0,00;0,00;0,00;0,00;0,00;0,00;0,00;0,00;0,00;;0,00;0,00;N;N;;S;N;;;N;;;;N;;;;;S;0,00;;;N;N;;;;;N;;;;N;N;;0,00;0,00;;0,00;;0,00;0,00;0,00;0,00;0,00;0,00;0,00;0,00;;;;;;N;;0,00;;;;;;;;;N;N;;N;;;;0,00;N;N;N;;;;;N;;;;;S;S;N;E;;PA;1;1;;1;;0,01;;25,10;;;N;0,00;;;;N;;;;N;;;;;;;;;;;;;;;;;;;N;;;;;N;;;;;;;;;1,00;100,00;;1;;;;V;N;;;;N;;;;;;;;;N;;;;;;;;;N;;;N;OM;;N;N;;;;;N;N;;;0;;;;;;;;;N;;1,00;;U;;;;;N;N;N;0
300;FARIN TRIGO ROSA BRANCA S/FERM 1KG;89;MOINHOS CRUZEIRO DO SUL S/A;20;FARINACEO;2001;FARINHA DE TRIGO;47;ROSA BRANCA;200101;FARINHA DE TRIGO  SEM FERMENTO PCT;;;L;OT;UNIDADE;PC;PACOTE;1,00;FD C/ 10UN;FD;FARDO;10,00;1,00;1,01;11010010.;FARINHAS DE TRIGO ;11010010;;13;14;13;7892020200194,00;17892020200194,00;7892020200194,00;100031;0;300;FARIN TRIGO ROSA BRANCA S/FERM 1KG;;300;FARIN TRIGO ROSA BRANCA S/FERM 1KG;;;;;N;;;;;;;;;;;;;;;P:\BRUUUUUNO\300.PNG;;;  ;;;;;N;;S;;;1;FOOD;;N;;;;;;;;;;;;;15;FERNANDO FREIRE;217;COMPRADOR - CRISTIANO;1275;;27/11/2024 08:26:30;24/11/2025 14:59:05;27/11/2024 08:26:30;11/04/2015;;S;S;N;;A;A;;N;;;1,00;0,50;0,50;0,50;P;0,00;;;3,80;0,00;;0,00;21;;S;0;;;N;N;N;R;0,00;0,00;0,00;0,00;0,00;0,00;0,00;0,00;0,00;0,00;;0,00;0,00;N;N;;S;N;;;N;;;;N;;;;;S;0,00;;;N;N;;;;;N;;;;N;N;;0,00;0,00;;0,00;;0,00;0,00;0,00;0,00;0,00;0,00;0,00;0,00;;;;;;N;;0,00;;;;;;;;;N;N;;N;;;;0,00;N;N;N;;;;;N;;;;;S;S;N;E;;PA;1;1;;1;;0,00;;10,10;;1,00;N;0,00;;;;N;;;;N;;S;;0,00;;;;;;;;;27/05/2017;;;;;;N;;20;;;N;;;;;;;;;1,00;100,00;;1;;;;V;N;;;;N;;;;;;;;;N;;;;;;;;;N;;;N;OM;;N;N;;;;N;N;N;;;0;;;;;;;;;N;;1,00;;U;;;;;N;N;N;0
301;FEIJAO BORDON COZ CARIOCA TEMP LT 300G;66;JBS S/A (SP);13;ALIMENTOS EM CONSERVA;1308;FEIJAO TEMPERADO;343;FEIJAO;130801;FEIJAO TEMPERADO CARIOCA;;;L;OT;1UNX1UN;UN;UNIDADE;1,00;CX C/ 24UN;CX;CAIXA;24,00;0,37;0,37;20055100.;FEIJ?O GR?O ? CONG.? CONS.VIN./ACIDO ACETICO;20055100;;13;14;13;7899567209857,00;27899567209851,00;7899567209857,00;371098;8;302;FEIJAO BORDON COZ PRETO TEMP LT 300G;;302;FEIJAO BORDON COZ PRETO TEMP LT 300G;;;;;N;;;;;;;;;;;;;;;P:\BRUUUUUNO\301.PNG;;;  ;;;;;N;;S;;;;;;N;;;;;;;;;;;;;15;FERNANDO FREIRE;103;ELAINE DO NASCIMENTO CABRAL SOUSA;1275;;12/02/2025 10:52:17;28/07/2025 16:46:39;12/02/2025 10:52:17;11/04/2015;;S;S;N;;C;C;;N;;;1,00;0,50;0,50;0,50;P;0,00;;;3,54;0,00;;0,00;21;;S;0;;;N;N;N;R;0,00;0,00;0,00;0,00;0,00;0,00;0,00;0,00;0,00;0,00;;0,00;0,00;N;N;;S;N;;;N;;;;N;;;;;S;0,00;;;N;N;;;;;S;;;;N;N;;0,00;0,00;;0,00;;0,00;0,00;0,00;0,00;0,00;0,00;0,00;0,00;;;;;;N;;0,00;;;;;;;;;N;N;;N;;;;0,00;N;N;N;;;;;N;;;;;S;S;N;E;;PA;1;1;;1;;0,00;;8,77;;1,00;N;0,00;;;;N;;;;N;;S;;0,00;;;;;;;;;21/10/2017;;;;;;N;;20;;;N;;;;;;;;;1,00;100,00;;1;;;;V;N;;;;N;;;;;;;;;N;;;;;;;;;N;;;N;OM;;N;N;;;;N;N;N;;;0;;;;;;;;;N;;1,00;;U;;;;;N;N;N;0
302;FEIJAO BORDON COZ PRETO TEMP LT 300G;67;JBS S/A (SP);13;ALIMENTOS EM CONSERVA;1308;FEIJAO TEMPERADO;343;FEIJAO;130803;FEIJAO TEMPERADO DIVERSOS;;;L;OT;LATA;UN;UNIDADE;1,00;CX C/ 24UN;CX;CAIXA;24,00;0,35;0,35;20055100.;FEIJ?O GR?O ? CONG.? CONS.VIN./ACIDO ACETICO;20055100;;13;14;13;7899567209864,00;27899567209868,00;7899567209864,00;375203;6;302;FEIJAO BORDON COZ PRETO TEMP LT 300G;;302;FEIJAO BORDON COZ PRETO TEMP LT 300G;;;;;N;;;;;;;;;;;;;;;;1;DISTRIBUIDORA FREITAS LOPES LTDA;FL;;;;;N;;S;;;;;;N;;;;;;;;;;;;;15;FERNANDO FREIRE;453;AMF CONSULTA;453;15/12/1992;07/12/2022 17:49:20;07/05/2025 13:45:02;07/12/2022 17:49:20;11/04/2015;;S;S;N;;C;C;;N;;;1,00;0,50;0,50;0,50;P;0,00;;;1,93;0,00;;0,00;21;;S;0;;;N;N;N;R;0,00;0,00;0,00;0,00;0,00;0,00;0,00;0,00;0,00;0,00;;0,00;0,00;N;N;;S;N;;;N;;;;N;;;;;S;0,00;;;N;N;;;;;S;;;;N;N;;0,00;0,00;;0,00;;0,00;0,00;0,00;0,00;0,00;0,00;0,00;0,00;;;;;;N;;0,00;;;;;;;;;N;N;;N;;;;0,00;N;N;N;;;;;N;;;;;S;S;N;E;;PA;1;1;;1;;0,00;;8,61;;;N;0,00;;;;N;;;;N;;;;0,00;;;;;;;;;15/09/2017;;;;;;N;;;;;N;;;;;;;;;1,00;100,00;;1;;;;V;N;;;;N;;;;;;;;;N;;;;;;;;;N;;;N;OM;;N;N;;;;;N;N;;;0;;;;;;;;;N;;1,00;;U;;;1;;N;N;N;0
303;MP FEIJAO CARIOCA A GRANEL T1 KG;1;DISTRIBUIDORA FREITAS LOPES LTDA;11;INDUSTRIA MP;1104;FEIJAO SACA GRANEL;;;110402;FEIJAO CARIOCA SACA GRANEL;;;MP;OT;KG;KG;KILOGRAMA;1,00;SC C/ 60KG;SC;SACA;60,00;1,00;1,00;07133399.;FEIJA CAUPI;07133399;;8;14;8;100155,00;1001551,00;100155,00;303;4;303;MP FEIJAO CARIOCA A GRANEL T1 KG;;303;MP FEIJAO CARIOCA A GRANEL T1 KG;;;;;N;;;;;;;;;;;;;;;;1;DISTRIBUIDORA FREITAS LOPES LTDA;;;;;;N;;N;;;;;;N;;;;;;;;;;;;;15;FERNANDO FREIRE;103;ELAINE DO NASCIMENTO CABRAL SOUSA;324;;08/02/2025 07:35:06;19/11/2025 10:58:29;08/02/2025 07:35:06;11/04/2015;;S;N;N;;C;C;;N;;;1,00;0,50;0,50;0,50;P;0,00;;;3,68;0,00;;0,00;21;;S;0;;;N;N;N;R;0,00;0,00;0,00;0,00;0,00;0,00;0,00;0,00;0,00;0,00;;0,00;0,00;N;N;;S;N;;;N;;;;N;;;;;S;0,00;;;N;N;;;;;S;;;;N;N;;0,00;0,00;;0,00;;0,00;0,00;0,00;0,00;0,00;0,00;0,00;0,00;;;;;;N;;0,00;;;;;;;;;N;N;;N;;;;0,00;N;N;N;;;;;N;;;;;N;S;N;E;;PA;1;1;;1;;0,00;;1,00;;;N;0,00;;;;N;;;;N;;S;;0,00;;;;;;;;;;;;;;;N;;;;;N;;;;;;;;;1,00;100,00;;1;;;;V;N;;;;N;;;;;;;;;N;;;;;;;;;N;;;N;OM;;N;N;;;;N;N;N;;;0;;;;;;;;;N;;1,00;;U;;;1;;N;N;N;0
304;MP FEIJAO CARIOCA A GRANEL T2 KG;1;DISTRIBUIDORA FREITAS LOPES LTDA;11;INDUSTRIA MP;1104;FEIJAO SACA GRANEL;;;110402;FEIJAO CARIOCA SACA GRANEL;;;BC;OT;KG;KG;KILOGRAMA;1,00;SC C/ 60KG;SC;SACA;60,00;1,00;1,00;07133190.;"OUTROS FEIJOES (VIGNA MUNGO OU RADIATA),SECOS,EM GRAOS
";07133190;;8;14;8;100156,00;1001561,00;100156,00;304;2;304;MP FEIJAO CARIOCA A GRANEL T2 KG;;304;MP FEIJAO CARIOCA A GRANEL T2 KG;;;;;N;;;;;;;;;;;;;;;;1;DISTRIBUIDORA FREITAS LOPES LTDA;FL;;;;;N;;N;;;;;;N;;;;;;;;;;;;;15;FERNANDO FREIRE;453;AMF CONSULTA;453;16/12/1992;04/01/2023 15:44:50;02/03/2025 14:53:01;04/01/2023 15:44:50;11/04/2015;;S;N;S;;C;;;N;;;1,00;0,50;0,50;0,50;P;0,00;;;1,92;0,00;;0,00;21;;S;0;;;N;N;N;R;0,00;0,00;0,00;0,00;0,00;0,00;0,00;0,00;0,00;0,00;;0,00;0,00;N;N;;S;N;;;N;;;;N;;;;;S;0,00;;;N;N;;;;;S;;;;N;N;;0,00;0,00;;0,00;;0,00;0,00;0,00;0,00;0,00;0,00;0,00;0,00;;;;;;N;;0,00;;;;;;;;;N;N;;N;;;;0,00;N;N;N;;;;;N;;;;;S;S;N;E;;PA;1;1;;1;;0,00;;1,00;;;N;0,00;;;;N;;;;N;;;;0,00;;;;;;;;;;;;;;;N;;;;;N;;;;;;;;;1,00;100,00;;1;;;;V;N;;;;N;;;;;;;;;N;;;;;;;;;N;;;N;OM;;N;N;;;;;N;N;;;0;;;;;;;;;N;;1,00;;U;;;1;;N;N;N;0
30550;LING FRANGO FRICO C/ CHEIRO VERDE KG;3123;DNL DISTRIBUIDORA DE ALIMENTOS LTDA ;26;PERECIVEL;2622;LINGUICA;;;262201;LINGUICAS DIVERSAS;;;L;OT;KG;KG;KILOGRAMA;1,00;CX C/ 20KG;CX;CAIXA;20,00;1,08;1,08;16010000.;ICMS SUBSTITUICAO 0% - ENCHIDOS E EMBUTIDOS;16010000;;8;8;8;30550,00;0,00;30550,00;;2;30550;LING FRANGO FRICO C/ CHEIRO VERDE KG;;30550;LING FRANGO FRICO C/ CHEIRO VERDE KG;;;;;N;;;;;;;;;;;;;;;;2;DISTRIBUIDORA FREITAS LOPES (LA BODEGA);  ;;;;;N;;S;;;;;;N;;;;;;;;;;;;;150;NAYRON ARAUJO RODRIGUES DOS SANTOS;150;NAYRON ARAUJO RODRIGUES DOS SANTOS;103;;11/04/2023 15:23:50;06/06/2025 14:59:51;16/02/2023 09:08:31;11/04/2023;;S;N;S;;C;C;;N;;;1,00;0,50;0,50;0,50;P;0,00;;;17,90;0,00;;0,00;21;;S;0;;;N;N;N;R;0,00;0,00;0,00;0,00;0,00;0,00;0,00;0,00;0,00;0,00;;0,00;0,00;N;N;;S;N;;;N;;;;N;;;;;S;0,00;;;N;N;;;;;N;;;;N;N;;0,00;0,00;;0,00;;0,00;0,00;0,00;0,00;0,00;0,00;0,00;0,00;;;;;;N;;0,00;;;;;;;;;N;N;;N;;;;0,00;N;N;N;;;;;N;;;;;N;S;N;E;1080;PA;1;1;;1;;0,00;;4,32;;;N;0,00;;;;N;;;;N;;;;0,00;;;;;;;;;;;;;0,00;60,00;N;;20;;;N;;;;;;;;;1,00;100,00;;1;;;;V;N;648;;;N;;;;;;;;;N;;;;;;;;;N;;;N;OM;;N;N;;;;;N;N;;;0;;;;;;;;;N;;1,00;;U;;;2;;N;N;N;0
305;MP FEIJAO CAVALO A GRANEL T1 KG;1;DISTRIBUIDORA FREITAS LOPES LTDA;11;INDUSTRIA MP;1104;FEIJAO SACA GRANEL;;;110401;FEIJAO CAVALO SACA GRANEL;;;MP;OT;KG;KG;KILOGRAMA;1,00;SC C/ 60KG;SC;SACA;60,00;1,00;1,00;07133399.;FEIJA CAUPI;07133399;;8;14;8;100157,00;1001571,00;100157,00;305;0;305;MP FEIJAO CAVALO A GRANEL T1 KG;;305;MP FEIJAO CAVALO A GRANEL T1 KG;;;;;N;;;;;;;;;;;;;;;;1;DISTRIBUIDORA FREITAS LOPES LTDA;;;;;;N;;N;;;;;;N;;;;;;;;;;;;;15;FERNANDO FREIRE;103;ELAINE DO NASCIMENTO CABRAL SOUSA;103;;03/02/2025 10:22:31;21/11/2025 10:53:58;03/02/2025 10:22:31;11/04/2015;;S;N;N;;C;C;;N;;;1,00;0,50;0,50;0,50;P;0,00;;;3,75;0,00;;0,00;21;;S;0;;;N;N;N;R;0,00;0,00;0,00;0,00;0,00;0,00;0,00;0,00;0,00;0,00;;0,00;0,00;N;N;;S;N;;;N;;;;N;;;;;S;0,00;;;N;N;;;;;S;;;;N;N;;0,00;0,00;;0,00;;0,00;0,00;0,00;0,00;0,00;0,00;0,00;0,00;;;;;;N;;0,00;;;;;;;;;N;N;;N;;;;0,00;N;N;N;;;;;N;;;;;N;S;N;E;;PA;1;1;;1;;0,00;;1,00;;;N;0,00;;;;N;;;;N;;S;;0,00;;;;;;;;;;;;;;;N;;;;;N;;;;;;;;;1,00;100,00;;1;;;;V;N;;;;N;;;;;;;;;N;;;;;;;;;N;;;N;OM;;N;N;;;;N;N;N;;;0;;;;;;;;;N;;1,00;;U;;;1;;N;N;N;0
306;MP FEIJAO CAVALO A GRANEL T2 KG;1;DISTRIBUIDORA FREITAS LOPES LTDA;11;INDUSTRIA MP;1104;FEIJAO SACA GRANEL;;;110401;FEIJAO CAVALO SACA GRANEL;;;BC;OT;KG;KG;KILOGRAMA;1,00;SC C/ 60KG;SC;SACA;60,00;1,00;1,00;07133190.;"OUTROS FEIJOES (VIGNA MUNGO OU RADIATA),SECOS,EM GRAOS
";07133190;;8;14;8;100158,00;1001581,00;100158,00;306;9;306;MP FEIJAO CAVALO A GRANEL T2 KG;;306;MP FEIJAO CAVALO A GRANEL T2 KG;;;;;N;;;;;;;;;;;;;;;;1;DISTRIBUIDORA FREITAS LOPES LTDA;FL;;;;;N;;N;;;;;;N;;;;;;;;;;;;;15;FERNANDO FREIRE;453;AMF CONSULTA;453;16/12/1992;04/01/2023 15:44:54;02/03/2025 14:53:01;04/01/2023 15:44:54;11/04/2015;;S;N;N;;C;;;N;;;1,00;0,50;0,50;0,50;P;0,00;;;3,34;0,00;;0,00;21;;S;0;;;N;N;N;R;0,00;0,00;0,00;0,00;0,00;0,00;0,00;0,00;0,00;0,00;;0,00;0,00;N;N;;S;N;;;N;;;;N;;;;;S;0,00;;;N;N;;;;;S;;;;N;N;;0,00;0,00;;0,00;;0,00;0,00;0,00;0,00;0,00;0,00;0,00;0,00;;;;;;N;;0,00;;;;;;;;;N;N;;N;;;;0,00;N;N;N;;;;;N;;;;;S;S;N;E;;PA;1;1;;1;;0,00;;1,00;;;N;0,00;;;;N;;;;N;;;;0,00;;;;;;;;;;;;;;;N;;;;;N;;;;;;;;;1,00;100,00;;1;;;;V;N;;;;N;;;;;;;;;N;;;;;;;;;N;;;N;OM;;N;N;;;;;N;N;;;0;;;;;;;;;N;;1,00;;U;;;1;;N;N;N;0
307;MP FEIJAO COLONIA A GRANEL T2 KG;1;DISTRIBUIDORA FREITAS LOPES LTDA;11;INDUSTRIA MP;1104;FEIJAO SACA GRANEL;;;110404;FEIJAO COLONIA SACA GRANEL;;;BC;OT;KG;KG;KILOGRAMA;1,00;SC C/ 60KG;SC;SACA;60,00;1,00;1,00;07133302.;"FEIJAO BRANCO COMUM (PHASEOLUS VULGARIS),SECO,EM GRAOS
";07133302;;8;14;8;100159,00;1001591,00;100159,00;307;7;307;MP FEIJAO COLONIA A GRANEL T2 KG;;307;MP FEIJAO COLONIA A GRANEL T2 KG;;;;;N;;;;;;;;;;;;;;;;1;DISTRIBUIDORA FREITAS LOPES LTDA;FL;;;;;N;;N;;;;;;N;;;;;;;;;;;;;15;FERNANDO FREIRE;453;AMF CONSULTA;453;16/12/1992;04/01/2023 15:44:57;02/03/2025 14:53:01;04/01/2023 15:44:57;11/04/2015;;S;N;N;;C;C;;N;;;1,00;0,50;0,50;0,50;P;0,00;;;1,13;0,00;;0,00;21;;S;0;;;N;N;N;R;0,00;0,00;0,00;0,00;0,00;0,00;0,00;0,00;0,00;0,00;;0,00;0,00;N;N;;S;N;;;N;;;;N;;;;;S;0,00;;;N;N;;;;;S;;;;N;N;;0,00;0,00;;0,00;;0,00;0,00;0,00;0,00;0,00;0,00;0,00;0,00;;;;;;N;;0,00;;;;;;;;;N;N;;N;;;;0,00;N;N;N;;;;;N;;;;;S;S;N;E;;PA;1;1;;1;;0,00;;1,00;;;N;0,00;;;;N;;;;N;;;;0,00;;;;;;;;;;;;;;;N;;;;;N;;;;;;;;;1,00;100,00;;1;;;;V;N;;;;N;;;;;;;;;N;;;;;;;;;N;;;N;OM;;N;N;;;;;N;N;;;0;;;;;;;;;N;;1,00;;U;;;1;;N;N;N;0
308;FEIJAO CONDE CARIOCA T2 1KG;1;DISTRIBUIDORA FREITAS LOPES LTDA;12;INDUSTRIA PRINCESA PA;1204;FEIJAO PRINCESA DO PARA;343;FEIJAO;120404;FEIJAO CARIOCA T2 PRINCESA DO PARA;;;L;OT;PACOTE;KG;KILOGRAMA;1,00;FD C/ 30UN;FD;FARDO;30,00;1,00;1,00;07133190.;"OUTROS FEIJOES (VIGNA MUNGO OU RADIATA),SECOS,EM GRAOS
";07133190;;13;14;13;7897962900065,00;17897962900065,00;7897962900065,00;308;5;308;FEIJAO CONDE CARIOCA T2 1KG;;308;FEIJAO CONDE CARIOCA T2 1KG;;;;;S;;FEIJAO CARIOCA T-2 CONDE/CERT.PA-0095Z N? 7603 LOTE 254/CERT.PA-0095Z N? 7883 LOTE 255;;;;;;;;;;;;;;;;FL;;;;;N;;N;;;;;;N;;;;;;;;;;;;;15;FERNANDO FREIRE;453;AMF CONSULTA;453;16/12/1992;01/08/2023 11:17:03;07/05/2025 13:45:02;07/12/2022 17:49:30;06/04/2015;;S;N;N;;C;B;;N;;;1,00;0,50;0,50;0,50;P;0,00;;;0,00;0,00;;0,00;21;;S;0;;;N;N;N;R;0,00;0,00;0,00;0,00;0,00;0,00;0,00;0,00;0,00;0,00;;0,00;0,00;N;N;;S;N;;;N;;;;N;;;;;S;0,00;;;N;N;;;;;S;;;;N;N;;0,00;0,00;;0,00;;0,00;0,00;0,00;0,00;0,00;0,00;0,00;0,00;;;;;;N;;0,00;;;;;;;;;N;N;;N;;;;;N;N;N;;;;;N;;;;;N;S;N;E;;PA;1;1;1,00;1;;0,00;;30,12;;;N;0,00;;;;N;;;;N;;;;;;;;;;;;;21/04/2017;;;;;;N;;;;;N;1,00;;;;;;;;1,00;1,00;;1;1;;;V;N;;;;N;;;;;;;;;N;;;;;;;;;N;;;N;OM;;N;N;;;;;N;N;;;0;;;;;;;;;N;;1,00;;U;;;;;N;N;N;0
284;ESPON D FACE WISH;75;LIMPPANO S/A;23;LIMPEZA;2302;LIMPEZA DE COZINHA;;;230210;ESPONJA DUPLA FACE;;;L;OT;UNIDADE;UN;UNIDADE;1,00;CX C/ 60UN;CX;CAIXA;60,00;0,01;0,01;68053090.;OBRAS DE PEDRA, GESSO, CIMENTO, AMIANTO, MICA OU DE MATERIAS SEMELHANTES - ABRASIVOS NATURAIS OU ARTIFICIAIS, EM PO OU EM GR?OS, APLICADOS SOBRE MATERIAS TEXTEIS, PAPEL, CART?O OU OUTRAS MATERIAS, MESMO RECORTADOS, COSTURADOS OU REUNIDOS DE OUTRO MODO - APLICADOS SOBRE OUTRAS MATERIAS - OUTROS;68053090;;13;14;13;7896021620050,00;11789602162005,00;7896021620050,00;32902;4;284;ESPON D FACE WISH;;284;ESPON D FACE WISH;;;;;N;;;;;;;;;;;;;;;;;;FL;;;; ;N;;S;;;;;;N;;;;;;;;;;;;;15;FERNANDO FREIRE;453;AMF CONSULTA;453;16/12/1992;27/12/2022 15:13:18;02/03/2025 14:53:01;27/12/2022 15:13:18;09/04/2015;;S;S;N;;B;B;;N;;;1,00;0,50;0,50;0,50;P;0,00;;;0,59;0,00;;0,00;21;;S;0;;;N;N;N;R;0,00;0,00;0,00;0,00;0,00;0,00;0,00;0,00;0,00;0,00;;0,00;0,00;N;N;;S;N;;;N;;;;N;;;;;S;0,00;;;N;N;;;;;N;;;;N;N;;0,00;0,00;;0,00;;0,00;0,00;0,00;0,00;0,00;0,00;0,00;0,00;;;;;;N;;0,00;;;;;;;;;N;N;;N;;;;0,00;N;N;N;;;;;N;;;;;S;S;N;E;;PA;1;1;;1;;0,00;;0,45;;1,00;N;0,00;;;;N;;;;N;;;;0,00;;;;;;;;;;;;;;;N;;;;;N;;;;;;;;;1,00;100,00;;1;;;;V;N;;;;N;;;;;;;;;N;;;;;;;;;N;;;N;OM;;N;N;;;;;N;N;;;0;;;;;;;;;N;;1,00;;U;;;;;N;N;N;0
5258;REFRES PO FIT LIGHT LIMAO 08G;568;OLINDA DISTRI E COM DE ALIMENTOS LTDA;16;BEB NAO ALCOOLICA;1603;REFRESCO PO;;;160301;REFRESCO PO PQ ;;;L;OT;UNIDADE;UN;UNIDADE;1,00;CX/15UN;PC;PACOTE;15,00;0,59;0,59;21069010.;REFRESCO EM PO (TANG/FRISCO...) - ICMS NORMAL;21069010;;13;13;13;7891132009985,00;7891132009992,00;7891132009985,00;105581;7;5258;REFRES PO FIT LIGHT LIMAO 08G;;5258;REFRES PO FIT LIGHT LIMAO 08G;;;;;N;;;;;;;;;;;;;;;;2;DISTRIBUIDORA FREITAS LOPES (LA BODEGA);FL;;;;;N;;S;;;;;;N;;;;;;;;;;;;;1701;LETICIA MARIA DA SILVA;453;AMF CONSULTA;453;16/12/1992;27/01/2023 22:10:42;07/05/2025 13:45:02;27/01/2023 22:10:42;22/03/2019;;S;N;N;;C;C;;N;;;1,00;0,50;0,50;0,50;P;0,00;;;0,89;0,00;;0,00;21;;S;0;;;N;N;N;R;0,00;0,00;0,00;0,00;0,00;0,00;0,00;0,00;0,00;0,00;;0,00;0,00;N;N;;S;N;;;N;;;;N;;;;;S;0,00;;;N;N;;;;;N;;;;N;N;;0,00;0,00;;0,00;;0,00;0,00;0,00;0,00;0,00;0,00;0,00;0,00;;;;;;N;;0,00;;;;;;;;;N;N;;N;;;;0,00;N;N;N;;;;;N;;;;;N;S;N;E;360;PA;1;1;6,00;1;;0,00;;13,09;;;N;0,00;;;;N;;;;N;;;;0,00;;;;;;;;;;;;;100,00;80,00;N;;;;;N;14,00;;;;;;;;1,00;84,00;;1;1;;;V;N;288;;;N;;;;;;;;;N;;;;;;;;;N;;;N;OM;;N;N;;;;;N;N;;;0;;;;;;;;;N;;1,00;;U;;;2;;N;N;N;0
285;ESPON D FACE WISH SALVA UNHAS;75;LIMPPANO S/A;23;LIMPEZA;2302;LIMPEZA DE COZINHA;;;230210;ESPONJA DUPLA FACE;;;L;OT;UNIDADE;UN;UNIDADE;1,00;CX C/ 60UN;CX;CAIXA;60,00;0,01;0,01;68053090.;OBRAS DE PEDRA, GESSO, CIMENTO, AMIANTO, MICA OU DE MATERIAS SEMELHANTES - ABRASIVOS NATURAIS OU ARTIFICIAIS, EM PO OU EM GR?OS, APLICADOS SOBRE MATERIAS TEXTEIS, PAPEL, CART?O OU OUTRAS MATERIAS, MESMO RECORTADOS, COSTURADOS OU REUNIDOS DE OUTRO MODO - APLICADOS SOBRE OUTRAS MATERIAS - OUTROS;68053090;;13;14;13;7896021625574,00;17896021625571,00;7896021625574,00;33731;2;285;ESPON D FACE WISH SALVA UNHAS;;285;ESPON D FACE WISH SALVA UNHAS;;;;;N;;;;;;;;;;;;;;;;;;FL;;;; ;N;;S;;;;;;N;;;;;;;;;;;;;15;FERNANDO FREIRE;453;AMF CONSULTA;453;15/12/1992;27/12/2022 15:13:18;02/03/2025 14:53:01;27/12/2022 15:13:18;09/04/2015;;S;S;N;;B;B;;N;;;1,00;0,50;0,50;0,50;P;0,00;;;1,26;0,00;;0,00;21;;S;0;;;N;N;N;R;0,00;0,00;0,00;0,00;0,00;0,00;0,00;0,00;0,00;0,00;;0,00;0,00;N;N;;S;N;;;N;;;;N;;;;;S;0,00;;;N;N;;;;;N;;;;N;N;;0,00;0,00;;0,00;;0,00;0,00;0,00;0,00;0,00;0,00;0,00;0,00;;;;;;N;;0,00;;;;;;;;;N;N;;N;;;;0,00;N;N;N;;;;;N;;;;;S;S;N;E;;PA;1;1;;1;;0,00;;0,20;;1,00;N;0,00;;;;N;;;;N;;;;0,00;;;;;;;;;;;;;;;N;;;;;N;;;;;;;;;1,00;100,00;;1;;;;V;N;;;;N;;;;;;;;;N;;;;;;;;;N;;;N;OM;;N;N;;;;;N;N;;;0;;;;;;;;;N;;1,00;;U;;;;;N;N;N;0
286;ZZ;176;DIST BELEM DE ALIMENTOS LTDA;1;MIGRACAO;1;MIGRACAO;;;1;MIGRACAO;;;L;OT;1;UN;UNIDADE;1,00;1;CX;CAIXA;1,00;0,34;0,34;21032010.;"KETCHUP E OUTROS MOLHOS DE TOMATE,EMBAL.IMEDIAT.P<=1KG
";21032010;;0;0;0;0,00;0,00;0,00;;0;17036;TESTE WINTHOR INDUSTRIA;;17036;TESTE WINTHOR INDUSTRIA;;;;;N;;;;;;;;;;;;;;;;;;FL;;;;;N;;N;;;;;;N;;;;;;;;;;;;;15;FERNANDO FREIRE;453;AMF CONSULTA;453;18/12/2015;23/12/2022 16:52:06;07/05/2025 13:45:02;23/12/2022 16:52:06;09/04/2015;;S;S;N;;C;C;;N;;;1,00;0,50;0,50;0,50;P;0,00;;;1,11;0,00;;0,00;21;;S;0;;;N;N;N;R;0,00;0,00;0,00;0,00;0,00;0,00;0,00;0,00;0,00;0,00;;0,00;0,00;N;N;;S;N;;;N;;;;N;;;;;S;0,00;;;N;N;;;;;N;;;;N;N;;0,00;0,00;;0,00;;0,00;0,00;0,00;0,00;0,00;0,00;0,00;0,00;;;;;;N;;0,00;;;;;;;;;N;N;;N;;;;0,00;N;N;N;;;;;N;;;;;S;S;N;E;;PA;1;1;;1;;0,00;;4,08;;;N;0,00;;;;N;;;;N;;;;;;;;;;;;;;;;;;;N;;;;;N;;;;;;;;;1,00;100,00;;1;;;;V;N;;;;N;;;;;;;;;N;;;;;;;;;N;;;N;OM;;N;N;;;;;N;N;;;0;;;;;;;;;N;;1,00;;U;;;;;N;N;N;0
287;EXT TOM OLE CP 190G;4;ANGELO AURICCHIO & CIA LTDA;17;CONDIMENTO E TEMPERO;1718;EXTRATO DE TOMATE;;;171801;EXTRATO DE TOMATE;;;L;OT;UNIDADE;UN;UNIDADE;1,00;CX C/ 12UN;CX;CAIXA;12,00;0,35;0,35;20029000.;TOMATES - PREPARACOES DE PRODUTOS HORTICOLAS, FRUTA OU DE OUTRAS PARTES DE PLANTAS;20029000;;13;14;13;7891032015505,00;17891032015509,00;7891032015505,00;1551;9;287;EXT TOM OLE CP 190G;;287;EXT TOM OLE CP 190G;;;;;N;;;;;;;;;;;;;;;P:\BRUUUUUNO\287.PNG;;;  ;;;;;N;;S;;;;;;N;;;;;;;;;;;;;15;FERNANDO FREIRE;217;COMPRADOR - CRISTIANO;1275;;25/02/2025;21/11/2025 12:57:47;31/12/2024 14:23:41;09/04/2015;;S;S;N;;C;C;;N;;;1,00;0,50;0,50;0,50;P;0,00;;;2,38;0,00;;0,00;21;;S;0;;;N;N;N;R;0,00;0,00;0,00;0,00;0,00;0,00;0,00;0,00;0,00;0,00;;0,00;0,00;N;N;;S;N;;;N;;;;N;;;;;S;0,00;;;N;N;;;;;N;;;;N;N;;0,00;0,00;;0,00;;0,00;0,00;0,00;0,00;0,00;0,00;0,00;0,00;;;;;;N;;0,00;;;;;;;;;N;N;;N;;;;0,00;N;N;N;;;;;N;;;;;S;S;N;E;;PA;1;1;;1;;0,00;;3,97;;1,00;N;0,00;;;;N;;;;N;;S;;0,00;;;;;;;;;01/03/2018;;;;;;N;;20;;;N;;;;;;;;;1,00;100,00;;1;;;;V;N;;;;N;;;;;;;;;N;;;;;;;;;N;;;N;OM;;N;N;;;;N;N;N;;;0;;;;;;;;;N;;1,00;;U;;;;;N;N;N;0
288;EXT TOM QUERO VD 190G;81;MARQUES & MELO LTDA;17;CONDIMENTO E TEMPERO;1718;EXTRATO DE TOMATE;215;QUERO;171801;EXTRATO DE TOMATE;;;L;OT;UNIDADE;UN;UNIDADE;1,00;CX C/ 24UN;CX;CAIXA;24,00;0,35;0,35;21032010.;"KETCHUP E OUTROS MOLHOS DE TOMATE,EMBAL.IMEDIAT.P<=1KG
";21032010;;13;14;13;7896102502213,00;57896102502218,00;7896102502213,00;78961025022100;7;288;EXT TOM QUERO VD 190G;;288;EXT TOM QUERO VD 190G;;;;;N;;;;;;;;;;;;;;;;;;  ;;;;;N;;S;;;;;;N;;;;;;;;;;;;;15;FERNANDO FREIRE;217;COMPRADOR - CRISTIANO;103;;04/12/2023 16:33:43;06/06/2025 14:59:51;04/12/2023 16:33:43;09/04/2015;;S;S;N;;C;C;;N;;;1,00;0,50;0,50;0,50;P;0,00;;;2,99;0,00;;0,00;21;;S;0;;;N;N;N;R;0,00;0,00;0,00;0,00;0,00;0,00;0,00;0,00;0,00;0,00;;0,00;0,00;N;N;;S;N;;;N;;;;N;;;;;S;0,00;;;N;N;;;;;N;;;;N;N;;0,00;0,00;;0,00;;0,00;0,00;0,00;0,00;0,00;0,00;0,00;0,00;;;;;;N;;0,00;;;;;;;;;N;N;;N;;;;0,00;N;N;N;;;;;N;;;;;S;S;N;E;;PA;1;1;;1;;0,00;;8,40;;1,00;N;0,00;;;;N;;;;N;;;;0,00;;;;;;;;;01/03/2018;;;;;;N;;20;;;N;;;;;;;;;1,00;100,00;;1;;;;V;N;;;;N;;;;;;;;;N;;;;;;;;;N;;;N;OM;;N;N;;;;N;N;N;;;0;;;;;;;;;N;;1,00;;U;;;;;N;N;N;0
289;MP FARIN MAND A GRANEL FINA BRANCA KG;1;DISTRIBUIDORA FREITAS LOPES LTDA;11;INDUSTRIA MP;1103;FARINHA SACA;;;110301;FARINHA FINA SACA;;;MP;OT;KG;KG;KILOGRAMA;1,00;SC C/ 50KG;SC;SACA;50,00;1,00;1,00;11062000.;FARINHAS, SEMS.D/SAGU,D/RAIZ/TUBERC.POS.0714;11062000;;8;14;8;100150,00;1001501,00;100150,00;289;5;2896;PRESUNTO PERDIGAO PERU PRP KG;;289;MP FARIN MAND A GRANEL FINA BRANCA KG;;;;;N;;;;;;;;;;;;;;;;1;DISTRIBUIDORA FREITAS LOPES LTDA;;;;;;N;;N;;;;;;N;;;;;;;;;;;;;15;FERNANDO FREIRE;177;ROSANE DUARTE DOS SANTOS;324;;10/02/2025 15:57:21;01/08/2025 14:12:19;10/02/2025 15:57:21;11/04/2015;;S;N;N;;C;C;;N;;;1,00;0,50;0,50;0,50;P;0,00;;;2,62;0,00;;0,00;21;;S;0;;;N;N;N;R;0,00;0,00;0,00;0,00;0,00;0,00;0,00;0,00;0,00;0,00;;0,00;0,00;N;N;;S;N;;;N;;;;N;;;;;S;0,00;;;N;N;;;;;S;;;;N;N;;0,00;0,00;;0,00;;0,00;0,00;0,00;0,00;0,00;0,00;0,00;0,00;;;;;;N;;0,00;;;;;;;;;N;N;;N;;;;0,00;N;N;N;;;;;N;;;;;N;S;N;E;;PA;1;1;;1;;0,00;;1,00;;;N;0,00;;;;N;;;;N;;S;;0,00;;;;;;;;;;;;;;;N;;;;;N;;;;;;;;;1,00;100,00;;1;;;;V;N;;;;N;;;;;;;;;N;;;;;;;;;N;;;N;OM;;N;N;;;;N;N;N;;;0;;;;;;;;;N;;1,00;;U;;;1;;N;N;N;0
23789;SARD G COSTA TOMATE PICANTE 125G;535;EMPRESA BRASILEIRA DE DISTRIBUICAO LTDA;13;ALIMENTOS EM CONSERVA;1303;SARDINHA;;;130301;SARDINHA NORMAL;;;L;OT;UNIDADE;LT;LATA;1,00;CX C/ 50UN;CX;CAIXA;50,00;0,17;0,17;16041310.;"PREPARS.E CONSERVAS,DE SARDINHAS,INTEIRAS OU EM PEDACOS
";16041310;;13;14;13;7891167021075,00;57891167021070,00;7891167021075,00;848;2;23789;SARD G COSTA TOMATE PICANTE 125G;;601;SARD G COSTA TOMATE 125G;;;LT;LATA;N;;;;;;;;;;;;;;;P:\BRUUUUUNO\23789.PNG;;;  ;;;;;N;;S;;;;;;N;;;;;;;;;;;;;333;CONTABIL CONTRATE;1275;BRUNO FREIRE DE SOUZA;1275;;21/11/2024;06/06/2025 14:59:51;19/03/2025 17:53:18;04/12/2021;;S;S;N;;;C;;N;;;1,00;0,50;0,50;0,50;P;0,00;;;4,78;0,00;;0,00;30;;N;0;;;N;N;N;R;0,00;0,00;0,00;0,00;0,00;0,00;0,00;0,00;0,00;0,00;;0,00;0,00;N;N;;S;N;;;N;;;;N;;;;;S;0,00;;;N;N;;;;;N;;;;N;N;;0,00;0,00;;0,00;;0,00;0,00;0,00;0,00;0,00;0,00;0,00;0,00;;;;;;N;;0,00;;;;;;;;;N;N;;N;;;;0,00;N;N;S;;;;;N;;;;;S;S;N;E;;PA;1;1;;1;;0,00;;8,46;;1,00;N;0,00;;;;N;;;;N;;S;;0,00;;;;;;;;;;;;;;;N;;20;;;N;;;;;;;;;1,00;1,00;;1;;;;V;N;;;;N;;;;;;;;;N;;;;;;;;;N;;;N;OM;;N;N;;;;N;N;N;;;0;;;;;;;;;N;;1,00;;U;;;;;N;N;N;0
290;MP FARIN MAND A GRANEL GROSSA AMAR KG;1;DISTRIBUIDORA FREITAS LOPES LTDA;11;INDUSTRIA MP;1103;FARINHA SACA;;;110302;FARINHA GROSSA SACA;;;BC;OT;KG;KG;KILOGRAMA;1,00;SC C/ 50KG;SC;SACA;50,00;1,00;1,00;11062000.;FARINHAS, SEMS.D/SAGU,D/RAIZ/TUBERC.POS.0714;11062000;;8;14;8;100151,00;1001511,00;100151,00;290;9;289;MP FARIN MAND A GRANEL FINA BRANCA KG;;289;MP FARIN MAND A GRANEL FINA BRANCA KG;;;;;N;;;;;;;;;;;;;;;;1;DISTRIBUIDORA FREITAS LOPES LTDA;;;;;;N;;S;;;;;;N;;;;;;;;;;;;;15;FERNANDO FREIRE;324;DENIS NUNES;324;;04/01/2025 19:08:53;02/03/2025 14:53:01;04/01/2025 19:08:53;11/04/2015;;S;N;N;;C;C;;N;;;1,00;0,50;0,50;0,50;P;0,00;;;2,20;0,00;;0,00;21;;S;0;;;N;N;N;R;0,00;0,00;0,00;0,00;0,00;0,00;0,00;0,00;0,00;0,00;;0,00;0,00;N;N;;S;N;;;N;;;;N;;;;;S;0,00;;;N;N;;;;;S;;;;N;N;;0,00;0,00;;0,00;;0,00;0,00;0,00;0,00;0,00;0,00;0,00;0,00;;;;;;N;;0,00;;;;;;;;;N;N;;N;;;;0,00;N;N;N;;;;;N;;;;;S;S;N;E;;PA;1;1;;1;;0,00;;1,00;;;N;0,00;;;;N;;;;N;;S;;0,00;;;;;;;;;;;;;;;N;;;;;N;;;;;;;;;1,00;100,00;;1;;;;V;N;;;;N;;;;;;;;;N;;;;;;;;;N;;;N;OM;;N;N;;;;N;N;N;;;0;;;;;;;;;N;;1,00;;U;;;1;;N;N;N;0
291;FARIN MAND CONDESSA AMAR FINA 1KG;1;DISTRIBUIDORA FREITAS LOPES LTDA;12;INDUSTRIA PRINCESA PA;1203;FARINHA PRINCESA DO PARA;;;120302;FARINHA FINA PRINCESA DO PARA;;;L;OT;UNIDADE;KG;KILOGRAMA;1,00;FD C/ 25UN;FD;FARDO;25,00;1,01;1,01;11062000.;FARINHAS, SEMS.D/SAGU,D/RAIZ/TUBERC.POS.0714;11062000;;13;14;13;7897962900515,00;17897962900515,00;7897962900515,00;291;7;291;FARIN MAND CONDESSA AMAR FINA 1KG;;291;FARIN MAND CONDESSA AMAR FINA 1KG;;;;;S;;FARINHA DE MANDIOCA SECA FINA CONDESSA/PR0254A021894 LOTE 24;;;;;;;;;;;;;;;;FL;;;;;N;;S;;;;;;N;;;;;;;;;;;;;15;FERNANDO FREIRE;453;AMF CONSULTA;453;16/12/1992;08/09/2023 08:12:15;07/05/2025 13:45:02;06/12/2022 15:54:58;02/04/2015;;S;S;N;;C;C;;N;;;1,00;0,50;0,50;0,50;P;0,00;;;0,00;0,00;;0,00;21;;S;0;;;N;N;N;R;0,00;0,00;0,00;0,00;0,00;0,00;0,00;0,00;0,00;0,00;;0,00;0,00;N;N;;S;N;;;N;;;;N;;;;;S;0,00;;;N;N;;;;;S;;;;N;N;;0,00;0,00;;0,00;;0,00;0,00;0,00;0,00;0,00;0,00;0,00;0,00;;;;;;N;;0,00;;;;;;;;;N;N;;N;;;;;N;N;N;;;;;N;;;;;S;S;N;E;;PA;1;1;1,00;1;;0,07;;25,20;;;N;0,00;;;;N;;;;N;;;;;;;;;;;;;;;;;;;N;;;;;N;1,00;;;;;;;;1,00;1,00;;1;1;;;V;N;;;;N;;;;;;;;;N;;;;;;;;;N;;;N;OM;;N;N;;;;;N;N;;;0;;;;;;;;;N;;1,00;;U;;;;;N;N;N;0
249;DETERG PO ALA FLOR LIS SCH 500G;33;DN DISTRIBUIDORA E REPRESENTACOES EIRELI  ;23;LIMPEZA;2304;LIMPEZA DE LAVANDERIA;;;230402;DETERGENTE PO SACHE MED;;;L;OT;UNIDADE;UN;UNIDADE;1,00;FD C/ 27UN;FD;FARDO;27,00;0,52;0,52;34025000.;PREPARACOES TENSOATIVAS,PARA LAVAGEM E LIMPEZA;34025000;;13;14;13;7891150026513,00;47891150026511,00;7891150026513,00;7997.;6;249;DETERG PO ALA FLOR LIS SCH 500G;;249;DETERG PO ALA FLOR LIS SCH 500G;;;;;N;;;;;;;;;;;;;;;;;;  ;;;;;N;;S;;;1;FOOD;;N;;;;;;;;;;;;;15;FERNANDO FREIRE;1275;BRUNO FREIRE DE SOUZA;1275;;17/10/2024 15:19:59;24/07/2025 14:06:23;24/07/2025 14:06:23;09/04/2015;;S;S;N;;A;B;;N;;;1,00;0,50;0,50;0,50;P;0,00;;;3,85;0,00;;0,00;21;;S;0;;;N;N;N;R;28,57;0,00;0,00;0,00;0,00;0,00;0,00;0,00;0,00;0,00;;0,00;0,00;N;N;;S;N;;;N;;;;N;;;;;S;0,00;;;N;N;;;;;N;;;;N;N;;0,00;0,00;;0,00;;0,00;0,00;0,00;0,00;0,00;0,00;0,00;0,00;;;;;;N;;0,00;;;;;;;;;N;N;;N;;;;28,57;N;N;N;;;;;N;;;;;S;S;N;E;;PA;1;1;;1;;0,00;;14,12;;1,00;N;0,00;;;;N;;;;N;;S;;0,00;;;;;;;;;01/08/2018;;;;;;N;;20;;;N;;;;;;;;;1,00;100,00;;1;;;;V;N;;;;N;;;;;;;;;N;;;;;;;;;N;;;N;OM;;N;N;;;;N;N;N;;;0;;;;;;;;;N;;1,00;;U;;;;;N;N;N;0
250;DETERG PO ALA FLOR MAR E MARG SCH 500G;33;DN DISTRIBUIDORA E REPRESENTACOES EIRELI  ;23;LIMPEZA;2304;LIMPEZA DE LAVANDERIA;;;230402;DETERGENTE PO SACHE MED;;;L;OT;UNIDADE;UN;UNIDADE;1,00;FD C/ 27UN;FD;FARDO;27,00;0,51;0,51;34025000.;PREPARACOES TENSOATIVAS,PARA LAVAGEM E LIMPEZA;34025000;;13;14;13;7891038080408,00;47891038080406,00;7891038080408,00;7995;0;249;DETERG PO ALA FLOR LIS SCH 500G;;249;DETERG PO ALA FLOR LIS SCH 500G;;;;;N;;;;;;;;;;;;;;;;1;DISTRIBUIDORA FREITAS LOPES LTDA;FL;;;;;N;;S;;;;;;N;;;;;;;;;;;;;15;FERNANDO FREIRE;453;AMF CONSULTA;453;15/12/1992;27/12/2022 15:13:18;07/05/2025 13:45:02;27/12/2022 15:13:18;09/04/2015;;S;S;N;;C;C;;N;;;1,00;0,50;0,50;0,50;P;0,00;;;2,38;0,00;;0,00;21;;S;0;;;N;N;N;R;20,57;0,00;0,00;0,00;0,00;0,00;0,00;0,00;0,00;0,00;;0,00;0,00;N;N;;S;N;;;N;;;;N;;;;;S;0,00;;;N;N;;;;;N;;;;N;N;;0,00;0,00;;0,00;;0,00;0,00;0,00;0,00;0,00;0,00;0,00;0,00;;;;;;N;;0,00;;;;;;;;;N;N;;N;;;;20,57;N;N;N;;;;;N;;;;;S;S;N;E;;PA;1;1;;1;;0,00;;13,88;;1,00;N;0,00;;;;N;;;;N;;;;0,00;;;;;;;;;01/04/2018;;;;;;N;;;;;N;;;;;;;;;1,00;100,00;;1;;;;V;N;;;;N;;;;;;;;;N;;;;;;;;;N;;;N;OM;;N;N;;;;;N;N;;;0;;;;;;;;;N;;1,00;;U;;;1;;N;N;N;0
251;DETERG PO ALA FLORES CER E LAV SCH 500G;33;DN DISTRIBUIDORA E REPRESENTACOES EIRELI  ;23;LIMPEZA;2304;LIMPEZA DE LAVANDERIA;;;230402;DETERGENTE PO SACHE MED;;;L;OT;UNIDADE;UN;UNIDADE;1,00;FD C/ 27UN;FD;FARDO;27,00;0,51;0,51;34025000.;PREPARACOES TENSOATIVAS,PARA LAVAGEM E LIMPEZA;34025000;;13;14;13;7898422745523,00;47898422745521,00;7898422745523,00;7992;8;249;DETERG PO ALA FLOR LIS SCH 500G;;249;DETERG PO ALA FLOR LIS SCH 500G;;;;;N;;;;;;;;;;;;;;;;;;  ;;;;;N;;S;;;1;FOOD;;N;;;;;;;;;;;;;15;FERNANDO FREIRE;265;GILBERTO PINHEIRO GUIMARAES;324;;01/11/2023 08:28:03;06/06/2025 14:59:51;01/11/2023 08:28:03;09/04/2015;;S;S;N;;A;B;;N;;;1,00;0,50;0,50;0,50;P;0,00;;;3,86;0,00;;0,00;21;;S;0;;;N;N;N;R;24,61;0,00;0,00;0,00;0,00;0,00;0,00;0,00;0,00;0,00;;0,00;0,00;N;N;;S;N;;;N;;;;N;;;;;S;0,00;;;N;N;;;;;N;;;;N;N;;0,00;0,00;;0,00;;0,00;0,00;0,00;0,00;0,00;0,00;0,00;0,00;;;;;;N;;0,00;;;;;;;;;N;N;;N;;;;24,61;N;N;N;;;;;N;;;;;S;S;N;E;;PA;1;1;;1;;0,00;;13,80;;1,00;N;0,00;;;;N;;;;N;;;;0,00;;;;;;;;;01/06/2018;;;;;;N;;20;;;N;;;;;;;;;1,00;100,00;;1;;;;V;N;;;;N;;;;;;;;;N;;;;;;;;;N;;;N;OM;;N;N;;;;N;N;N;;;0;;;;;;;;;N;;1,00;;U;;;;;N;N;N;0
5172;QUEIJO AMANDA MUSSARELA KG;774;MATEUS SUPERMERCADO SA;26;PERECIVEL;2617;QUEIJO;312;AMANDA;261701;QUEIJO MUSSARELA KG;;;L;OT;KG;KG;KILOGRAMA;1,00;KG;KG;KILOGRAMA;1,00;5,00;5,00;04061010.;QUEIJOS, MUSSARELA;04061010;;13;14;13;5172,00;5172,00;5172,00;353324;0;5172;QUEIJO AMANDA MUSSARELA KG;;5172;QUEIJO AMANDA MUSSARELA KG;;;;;N;;;;;;;;;;;;;;;;;;FL;;;;;N;;S;;;;;;N;;;;;;;;;;;;;1701;LETICIA MARIA DA SILVA;453;AMF CONSULTA;453;15/12/1992;03/03/2023 11:28:52;05/03/2024 12:05:53;03/03/2023 11:28:52;07/02/2019;;S;N;S;;C;C;;N;;;1,00;0,50;0,50;0,50;P;0,00;;;15,50;0,00;;0,00;28;;N;0;;;N;N;N;R;0,00;0,00;0,00;0,00;0,00;0,00;0,00;0,00;0,00;0,00;;0,00;0,00;N;N;;S;N;;;N;;;;N;;;;;S;0,00;;;N;N;;;;;N;;;;N;N;;0,00;0,00;;0,00;;0,00;0,00;0,00;0,00;0,00;0,00;0,00;0,00;;;;;;N;;0,00;;;;;;;;;N;N;;N;;;;0,00;N;;N;;;;;N;;;;;N;S;N;E;;PA;1;1;;1;;0,00;;1,00;;;N;;;;;N;;;;N;;;;0,00;;;;;;;;;;;;;;;N;;;;;N;;;;;;;;;1,00;1,00;;1;;;;V;N;;;;N;;;;;;;;;;;;;;;;;;N;;;;OM;;N;N;;;;;N;N;;;0;;;;;;;;;N;;1,00;;U;;;;;N;N;N;0
29748;BQ BOLSINHA MANIA;2352;DISDAN DISTRIBUIDORA DE ALIMENTOS EIRELI;1;MIGRACAO;1;MIGRACAO;346;FAMPAR;1;MIGRACAO;;;L;OT;UNIDADE;UN;UNIDADE;1,00;DP C/ 12UN;DP;DISPLAY;12,00;1,00;1,00;95030099.;OUTROS BRINQUEDOS;95030099;;13;13;13;7898405060308,00;7898405060315,00;7898405060308,00;3509;8;29748;BQ BOLSINHA MANIA;;29748;BQ BOLSINHA MANIA;;;;;N;;;;;;;;;;;;;;;;;;FL;;;;;N;;S;;;;;;N;;;;;;;;;;;;;453;AMF CONSULTA;453;AMF CONSULTA;453;09/06/2025;01/03/2023 17:59:57;09/06/2025 18:25:06;01/03/2023 17:59:57;30/08/2022;;S;S;N;;;;;N;;;1,00;0,50;0,50;0,50;P;0,00;;;0,00;0,00;;0,00;28;;N;0;3;AMF ATACAREJO LTDA;N;N;N;R;0,00;0,00;0,00;0,00;0,00;0,00;0,00;0,00;0,00;0,00;;0,00;0,00;N;N;;S;N;;;N;;;;N;;;;;S;0,00;;;N;N;;;;;N;;;;N;N;;0,00;0,00;;0,00;;0,00;0,00;0,00;0,00;0,00;0,00;0,00;0,00;;;;;;N;;0,00;;;;;;;;;N;N;;N;;;;;N;N;S;;;;;N;;;;;N;S;N;E;;PA;1;1;;1;;;;;;;N;0,00;;;;N;;;;N;;;;;;;;;;;;;;;;;;;N;;20;;;N;;;;;;;;;1,00;1,00;;1;;;;V;N;;;;N;;;;;;;;;N;;;;;;;;;N;;;N;OM;;N;N;;;;;N;N;;;0;;;;;;;;;N;;1,00;;U;;;3;;N;N;N;0
252;DETERG PO ALA HOR E FLOR BRA SCH 500G;33;DN DISTRIBUIDORA E REPRESENTACOES EIRELI  ;23;LIMPEZA;2304;LIMPEZA DE LAVANDERIA;;;230402;DETERGENTE PO SACHE MED;;;L;OT;UNIDADE;UN;UNIDADE;1,00;FD C/ 27UN;FD;FARDO;27,00;0,51;0,51;34025000.;PREPARACOES TENSOATIVAS,PARA LAVAGEM E LIMPEZA;34025000;;13;14;13;7891038611701,00;47891038611709,00;7891038611701,00;252;6;249;DETERG PO ALA FLOR LIS SCH 500G;;249;DETERG PO ALA FLOR LIS SCH 500G;;;;;N;;;;;;;;;;;;;;;;;;FL;;;;;N;;S;;;;;;N;;;;;;;;;;;;;15;FERNANDO FREIRE;453;AMF CONSULTA;453;15/12/1992;27/12/2022 15:13:17;07/05/2025 13:45:02;27/12/2022 15:13:17;09/04/2015;;S;S;N;;C;C;;N;;;1,00;0,50;0,50;0,50;P;0,00;;;2,50;0,00;;0,00;21;;S;0;;;N;N;N;R;12,26;0,00;0,00;0,00;0,00;0,00;0,00;0,00;0,00;0,00;;0,00;0,00;N;N;;S;N;;;N;;;;N;;;;;S;0,00;;;N;N;;;;;N;;;;N;N;;0,00;0,00;;0,00;;0,00;0,00;0,00;0,00;0,00;0,00;0,00;0,00;;;;;;N;;0,00;;;;;;;;;N;N;;N;;;;12,26;N;N;N;;;;;N;;;;;S;S;N;E;;PA;1;1;;1;;0,00;;13,71;;1,00;N;0,00;;;;N;;;;N;;;;0,00;;;;;;;;;08/08/2018;;;;;;N;;;;;N;;;;;;;;;1,00;100,00;;1;;;;V;N;;;;N;;;;;;;;;N;;;;;;;;;N;;;N;OM;;N;N;;;;;N;N;;;0;;;;;;;;;N;;1,00;;U;;;;;N;N;N;0
253;DETERG PO BEM TI VI LAVANDA SCH 200G;5;ASA INDUSTRIA E COMERCIO (PE);23;LIMPEZA;2304;LIMPEZA DE LAVANDERIA;;;230401;DETERGENTE PO SACHE PEQ;;;L;OT;UNIDADE;UN;UNIDADE;1,00;FD C/ 36UN;FD;FARDO;36,00;0,21;0,21;34025000.;PREPARACOES TENSOATIVAS,PARA LAVAGEM E LIMPEZA;34025000;03;13;14;13;7898031171331,00;17898031171131,00;7898031171331,00;5203200;4;253;DETERG PO BEM TI VI LAVANDA SCH 200G;;253;DETERG PO BEM TI VI LAVANDA SCH 200G;;;;;N;;;;;;;;;;;;;;;;;;FL;;;;;N;;S;;;;;;N;;;;;;;;;;;;;15;FERNANDO FREIRE;453;AMF CONSULTA;453;15/12/1992;27/12/2022 15:13:17;07/05/2025 13:45:02;27/12/2022 15:13:17;09/04/2015;;S;S;N;;C;B;;N;;;1,00;0,50;0,50;0,50;P;0,00;;;1,00;0,00;;0,00;21;;S;0;;;N;N;N;R;0,00;0,00;0,00;0,00;0,00;0,00;0,00;0,00;0,00;0,00;;0,00;0,00;N;N;;S;N;;;N;;;;N;;;;;S;0,00;;;N;N;;;;;N;;;;N;N;;0,00;0,00;;0,00;;0,00;0,00;0,00;0,00;0,00;0,00;0,00;0,00;;;;;;N;;0,00;;;;;;;;;N;N;;N;;;;0,00;N;N;N;;;;;N;;;;;S;S;N;E;;PA;1;1;;1;;0,00;;7,69;;1,00;N;0,00;;;;N;;;;N;;;;0,00;;;;;;;;;11/03/2018;;;;;;N;;;;;N;;;;;;;;;1,00;100,00;;1;;;;V;N;;;;N;;;;;;;;;N;;;;;;;;;N;;;N;OM;;N;N;;;;;N;N;;;0;;;;;;;;;N;;1,00;;U;;;;;N;N;N;0
254;DETERG PO BEM TI VI LAVANDA SCH 500G;5;ASA INDUSTRIA E COMERCIO (PE);23;LIMPEZA;2304;LIMPEZA DE LAVANDERIA;;;230402;DETERGENTE PO SACHE MED;;;L;OT;UNIDADE;UN;UNIDADE;1,00;FD C/ 26UN;FD;FARDO;26,00;0,51;0,51;34025000.;PREPARACOES TENSOATIVAS,PARA LAVAGEM E LIMPEZA;34025000;03;13;14;13;7898031171201,00;27898031171205,00;7898031171201,00;5203243;2;254;DETERG PO BEM TI VI LAVANDA SCH 500G;;254;DETERG PO BEM TI VI LAVANDA SCH 500G;;;;;N;;;;;;;;;;;;;;;;;;  ;;;;;N;;S;;;;;;N;;;;;;;;;;;;;15;FERNANDO FREIRE;156;JOSUE CONCEICAO DE OLIVEIRA;453;;27/12/2022 15:13:17;06/06/2025 14:59:51;27/12/2022 15:13:17;09/04/2015;;S;S;N;;C;C;;N;;;1,00;0,50;0,50;0,50;P;0,00;;;3,09;0,00;;0,00;21;;S;0;;;N;N;N;R;0,00;0,00;0,00;0,00;0,00;0,00;0,00;0,00;0,00;0,00;;0,00;0,00;N;N;;S;N;;;N;;;;N;;;;;S;0,00;;;N;N;;;;;N;;;;N;N;;0,00;0,00;;0,00;;0,00;0,00;0,00;0,00;0,00;0,00;0,00;0,00;;;;;;N;;0,00;;;;;;;;;N;N;;N;;;;0,00;N;N;N;;;;;N;;;;;S;S;N;E;;PA;1;1;;1;;0,00;;13,34;;1,00;N;0,00;;;;N;;;;N;;;;0,00;;;;;;;;;25/05/2018;;;;;;N;;20;;;N;;;;;;;;;1,00;100,00;;1;;;;V;N;;;;N;;;;;;;;;N;;;;;;;;;N;;;N;OM;;N;N;;;;;N;N;;;0;;;;;;;;;N;;1,00;;U;;;;;N;N;N;0
255;DETERG PO BEM TI VI NATURAL SCH 200G;5;ASA INDUSTRIA E COMERCIO (PE);23;LIMPEZA;2304;LIMPEZA DE LAVANDERIA;;;230401;DETERGENTE PO SACHE PEQ;;;L;OT;UNIDADE;UN;UNIDADE;1,00;FD C/ 36UN;FD;FARDO;36,00;0,21;0,21;34025000.;PREPARACOES TENSOATIVAS,PARA LAVAGEM E LIMPEZA;34025000;03;13;14;13;7898031171577,00;17898031171574,00;7898031171577,00;5204200;0;255;DETERG PO BEM TI VI NATURAL SCH 200G;;253;DETERG PO BEM TI VI LAVANDA SCH 200G;;;;;N;;;;;;;;;;;;;;;;;;FL;;;;;N;;S;;;;;;N;;;;;;;;;;;;;15;FERNANDO FREIRE;453;AMF CONSULTA;453;15/12/1992;27/12/2022 15:13:17;07/05/2025 13:45:02;27/12/2022 15:13:17;09/04/2015;;S;S;N;;C;C;;N;;;1,00;0,50;0,50;0,50;P;0,00;;;1,00;0,00;;0,00;21;;S;0;;;N;N;N;R;0,00;0,00;0,00;0,00;0,00;0,00;0,00;0,00;0,00;0,00;;0,00;0,00;N;N;;S;N;;;N;;;;N;;;;;S;0,00;;;N;N;;;;;N;;;;N;N;;0,00;0,00;;0,00;;0,00;0,00;0,00;0,00;0,00;0,00;0,00;0,00;;;;;;N;;0,00;;;;;;;;;N;N;;N;;;;0,00;N;N;N;;;;;N;;;;;S;S;N;E;;PA;1;1;;1;;0,00;;7,45;;1,00;N;0,00;;;;N;;;;N;;;;0,00;;;;;;;;;24/05/2018;;;;;;N;;;;;N;;;;;;;;;1,00;100,00;;1;;;;V;N;;;;N;;;;;;;;;N;;;;;;;;;N;;;N;OM;;N;N;;;;;N;N;;;0;;;;;;;;;N;;1,00;;U;;;;;N;N;N;0
256;DETERG PO BEM TI VI NATURAL SCH 500G;5;ASA INDUSTRIA E COMERCIO (PE);23;LIMPEZA;2304;LIMPEZA DE LAVANDERIA;;;230402;DETERGENTE PO SACHE MED;;;L;OT;UNIDADE;UN;UNIDADE;1,00;FD C/ 26UN;FD;FARDO;26,00;0,51;0,51;34025000.;PREPARACOES TENSOATIVAS,PARA LAVAGEM E LIMPEZA;34025000;03;13;14;13;7898031171584,00;27898031171588,00;7898031171584,00;5204243;9;256;DETERG PO BEM TI VI NATURAL SCH 500G;;254;DETERG PO BEM TI VI LAVANDA SCH 500G;;;;;N;;;;;;;;;;;;;;;;;;  ;;;;;N;;S;;;;;;N;;;;;;;;;;;;;15;FERNANDO FREIRE;156;JOSUE CONCEICAO DE OLIVEIRA;156;;20/06/2023 08:14:58;06/06/2025 14:59:51;20/06/2023 08:14:58;09/04/2015;;S;S;N;;C;C;;N;;;1,00;0,50;0,50;0,50;P;0,00;;;3,58;0,00;;0,00;21;;S;0;;;N;N;N;R;0,00;0,00;0,00;0,00;0,00;0,00;0,00;0,00;0,00;0,00;;0,00;0,00;N;N;;S;N;;;N;;;;N;;;;;S;0,00;;;N;N;;;;;N;;;;N;N;;0,00;0,00;;0,00;;0,00;0,00;0,00;0,00;0,00;0,00;0,00;0,00;;;;;;N;;0,00;;;;;;;;;N;N;;N;;;;0,00;N;N;N;;;;;N;;;;;S;S;N;E;;PA;1;1;;1;;0,00;;13,34;;;N;0,00;;;;N;;;;N;;;;0,00;;;;;;;;;07/05/2018;;;;;;N;;20;;;N;;;;;;;;;1,00;100,00;;1;;;;V;N;;;;N;;;;;;;;;N;;;;;;;;;N;;;N;OM;;N;N;;;;;N;N;;;0;;;;;;;;;N;;1,00;;U;;;;;N;N;N;0
257;DETERG PO BEM TE VI PERF FLOR SCH 500G;5;ASA INDUSTRIA E COMERCIO (PE);23;LIMPEZA;2304;LIMPEZA DE LAVANDERIA;;;230402;DETERGENTE PO SACHE MED;;;L;OT;UNIDADE;UN;UNIDADE;1,00;FD C/ 26UN;FD;FARDO;26,00;0,51;0,51;34025000.;PREPARACOES TENSOATIVAS,PARA LAVAGEM E LIMPEZA;34025000;03;13;14;13;7898031170259,00;27898031170253,00;7898031170259,00;5201243;7;257;DETERG PO BEM TE VI PERF FLOR SCH 500G;;254;DETERG PO BEM TI VI LAVANDA SCH 500G;;;;;N;;;;;;;;;;;;;;;;;;  ;;;;;N;;S;;;;;;N;;;;;;;;;;;;;15;FERNANDO FREIRE;156;JOSUE CONCEICAO DE OLIVEIRA;453;;27/12/2022 15:13:17;06/06/2025 14:59:51;27/12/2022 15:13:17;09/04/2015;;S;S;N;;C;C;;N;;;1,00;0,50;0,50;0,50;P;0,00;;;3,09;0,00;;0,00;21;;S;0;;;N;N;N;R;0,00;0,00;0,00;0,00;0,00;0,00;0,00;0,00;0,00;0,00;;0,00;0,00;N;N;;S;N;;;N;;;;N;;;;;S;0,00;;;N;N;;;;;N;;;;N;N;;0,00;0,00;;0,00;;0,00;0,00;0,00;0,00;0,00;0,00;0,00;0,00;;;;;;N;;0,00;;;;;;;;;N;N;;N;;;;0,00;N;N;N;;;;;N;;;;;S;S;N;E;;PA;1;1;;1;;0,00;;13,34;;1,00;N;0,00;;;;N;;;;N;;;;0,00;;;;;;;;;26/05/2018;;;;;;N;;20;;;N;;;;;;;;;1,00;100,00;;1;;;;V;N;;;;N;;;;;;;;;N;;;;;;;;;N;;;N;OM;;N;N;;;;;N;N;;;0;;;;;;;;;N;;1,00;;U;;;;;N;N;N;0
258;DETERG PO BEM TI VI SUP BRANCO SCH 200G;5;ASA INDUSTRIA E COMERCIO (PE);23;LIMPEZA;2304;LIMPEZA DE LAVANDERIA;;;230401;DETERGENTE PO SACHE PEQ;;;L;OT;UNIDADE;UN;UNIDADE;1,00;FD C/ 36UN;FD;FARDO;36,00;0,21;0,21;34025000.;PREPARACOES TENSOATIVAS,PARA LAVAGEM E LIMPEZA;34025000;03;13;14;13;7898031172574,00;17898031172571,00;7898031172574,00;5200200;5;258;DETERG PO BEM TI VI SUP BRANCO SCH 200G;;253;DETERG PO BEM TI VI LAVANDA SCH 200G;;;;;N;;;;;;;;;;;;;;;;;;FL;;;;;N;;S;;;;;;N;;;;;;;;;;;;;15;FERNANDO FREIRE;453;AMF CONSULTA;453;15/12/1992;27/12/2022 15:13:17;07/05/2025 13:45:02;27/12/2022 15:13:17;09/04/2015;;S;S;N;;C;C;;N;;;1,00;0,50;0,50;0,50;P;0,00;;;1,00;0,00;;0,00;21;;S;0;;;N;N;N;R;0,00;0,00;0,00;0,00;0,00;0,00;0,00;0,00;0,00;0,00;;0,00;0,00;N;N;;S;N;;;N;;;;N;;;;;S;0,00;;;N;N;;;;;N;;;;N;N;;0,00;0,00;;0,00;;0,00;0,00;0,00;0,00;0,00;0,00;0,00;0,00;;;;;;N;;0,00;;;;;;;;;N;N;;N;;;;0,00;N;N;N;;;;;N;;;;;S;S;N;E;;PA;1;1;;1;;0,00;;7,45;;1,00;N;0,00;;;;N;;;;N;;;;0,00;;;;;;;;;16/06/2018;;;;;;N;;;;;N;;;;;;;;;1,00;100,00;;1;;;;V;N;;;;N;;;;;;;;;N;;;;;;;;;N;;;N;OM;;N;N;;;;;N;N;;;0;;;;;;;;;N;;1,00;;U;;;;;N;N;N;0
259;DETERG PO BEM TI VI SUP BRANCO SCH 500G;5;ASA INDUSTRIA E COMERCIO (PE);23;LIMPEZA;2304;LIMPEZA DE LAVANDERIA;;;230402;DETERGENTE PO SACHE MED;;;L;OT;UNIDADE;UN;UNIDADE;1,00;FD C/ 26UN;FD;FARDO;26,00;0,51;0,51;34025000.;PREPARACOES TENSOATIVAS,PARA LAVAGEM E LIMPEZA;34025000;03;13;14;13;7898031172581,00;27898031172585,00;7898031172581,00;5200243;3;254;DETERG PO BEM TI VI LAVANDA SCH 500G;;254;DETERG PO BEM TI VI LAVANDA SCH 500G;;;;;N;;;;;;;;;;;;;;;;;;  ;;;;;N;;S;;;;;;N;;;;;;;;;;;;;15;FERNANDO FREIRE;1275;BRUNO FREIRE DE SOUZA;1275;;23/02/2024 14:22:24;06/06/2025 14:59:51;23/02/2024 14:22:24;09/04/2015;;S;S;N;;C;C;;N;;;1,00;0,50;0,50;0,50;P;0,00;;;3,09;0,00;;0,00;21;;S;0;;;N;N;N;R;0,00;0,00;0,00;0,00;0,00;0,00;0,00;0,00;0,00;0,00;;0,00;0,00;N;N;;S;N;;;N;;;;N;;;;;S;0,00;;;N;N;;;;;N;;;;N;N;;0,00;0,00;;0,00;;0,00;0,00;0,00;0,00;0,00;0,00;0,00;0,00;;;;;;N;;0,00;;;;;;;;;N;N;;N;;;;0,00;N;N;N;;;;;N;;;;;S;S;N;E;;PA;1;1;;1;;0,00;;13,34;;1,00;N;0,00;;;;N;;;;N;;;;0,00;;;;;;;;;;;;;;;N;;20;;;N;;;;;;;;;1,00;100,00;;1;;;;V;N;;;;N;;;;;;;;;N;;;;;;;;;N;;;N;OM;;N;N;;;;N;N;N;;;0;;;;;;;;;N;;1,00;;U;;;;;N;N;N;0
260;DETERG PO BEM TI VI PERF FLORES SCH 200G;5;ASA INDUSTRIA E COMERCIO (PE);23;LIMPEZA;2304;LIMPEZA DE LAVANDERIA;;;230401;DETERGENTE PO SACHE PEQ;;;L;OT;UNIDADE;UN;UNIDADE;1,00;FD C/ 36UN;FD;FARDO;36,00;0,21;0,21;34025000.;PREPARACOES TENSOATIVAS,PARA LAVAGEM E LIMPEZA;34025000;03;13;14;13;7898031171034,00;17898031171034,00;7898031171034,00;5201200;7;260;DETERG PO BEM TI VI PERF FLORES SCH 200G;;253;DETERG PO BEM TI VI LAVANDA SCH 200G;;;;;N;;;;;;;;;;;;;;;;;;FL;;;;;N;;S;;;;;;N;;;;;;;;;;;;;15;FERNANDO FREIRE;453;AMF CONSULTA;453;15/12/1992;27/12/2022 15:13:16;07/05/2025 13:45:02;27/12/2022 15:13:16;09/04/2015;;S;S;N;;C;C;;N;;;1,00;0,50;0,50;0,50;P;0,00;;;1,00;0,00;;0,00;21;;S;0;;;N;N;N;R;0,00;0,00;0,00;0,00;0,00;0,00;0,00;0,00;0,00;0,00;;0,00;0,00;N;N;;S;N;;;N;;;;N;;;;;S;0,00;;;N;N;;;;;N;;;;N;N;;0,00;0,00;;0,00;;0,00;0,00;0,00;0,00;0,00;0,00;0,00;0,00;;;;;;N;;0,00;;;;;;;;;N;N;;N;;;;0,00;N;N;N;;;;;N;;;;;S;S;N;E;;PA;1;1;;1;;0,00;;7,70;;1,00;N;0,00;;;;N;;;;N;;;;0,00;;;;;;;;;08/03/2018;;;;;;N;;;;;N;;;;;;;;;1,00;100,00;;1;;;;V;N;;;;N;;;;;;;;;N;;;;;;;;;N;;;N;OM;;N;N;;;;;N;N;;;0;;;;;;;;;N;;1,00;;U;;;;;N;N;N;0
261;DETERG PO BRILHANTE MULTITEC SCH 500G;33;DN DISTRIBUIDORA E REPRESENTACOES EIRELI  ;23;LIMPEZA;2304;LIMPEZA DE LAVANDERIA;;;230402;DETERGENTE PO SACHE MED;;;L;OT;UNIDADE;UN;UNIDADE;1,00;FD C/ 27UN;FD;FARDO;27,00;0,52;0,52;34025000.;PREPARACOES TENSOATIVAS,PARA LAVAGEM E LIMPEZA;34025000;;13;14;13;7891150016736,00;77891150016735,00;7891150016736,00;8001;5;261;DETERG PO BRILHANTE MULTITEC SCH 500G;;261;DETERG PO BRILHANTE MULTITEC SCH 500G;;;;;N;;;;;;;;;;;;;;;;;;FL;;;;;N;;S;;;;;;N;;;;;;;;;;;;;15;FERNANDO FREIRE;453;AMF CONSULTA;453;15/12/1992;27/12/2022 15:13:16;07/05/2025 13:45:02;27/12/2022 15:13:16;09/04/2015;;S;S;N;;C;A;;N;;;1,00;0,50;0,50;0,50;P;0,00;;;3,59;0,00;;0,00;21;;S;0;;;N;N;N;R;30,36;0,00;0,00;0,00;0,00;0,00;0,00;0,00;0,00;0,00;;0,00;0,00;N;N;;S;N;;;N;;;;N;;;;;S;0,00;;;N;N;;;;;N;;;;N;N;;0,00;0,00;;0,00;;0,00;0,00;0,00;0,00;0,00;0,00;0,00;0,00;;;;;;N;;0,00;;;;;;;;;N;N;;N;;;;30,36;N;N;N;;;;;N;;;;;S;S;N;E;;PA;1;1;;1;;0,00;;13,90;;;N;0,00;;;;N;;;;N;;;;0,00;;;;;;;;;01/11/2018;;;;;;N;;;;;N;;;;;;;;;1,00;100,00;;1;;;;V;N;;;;N;;;;;;;;;N;;;;;;;;;N;;;N;OM;;N;N;;;;;N;N;;;0;;;;;;;;;N;;1,00;;U;;;;;N;N;N;0
27738;PORTA LATA PALITO ISOPLAST;2826;ISOPLAST INDUSTRIA E COMERCIO DE PLASTICOS LTDA;144;BAZAR/DIVERS;1405;UTILIDADES DO LAR;;;140507;UTILIDADES DIVERSAS;;;L;OT;UNIDADE;UN;UNIDADE;1,00;PC C/ 08UN;PC;PACOTE;8,00;0,10;0,10;39249000.;SERVICOS DE MESA, ARTIGOS DE COZINHA, OUTROS ARTIGOS DE USO DOMESTICO E ARTIGOS DE HIGIENE OU DE TOUCADOR, DE PLASTICO.;39249000;;13;0;13;736532492074,00;0,00;736532492074,00;PAMZ0100017TP;4;27738;PORTA LATA PALITO ISOPLAST;;27738;PORTA LATA PALITO ISOPLAST;;;;;N;;;;;;;;;;;;;;;;;;FL;;;;;N;;S;;;;;;N;;;;;;;;;;;;;335;COMPRADOR 13 - RONALDO DIAS;453;AMF CONSULTA;453;16/12/1992;03/03/2023 11:24:30;31/01/2025 10:23:28;03/03/2023 11:24:30;22/04/2022;;S;S;N;;;;;N;;;;0,50;0,50;0,50;P;0,00;;;1,27;0,00;;0,00;28;;N;0;;;N;N;N;R;0,00;0,00;0,00;0,00;0,00;0,00;0,00;0,00;0,00;0,00;;0,00;0,00;N;N;;S;N;;;N;;;;N;;;;;S;0,00;;;N;N;;;;;N;;;;N;N;;0,00;0,00;;0,00;;0,00;0,00;0,00;0,00;0,00;0,00;0,00;0,00;;;;;;N;;0,00;;;;;;;;;N;N;;N;;;;0,00;N;;N;;;;;N;;;;;N;S;N;E;;PA;1;1;;1;;;;;;;N;;;;;N;;;;N;;;;0,00;;;;;;;;;;;;;;;N;;;;;N;;;;;;;;;1,00;1,00;;1;;;;V;N;;;;N;;;;;;;;;;;;;;;;;;N;;;;OM;;N;N;;;;;N;N;;;0;;;;;;;;;N;;1,00;;U;;;;;N;N;N;0
262;DETERG PO OMO MULTIACAO SCH 2KG;2485;UNILEVER BRASIL LTDA - LIMPEZA;23;LIMPEZA;2304;LIMPEZA DE LAVANDERIA;;;230408;DETERGENTE PO CAIXA MED;;;L;OT;UNIDADE;UN;UNIDADE;1,00;FD C/ 07UN;CX;CAIXA;7,00;2,02;2,02;34025000.;PREPARACOES TENSOATIVAS,PARA LAVAGEM E LIMPEZA;34025000;;13;14;13;7891150049765,00;27891150049769,00;7891150049765,00;315854;3;262;DETERG PO OMO MULTIACAO SCH 2KG;;262;DETERG PO OMO MULTIACAO SCH 2KG;;;;;N;;;;;;;;;;;;;;;;;;FL;;;;;N;;S;;;;;;N;;;;;;;;;;;;;15;FERNANDO FREIRE;453;AMF CONSULTA;453;30/01/2020 11:31:41;27/12/2022 15:13:16;07/05/2025 13:45:02;27/12/2022 15:13:16;09/04/2015;;S;S;N;;C;A;;N;;;1,00;0,50;0,50;0,50;P;0,00;;;9,99;0,00;;0,00;21;;S;0;;;N;N;N;R;0,00;0,00;0,00;0,00;0,00;0,00;0,00;0,00;0,00;0,00;;0,00;0,00;N;N;;S;N;;;N;;;;N;;;;;S;0,00;;;N;N;;;;;N;;;;N;N;;0,00;0,00;;0,00;;0,00;0,00;0,00;0,00;0,00;0,00;0,00;0,00;;;;;;N;;0,00;;;;;;;;;N;N;;N;;;;0,00;N;N;N;;;;;N;;;;;S;S;N;E;;PA;1;1;;1;;0,00;;14,13;;1,00;N;0,00;;;;N;;;;N;;;;0,00;;;;;;;;;27/08/2018;;;;;;N;;;;;N;;;;;;;;;1,00;100,00;;1;;;;V;N;;;;N;;;;;;;;;N;;;;;;;;;N;;;N;OM;;N;N;;;;;N;N;;;0;;;;;;;;;N;;1,00;;U;;;;;N;N;N;0
263;DETERG PO PRINCESA DO PARA FLO SCH 500G;1;DISTRIBUIDORA FREITAS LOPES LTDA;23;LIMPEZA;2304;LIMPEZA DE LAVANDERIA;;;230402;DETERGENTE PO SACHE MED;;;L;OT;UNIDADE;UN;UNIDADE;1,00;FD C/ 20UN;FD;FARDO;20,00;0,53;0,53;34022000.;"NCM INEXISTENTE (ALTERAR 34025000)
";34022000;;13;14;13;7898301962294,00;17898301962294,00;7898301962294,00;263;1;263;DETERG PO PRINCESA DO PARA FLO SCH 500G;;263;DETERG PO PRINCESA DO PARA FLO SCH 500G;;;;;N;;;;;;;;;;;;;;;;;;FL;;;;;N;;S;;;;;;N;;;;;;;;;;;;;15;FERNANDO FREIRE;453;AMF CONSULTA;453;22/07/2021 15:51:19;27/12/2022 15:13:16;07/05/2025 13:45:02;27/12/2022 15:13:16;09/04/2015;;S;S;N;;C;C;;N;;;1,00;0,50;0,50;0,50;P;0,00;;;1,14;0,00;;0,00;21;;S;0;;;N;N;N;R;0,00;0,00;0,00;0,00;0,00;0,00;0,00;0,00;0,00;0,00;;0,00;0,00;N;N;;S;N;;;N;;;;N;;;;;S;0,00;;;N;N;;;;;N;;;;N;N;;0,00;0,00;;0,00;;0,00;0,00;0,00;5,00;0,00;0,00;0,00;0,00;;;;;;N;;0,00;;;;;;;;;N;N;;N;;;;0,00;N;N;N;;;;;N;;;;;S;S;N;E;;PA;1;1;;1;;0,00;;10,48;;;N;0,00;;;;N;;;;N;;;;0,00;;;;;;;;;04/10/2018;;;;;;N;;;;;N;;;;;;;;;1,00;100,00;;1;;;;V;N;;;;N;;;;;;;;;N;;;;;;;;;N;;;N;OM;;N;N;;;;;N;N;;;0;;;;;;;;;N;;1,00;;U;;;;;N;N;N;0
264;DETERG PO PRINCESA DO PARA LAV SCH 500G;1;DISTRIBUIDORA FREITAS LOPES LTDA;23;LIMPEZA;2304;LIMPEZA DE LAVANDERIA;;;230402;DETERGENTE PO SACHE MED;;;L;OT;UNIDADE;UN;UNIDADE;1,00;FD C/ 20UN;FD;FARDO;20,00;0,53;0,53;34025000.;PREPARACOES TENSOATIVAS,PARA LAVAGEM E LIMPEZA;34025000;;13;14;13;7898301962287,00;17898301962287,00;7898301962287,00;264;0;264;DETERG PO PRINCESA DO PARA LAV SCH 500G;;263;DETERG PO PRINCESA DO PARA FLO SCH 500G;;;;;N;;;;;;;;;;;;;;;;;;FL;;;;;N;;S;;;;;;N;;;;;;;;;;;;;15;FERNANDO FREIRE;453;AMF CONSULTA;453;16/12/1992;04/07/2023 09:26:38;07/05/2025 13:45:02;27/12/2022 15:13:16;09/04/2015;;S;S;N;;C;C;;N;;;1,00;0,50;0,50;0,50;P;0,00;;;1,14;0,00;;0,00;21;;S;0;;;N;N;N;R;0,00;0,00;0,00;0,00;0,00;0,00;0,00;0,00;0,00;0,00;;0,00;0,00;N;N;;S;N;;;N;;;;N;;;;;S;0,00;;;N;N;;;;;N;;;;N;N;;0,00;0,00;;0,00;;0,00;0,00;0,00;5,00;0,00;0,00;0,00;0,00;;;;;;N;;0,00;;;;;;;;;N;N;;N;;;;0,00;N;N;N;;;;;N;;;;;S;S;N;E;;PA;1;1;;1;;0,00;;10,32;;;N;0,00;;;;N;;;;N;;;;0,00;;;;;;;;;;;;;;;N;;;;;N;;;;;;;;;1,00;100,00;;1;;;;V;N;;;;N;;;;;;;;;N;;;;;;;;;N;;;N;OM;;N;N;;;;;N;N;;;0;;;;;;;;;N;;1,00;;U;;;;;N;N;N;0
265;DETERG PO TIXAN YPE FLOR E COR SCH 500G;2724;QUIMICA AMPARO LTDA;23;LIMPEZA;2304;LIMPEZA DE LAVANDERIA;;;230402;DETERGENTE PO SACHE MED;;;L;OT;UNIDADE;UN;UNIDADE;1,00;FD C/ 24UN;FD;FARDO;24,00;0,51;0,51;34022000.;"NCM INEXISTENTE (ALTERAR 34025000)
";34022000;;13;14;13;7896098905821,00;17896098905821,00;7896098905821,00;38.0565;8;265;DETERG PO TIXAN YPE FLOR E COR SCH 500G;;265;DETERG PO TIXAN YPE FLOR E COR SCH 500G;;;;;N;;;;;;;;;;;;;;;;;;FL;;;;;N;;S;;;;;;N;;;;;;;;;;;;;15;FERNANDO FREIRE;453;AMF CONSULTA;453;08/04/2016;27/12/2022 15:13:16;07/05/2025 13:45:02;27/12/2022 15:13:16;09/04/2015;;S;S;N;;C;B;;N;;;1,00;0,50;0,50;0,50;P;0,00;;;1,98;0,00;;0,00;21;;S;0;;;N;N;N;R;0,00;0,00;0,00;0,00;0,00;0,00;0,00;0,00;0,00;0,00;;0,00;0,00;N;N;;S;N;;;N;;;;N;;;;;S;0,00;;;N;N;;;;;N;;;;N;N;;0,00;0,00;;0,00;;0,00;0,00;0,00;5,00;0,00;0,00;0,00;0,00;;;;;;N;;0,00;;;;;;;;;N;N;;N;;;;0,00;N;N;N;;;;;N;;;;;S;S;N;E;;PA;1;1;;1;;0,00;;13,71;;;N;0,00;;;;N;;;;N;;;;;;;;;;;;;;;;;;;N;;;;;N;;;;;;;;;1,00;100,00;;1;;;;V;N;;;;N;;;;;;;;;N;;;;;;;;;N;;;N;OM;;N;N;;;;;N;N;;;0;;;;;;;;;N;;1,00;;U;;;;;N;N;N;0
266;DETERG PO TIXAN YPE SENSACOES SCH 500G;2724;QUIMICA AMPARO LTDA;23;LIMPEZA;2304;LIMPEZA DE LAVANDERIA;;;230402;DETERGENTE PO SACHE MED;;;L;OT;UNIDADE;UN;UNIDADE;1,00;FD C/ 24UN;FD;FARDO;24,00;0,51;0,51;34025000.;PREPARACOES TENSOATIVAS,PARA LAVAGEM E LIMPEZA;34025000;;13;14;13;7896098906729,00;17896098906726,00;7896098906729,00;38.0564;6;266;DETERG PO TIXAN YPE SENSACOES SCH 500G;;267;DETERG PO TIXAN YPE MACIEZ SCH 500G;;;;;N;;;;;;;;;;;;;;;;;;FL;;;;;N;;S;;;;;;N;;;;;;;;;;;;;15;FERNANDO FREIRE;453;AMF CONSULTA;453;15/12/1992;27/12/2022 15:13:16;07/05/2025 13:45:02;27/12/2022 15:13:16;09/04/2015;;S;S;N;;C;A;;N;;;1,00;0,50;0,50;0,50;P;0,00;;;3,15;0,00;;0,00;21;;S;0;;;N;N;N;R;32,38;0,00;0,00;0,00;0,00;0,00;0,00;0,00;0,00;0,00;;0,00;0,00;N;N;;S;N;;;N;;;;N;;;;;S;0,00;;;N;N;;;;;N;;;;N;N;;0,00;0,00;;0,00;;0,00;0,00;0,00;0,00;0,00;0,00;0,00;0,00;;;;;;N;;0,00;;;;;;;;;N;N;;N;;;;32,38;N;N;N;;;;;N;;;;;S;S;N;E;;PA;1;1;1,00;1;;0,00;;13,71;;1,00;N;0,00;;;;N;;;;N;;;;0,00;;;;;;;;;;;;;;;N;;;;;N;1,00;;;;;;;;1,00;1,00;;1;1;;;V;N;;;;N;;;;;;;;;N;;;;;;;;;N;;;N;OM;;N;N;;;;;N;N;;;0;;;;;;;;;N;;1,00;;U;;;;;N;N;N;0
30547;FARIN TAPIOCA TIA NENA 100GR;3123;DNL DISTRIBUIDORA DE ALIMENTOS LTDA ;20;FARINACEO;2005;GOMA  DE MANDIOCA;;;200501;GOMA DE MANDIOCA;;;L;OT;1UNX100GR;KG;KILOGRAMA;1,00;FD C/ 45UN;FD;FARDO;45,00;50,14;50,14;19030000.;TAPIOCA,SEUS SUCEDANEOS,DE FECULAS,EM FLOCOS,GRUMOS,ETC;19030000;;13;14;13;7898961944104,00;0,00;7898961944104,00;;2;30547;FARIN TAPIOCA TIA NENA 100GR;;30547;FARIN TAPIOCA TIA NENA 100GR;;;;;S;;;;;;;;;;;;;;;;2;DISTRIBUIDORA FREITAS LOPES (LA BODEGA);  ;;;;;N;;S;;;;;;N;;;;;;;;;;;;;150;NAYRON ARAUJO RODRIGUES DOS SANTOS;150;NAYRON ARAUJO RODRIGUES DOS SANTOS;453;;11/04/2023 15:16:45;06/06/2025 14:59:51;09/12/2022 16:27:27;11/04/2023;;S;S;S;;C;A;;N;;;1,00;0,50;0,50;0,50;P;0,00;;;1,76;0,00;;0,00;21;;S;0;;;N;N;N;R;0,00;0,00;0,00;0,00;0,00;0,00;0,00;0,00;0,00;0,00;;0,00;0,00;N;N;;S;N;;;N;;;;N;;;;;S;0,00;;;N;N;;;;;N;;;;N;N;;0,00;0,00;;0,00;;0,00;0,00;0,00;0,00;0,00;0,00;0,00;0,00;;;;;;N;;0,00;;;;;;;;;N;N;;N;;;;0,00;N;N;N;;;;;N;;;;;N;S;N;E;;PA;1;1;1,00;1;;0,06;;14,20;;1,00;N;0,00;;;;N;;;;N;;;;0,00;;;;;;;;;08/09/2030;;;;;;N;;20;;;N;1,00;;;;;;;;1,00;1,00;;1;1;;;V;N;;;;N;;;;;;;;;N;;;;;;;;;N;;;N;OM;;N;N;;;;;N;N;;;0;;;;;;;;;N;;1,00;;U;;;2;;N;N;N;0
267;DETERG PO TIXAN YPE MACIEZ SCH 500G;2724;QUIMICA AMPARO LTDA;23;LIMPEZA;2304;LIMPEZA DE LAVANDERIA;;;230402;DETERGENTE PO SACHE MED;;;L;OT;UNIDADE;UN;UNIDADE;1,00;FD C/ 24UN;FD;FARDO;24,00;0,53;0,53;34025000.;PREPARACOES TENSOATIVAS,PARA LAVAGEM E LIMPEZA;34025000;;13;14;13;7896098901748,00;17896098901748,00;7896098901748,00;38.0563;4;267;DETERG PO TIXAN YPE MACIEZ SCH 500G;;267;DETERG PO TIXAN YPE MACIEZ SCH 500G;;;;;N;;;;;;;;;;;;;;;;;;FL;;;;;N;;S;;;;;;N;;;;;;;;;;;;;15;FERNANDO FREIRE;453;AMF CONSULTA;453;15/12/1992;27/12/2022 15:14:09;07/05/2025 13:45:02;27/12/2022 15:14:09;09/04/2015;;S;S;N;;C;A;;N;;;1,00;0,50;0,50;0,50;P;0,00;;;3,58;0,00;;0,00;21;;S;0;;;N;N;N;R;0,00;0,00;0,00;0,00;0,00;0,00;0,00;0,00;0,00;0,00;;0,00;0,00;N;N;;S;N;;;N;;;;N;;;;;S;0,00;;;N;N;;;;;N;;;;N;N;;0,00;0,00;;0,00;;0,00;0,00;0,00;0,00;0,00;0,00;0,00;0,00;;;;;;N;;0,00;;;;;;;;;N;N;;N;;;;0,00;N;N;N;;;;;N;;;;;S;S;N;E;;PA;1;1;;1;;0,00;;13,71;;1,00;N;0,00;;;;N;;;;N;;;;0,00;;;;;;;;;01/12/2018;;;;;;N;;;;;N;;;;;;;;;1,00;100,00;;1;;;;V;N;;;;N;;;;;;;;;N;;;;;;;;;N;;;N;OM;;N;N;;;;;N;N;;;0;;;;;;;;;N;;1,00;;U;;;;;N;N;N;0
268;DETERG PO TIXAN YPE PRIMAVERA SCH 500G;2724;QUIMICA AMPARO LTDA;23;LIMPEZA;2304;LIMPEZA DE LAVANDERIA;;;230402;DETERGENTE PO SACHE MED;;;L;OT;UNIDADE;UN;UNIDADE;1,00;FD C/ 24UN;FD;FARDO;24,00;0,53;0,53;34025000.;PREPARACOES TENSOATIVAS,PARA LAVAGEM E LIMPEZA;34025000;;13;14;13;7896098908716,00;17896098908716,00;7896098908716,00;38.0501;2;268;DETERG PO TIXAN YPE PRIMAVERA SCH 500G;;267;DETERG PO TIXAN YPE MACIEZ SCH 500G;;;;;N;;;;;;;;;;;;;;;;;;  ;;;;;N;;S;;;;;;N;;;;;;;;;;;;;15;FERNANDO FREIRE;1275;BRUNO FREIRE DE SOUZA;1275;;11/03/2024 11:05:44;06/06/2025 14:59:51;11/03/2024 11:05:44;09/04/2015;;S;S;N;;B;A;;N;;;1,00;0,50;0,50;0,50;P;0,00;;;3,52;0,00;;0,00;21;;S;0;;;N;N;N;R;0,00;0,00;0,00;0,00;0,00;0,00;0,00;0,00;0,00;0,00;;0,00;0,00;N;N;;S;N;;;N;;;;N;;;;;S;0,00;;;N;N;;;;;N;;;;N;N;;0,00;0,00;;0,00;;0,00;0,00;0,00;0,00;0,00;0,00;0,00;0,00;;;;;;N;;0,00;;;;;;;;;N;N;;N;;;;0,00;N;N;N;;;;;N;;;;;S;S;N;E;;PA;1;1;;1;;0,00;;12,71;;1,00;N;0,00;;;;N;;;;N;;;;0,00;;;;;;;;;01/11/2018;;;;;;N;;20;;;N;;;;;;;;;1,00;100,00;;1;;;;V;N;;;;N;;;;;;;;;N;;;;;;;;;N;;;N;OM;;N;N;;;;N;N;N;;;0;;;;;;;;;N;;1,00;;U;;;;;N;N;N;0
269;DOCE LEITE ITAMBE TRAD 395G;59;ITAMBE ALIMENTOS S/A;19;DOCERIA;1904;DOCE DE LEITE;;;190401;DOCE DE LEITE;;;L;OT;UNIDADE;UN;UNIDADE;1,00;CX C/ 24UN;CX;CAIXA;24,00;0,45;0,45;19019020.;"DOCE DE LEITE
";19019020;;13;14;13;7896051145646,00;17896051145643,00;7896051145646,00;600608-058;0;269;DOCE LEITE ITAMBE TRAD 395G;;269;DOCE LEITE ITAMBE TRAD 395G;;;;;N;;;;;;;;;;;;;;;;;;FL;;;;;N;;S;;;;;;N;;;;;;;;;;;;;15;FERNANDO FREIRE;453;AMF CONSULTA;453;15/12/1992;27/12/2022 15:10:01;07/05/2025 13:45:02;27/12/2022 15:10:01;09/04/2015;;S;S;N;;C;C;;N;;;1,00;0,50;0,50;0,50;P;0,00;;;4,31;0,00;;0,00;21;;S;0;;;N;N;N;R;0,00;0,00;0,00;0,00;0,00;0,00;0,00;0,00;0,00;0,00;;0,00;0,00;N;N;;S;N;;;N;;;;N;;;;;S;0,00;;;N;N;;;;;N;;;;N;N;;0,00;0,00;;0,00;;0,00;0,00;0,00;0,00;0,00;0,00;0,00;0,00;;;;;;N;;0,00;;;;;;;;;N;N;;N;;;;0,00;N;N;N;;;;;N;;;;;S;S;N;E;;PA;1;1;;1;;0,00;;10,80;;;N;0,00;;;;N;;;;N;;;;0,00;;;;;;;;;;;;;;;N;;;;;N;;;;;;;;;1,00;100,00;;1;;;;V;N;;;;N;;;;;;;;;N;;;;;;;;;N;;;N;OM;;N;N;;;;;N;N;;;0;;;;;;;;;N;;1,00;;U;;;;;N;N;N;0
270;ERVILHA BONDUELLE LT 200G;33;DN DISTRIBUIDORA E REPRESENTACOES EIRELI  ;28;SALADA FRIA;2801;ERVILHA;;;280101;ERVILHA;;;L;OT;UNIDADE;UN;UNIDADE;1,00;CX C/ 24UN;CX;CAIXA;24,00;0,37;0,37;20054000.;"ERVILHAS PREPARADAS OU CONSERVADAS,NAO CONGELADAS
";20054000;;13;14;13;3083681003437,00;3083681080933,00;3083681003437,00;60999;4;270;ERVILHA BONDUELLE LT 200G;;270;ERVILHA BONDUELLE LT 200G;;;;;N;;;;;;;;;;;;;;;;;;FL;;;;;N;;S;;;;;;N;;;;;;;;;;;;;15;FERNANDO FREIRE;453;AMF CONSULTA;453;15/12/1992;28/11/2022 18:42:12;07/05/2025 13:45:03;28/11/2022 18:42:12;09/04/2015;;S;S;N;;C;C;;N;;;1,00;0,50;0,50;0,50;P;0,00;;;1,70;0,00;;0,00;21;;S;0;;;N;N;N;R;38,82;0,00;0,00;0,00;0,00;0,00;0,00;0,00;0,00;0,00;;0,00;0,00;N;N;;S;N;;;N;;;;N;;;;;S;0,00;;;N;N;;;;;N;;;;N;N;;0,00;0,00;;0,00;;0,00;0,00;0,00;0,00;0,00;0,00;0,00;0,00;;;;;;N;;0,00;;;;;;;;;N;N;;N;;;;38,82;N;N;N;;;;;N;;;;;S;S;N;E;;PA;1;1;;1;;0,00;;8,88;;;N;0,00;;;;N;;;;N;;;;0,00;;;;;;;;;01/08/2017;;;;;;N;;;;;N;;;;;;;;;1,00;100,00;;1;;;;V;N;;;;N;;;;;;;;;N;;;;;;;;;N;;;N;OM;;N;N;;;;;N;N;;;0;;;;;;;;;N;;1,00;;U;;;;;N;N;N;0
271;ERVILHA E CENOURA QUERO LT 170G;81;MARQUES & MELO LTDA;28;SALADA FRIA;2804;DUETO;215;QUERO;280401;DUETO;;;L;OT;UNIDADE;UN;UNIDADE;1,00;CX C/ 24UN;CX;CAIXA;24,00;0,37;0,37;20059900.;"OUTS.PRODS.HORTICOLAS PREPARS/CONSERVS.N/CONGELADOS
";20059900;;13;0;13;7896102500622,00;17896102500629,00;7896102500622,00;271;2;271;ERVILHA E CENOURA QUERO LT 170G;;271;ERVILHA E CENOURA QUERO LT 170G;;;;;N;;;;;;;;;;;;;;;;;;  ;;;;;N;;S;;;;;;N;;;;;;;;;;;;;15;FERNANDO FREIRE;265;GILBERTO PINHEIRO GUIMARAES;103;;21/03/2023 16:31:53;06/06/2025 14:59:51;21/03/2023 16:31:53;09/04/2015;;S;S;N;;C;C;;N;;;1,00;0,50;0,50;0,50;P;0,00;;;3,48;0,00;;0,00;21;;S;0;;;N;N;N;R;0,00;0,00;0,00;0,00;0,00;0,00;0,00;0,00;0,00;0,00;;0,00;0,00;N;N;;S;N;;;N;;;;N;;;;;S;0,00;;;N;N;;;;;N;;;;N;N;;0,00;0,00;;0,00;;0,00;0,00;0,00;0,00;0,00;0,00;0,00;0,00;;;;;;N;;0,00;;;;;;;;;N;N;;N;;;;0,00;N;N;N;;;;;N;;;;;S;S;N;E;;PA;1;1;;1;;0,00;;8,88;;1,00;N;0,00;;;;N;;;;N;;;;0,00;;;;;;;;;01/08/2018;;;;;;N;;20;;;N;;;;;;;;;1,00;100,00;;1;;;;V;N;;;;N;;;;;;;;;N;;;;;;;;;N;;;N;OM;;N;N;;;;;N;N;;;0;;;;;;;;;N;;1,00;;U;;;;;N;N;N;0
5169;ACUCAR NATUQUALY MASCAVO 500G;133;MARIZA IND E COM DE AMAZONIA LTDA;19;DOCERIA;1901;ACUCAR;340;ACUCAR;190105;ACUCAR DEMERARA;;;L;OT;1UNX500GR;UN;UNIDADE;1,00;20X500GR;FD;FARDO;20,00;1,05;1,05;17011400.1;(ST)OUTROS ACUCARES D/CANA BRUTO S/AROMAT./CORANTES ;17011400;01;13;14;13;7896369616432,00;37896369616433,00;7896369616432,00;1643;5;5169;ACUCAR NATUQUALY MASCAVO 500G;;5169;ACUCAR NATUQUALY MASCAVO 500G;;;;;N;;;;;;;;;;;;;;;;;;FL;;;;;N;;S;;;;;;N;;;;;;;;;;;;;1701;LETICIA MARIA DA SILVA;453;AMF CONSULTA;453;15/12/1992;14/10/2022 11:24:51;07/05/2025 13:45:03;14/10/2022 11:24:51;07/02/2019;;S;S;N;;C;C;;N;;;;0,50;0,50;0,50;P;0,00;;;3,67;0,00;;0,00;28;;N;0;;;N;N;N;R;0,00;0,00;0,00;0,00;0,00;0,00;0,00;0,00;0,00;0,00;;0,00;0,00;N;N;;S;N;;;N;;;;N;;;;;S;0,00;;;N;N;;;;;S;;;;N;N;;0,00;0,00;;0,00;;0,00;0,00;0,00;0,00;0,00;0,00;0,00;0,00;;;;;;N;;0,00;;;;;;;;;N;N;;N;;;;0,00;N;;N;;;;;N;;;;;S;S;N;E;;PA;1;1;;1;;0,00;;10,14;;1,00;N;;;;;N;;;;N;;;;0,00;;;;;;;;;01/09/2017;;;;;;N;;;;;N;;;;;;;;;1,00;1,00;;1;;;;V;N;;;;N;;;;;;;;;;;;;;;;;;N;;;;OM;;N;N;;;;;N;N;;;0;;;;;;;;;N;;1,00;;U;;;;;N;N;N;0
272;ERVILHA E MILHO BONDUELLE LT 200G;33;DN DISTRIBUIDORA E REPRESENTACOES EIRELI  ;28;SALADA FRIA;2804;DUETO;;;280401;DUETO;;;L;OT;UNIDADE;UN;UNIDADE;1,00;CX C/ 24UN;CX;CAIXA;24,00;0,37;0,37;20049000.;OUTS.PROD.HORT.? CONS.VIN./AC. ACETICO,CONG. ;20049000;;13;0;13;3083681015652,00;0,00;3083681015652,00;272;0;272;ERVILHA E MILHO BONDUELLE LT 200G;;272;ERVILHA E MILHO BONDUELLE LT 200G;;;;;N;;;;;;;;;;;;;;;;;;FL;;;;;N;;S;;;;;;N;;;;;;;;;;;;;15;FERNANDO FREIRE;453;AMF CONSULTA;453;22/06/2022 18:15:03;28/11/2022 18:43:15;07/05/2025 13:45:03;28/11/2022 18:43:15;09/04/2015;;S;S;N;;C;C;;N;;;1,00;0,50;0,50;0,50;P;0,00;;;1,70;0,00;;0,00;21;;S;0;;;N;N;N;R;26,47;0,00;0,00;0,00;0,00;0,00;0,00;0,00;0,00;0,00;;0,00;0,00;N;N;;S;N;;;N;;;;N;;;;;S;0,00;;;N;N;;;;;N;;;;N;N;;0,00;0,00;;0,00;;0,00;0,00;0,00;0,00;0,00;0,00;0,00;0,00;;;;;;N;;0,00;;;;;;;;;N;N;;N;;;;26,47;N;N;N;;;;;N;;;;;S;S;N;E;;PA;1;1;;1;;0,00;;8,88;;1,00;N;0,00;;;;N;;;;N;;;;0,00;;;;;;;;;01/04/2019;;;;;;N;;;;;N;;;;;;;;;1,00;100,00;;1;;;;V;N;;;;N;;;;;;;;;N;;;;;;;;;N;;;N;OM;;N;N;;;;;N;N;;;0;;;;;;;;;N;;1,00;;U;;;;;N;N;N;0
273;ERVILHA E MILHO GOIAS VERDE LT 200G;45;GOIAS VERDE ALIMENTOS LTDA;28;SALADA FRIA;2804;DUETO;;;280401;DUETO;;;L;OT;UNIDADE;UN;UNIDADE;1,00;CX C/ 24UN;CX;CAIXA;24,00;0,37;0,37;20059900.;"OUTS.PRODS.HORTICOLAS PREPARS/CONSERVS.N/CONGELADOS
";20059900;;13;14;13;7898905153036,00;57898905153031,00;7898905153036,00;273;9;273;ERVILHA E MILHO GOIAS VERDE LT 200G;;273;ERVILHA E MILHO GOIAS VERDE LT 200G;;;;;N;;;;;;;;;;;;;;;;1;DISTRIBUIDORA FREITAS LOPES LTDA;FL;;;;;N;;S;;;;;;N;;;;;;;;;;;;;15;FERNANDO FREIRE;453;AMF CONSULTA;453;15/12/1992;29/11/2022 14:53:56;07/05/2025 13:45:03;29/11/2022 14:53:56;09/04/2015;;S;S;N;;C;C;;N;;;1,00;0,50;0,50;0,50;P;0,00;;;1,08;0,00;;0,00;21;;S;0;;;N;N;N;R;0,00;0,00;0,00;0,00;0,00;0,00;0,00;0,00;0,00;0,00;;0,00;0,00;N;N;;S;N;;;N;;;;N;;;;;S;0,00;;;N;N;;;;;N;;;;N;N;;0,00;0,00;;0,00;;0,00;0,00;0,00;0,00;0,00;0,00;0,00;0,00;;;;;;N;;0,00;;;;;;;;;N;N;;N;;;;0,00;N;N;N;;;;;N;;;;;S;S;N;E;;PA;1;1;;1;;0,00;;8,88;;;N;0,00;;;;N;;;;N;;;;0,00;;;;;;;;;;;;;;;N;;;;;N;;;;;;;;;1,00;100,00;;1;;;;V;N;;;;N;;;;;;;;;N;;;;;;;;;N;;;N;OM;;N;N;;;;;N;N;;;0;;;;;;;;;N;;1,00;;U;;;1;;N;N;N;0
309;FEIJAO CONDE CAVALO T2 1KG;1;DISTRIBUIDORA FREITAS LOPES LTDA;12;INDUSTRIA PRINCESA PA;1204;FEIJAO PRINCESA DO PARA;343;FEIJAO;120402;FEIJAO CAVALO T2 PRINCESA DO PARA;;;L;OT;PACOTE;KG;KILOGRAMA;1,00;FD C/ 30UN;FD;FARDO;30,00;1,00;1,00;07133190.;"OUTROS FEIJOES (VIGNA MUNGO OU RADIATA),SECOS,EM GRAOS
";07133190;;13;14;13;7897962900010,00;17897962900010,00;7897962900010,00;309;3;309;FEIJAO CONDE CAVALO T2 1KG;;309;FEIJAO CONDE CAVALO T2 1KG;;;;;S;;FEIJAO CAVALO T-2 CONDE/ CERT .PA - 0095Z N? 7100 LOTE0228/CERT.PA - 0095Z N? 7263 LOTE 229;;;;;;;;;;;;;;;;FL;;;;;N;;N;;;;;;N;;;;;;;;;;;;;15;FERNANDO FREIRE;453;AMF CONSULTA;453;23/11/2018;07/12/2022 17:49:30;07/05/2025 13:45:03;07/12/2022 17:49:30;06/04/2015;;S;N;N;;C;B;;N;;;1,00;0,50;0,50;0,50;P;0,00;;;0,00;0,00;;0,00;21;;S;0;;;N;N;N;R;0,00;0,00;0,00;0,00;0,00;0,00;0,00;0,00;0,00;0,00;;0,00;0,00;N;N;;S;N;;;N;;;;N;;;;;S;0,00;;;N;N;;;;;S;;;;N;N;;0,00;0,00;;0,00;;0,00;0,00;0,00;0,00;0,00;0,00;0,00;0,00;;;;;;N;;0,00;;;;;;;;;N;N;;N;;;;;N;N;N;;;;;N;;;;;N;S;N;E;;PA;1;1;1,00;1;;0,00;;30,12;;;N;0,00;;;;N;;;;N;;;;;;;;;;;;;13/09/2017;;;;;;N;;;;;N;1,00;;;;;;;;1,00;1,00;;1;1;;;V;N;;;;N;;;;;;;;;N;;;;;;;;;N;;;N;OM;;N;N;;;;;N;N;;;0;;;;;;;;;N;;1,00;;U;;;;;N;N;N;0
310;FEIJAO CONDE COLONIA T2 1KG;1;DISTRIBUIDORA FREITAS LOPES LTDA;12;INDUSTRIA PRINCESA PA;1204;FEIJAO PRINCESA DO PARA;343;FEIJAO;120408;FEIJAO COLONIA T2 PRINCESA DO PARA;;;L;OT;PACOTE;KG;KILOGRAMA;1,00;FD C/ 30UN;FD;FARDO;30,00;1,01;1,01;07133190.;"OUTROS FEIJOES (VIGNA MUNGO OU RADIATA),SECOS,EM GRAOS
";07133190;;13;14;13;7897962903790,00;17897962903790,00;7897962903790,00;310;7;310;FEIJAO CONDE COLONIA T2 1KG;;310;FEIJAO CONDE COLONIA T2 1KG;;;;;S;;FEIJAO COLONIA CONDE T-2/CERT.PA-0095Z N? 7530 LOTE 206/CERT..PA-0095Z N? 7622 LOTE 207;;;;;;;;;;;;;;;;FL;;;;;N;;N;;;;;;N;;;;;;;;;;;;;15;FERNANDO FREIRE;453;AMF CONSULTA;453;23/11/2018;07/12/2022 17:49:31;07/05/2025 13:45:03;07/12/2022 17:49:31;06/04/2015;;S;N;N;;C;A;;N;;;1,00;0,50;0,50;0,50;P;0,00;;;2,23;0,00;;0,00;21;;S;0;;;N;N;N;R;0,00;0,00;0,00;0,00;0,00;0,00;0,00;0,00;0,00;0,00;;0,00;0,00;N;N;;S;N;;;N;;;;N;;;;;S;0,00;;;N;N;;;;;S;;;;N;N;;0,00;0,00;;0,00;;0,00;0,00;0,00;0,00;0,00;0,00;0,00;0,00;;;;;;N;;0,00;;;;;;;;;N;N;;N;;;;0,00;N;N;N;;;;;N;;;;;N;S;N;E;;PA;1;1;1,00;1;;0,00;;30,26;;;N;0,00;;;;N;;;;N;;;;;;;;;;;;;11/05/2017;;;;;;N;;;;;N;1,00;;;;;;;;1,00;1,00;;1;1;;;V;N;;;;N;;;;;;;;;N;;;;;;;;;N;;;N;OM;;N;N;;;;;N;N;;;0;;;;;;;;;N;;1,00;;U;;;;;N;N;N;0
311;FEIJAO CONDE PRETO T1 1KG;1;DISTRIBUIDORA FREITAS LOPES LTDA;12;INDUSTRIA PRINCESA PA;1204;FEIJAO PRINCESA DO PARA;343;FEIJAO;120405;FEIJAO PRETO T1 PRINCESA DO PARA;;;L;OT;PACOTE;KG;KILOGRAMA;1,00;FD C/ 30UN;FD;FARDO;30,00;1,01;1,01;07133319.;"OUTROS FEIJOES COMUNS,PRETOS,SECOS,EM GRAOS
";07133319;;13;14;13;7897962901819,00;17897962901819,00;7897962901819,00;311;5;311;FEIJAO CONDE PRETO T1 1KG;;311;FEIJAO CONDE PRETO T1 1KG;;;;;S;;FEIJAO CONDE PRETO T1-1/CERT.PA-0095Z N? 7949 LOTE 148/CERT.PA-0095Z N? 8036 LOTE 149;;;;;;;;;;;;;;;;FL;;;;;N;;N;;;;;;N;;;;;;;;;;;;;15;FERNANDO FREIRE;453;AMF CONSULTA;453;14/03/2019;07/12/2022 17:49:31;07/05/2025 13:45:03;07/12/2022 17:49:31;06/04/2015;;S;S;N;;C;A;;N;;;1,00;0,50;0,50;0,50;P;0,00;;;3,97;0,00;;0,00;21;;S;0;;;N;N;N;R;0,00;0,00;0,00;0,00;0,00;0,00;0,00;0,00;0,00;0,00;;0,00;0,00;N;N;;S;N;;;N;;;;N;;;;;S;0,00;;;N;N;;;;;S;;;;N;N;;0,00;0,00;;0,00;;0,00;0,00;0,00;0,00;0,00;0,00;0,00;0,00;;;;;;N;;0,00;;;;;;;;;N;N;;N;;;;0,00;N;N;N;;;;;N;;;;;S;S;N;E;;PA;1;1;1,00;1;;0,00;;30,26;;;N;0,00;;;;N;;;;N;;;;;;;;;;;;;06/04/2017;;;;;;N;;;;;N;1,00;;;;;;;;1,00;1,00;;1;1;;;V;N;;;;N;;;;;;;;;N;;;;;;;;;N;;;N;OM;;N;N;;;;;N;N;;;0;;;;;;;;;N;;1,00;;U;;;;;N;N;N;0
5170;BATATA OND MARIZA BREAKS NATURAL 45G;133;MARIZA IND E COM DE AMAZONIA LTDA;22;LANCHE;2203;BATATAS;16;MARIZA;220301;BATATA ONDULADA PEQ;;;L;OT;1UNX45GR;UN;UNIDADE;1,00;24X45GR;CX;CAIXA;24,00;0,07;0,07;20052000.;"BATATAS PREPARADAS OU CONSERVADAS,NAO CONGELADAS
";20052000;;13;14;13;7896369614186,00;37896369613920,00;7896369614186,00;1392;1;5170;BATATA OND MARIZA BREAKS NATURAL 45G;;5170;BATATA OND MARIZA BREAKS NATURAL 45G;;;;;N;;;;;;;;;;;;;;;P:\IMAGENS PRODUTOS\5170.PNG;;;  ;;;;;N;;S;;;;;;N;;;;;;;;;;;;;1701;LETICIA MARIA DA SILVA;107;MARCOS ANTONIO ESPINDOLA FRANCA;156;;11/11/2023 10:50:22;06/06/2025 14:59:51;11/11/2023 10:50:22;07/02/2019;;S;S;N;;B;C;;N;;;;0,50;0,50;0,50;P;0,00;;;1,97;0,00;;0,00;28;;S;0;;;N;N;N;R;0,00;0,00;0,00;0,00;0,00;0,00;0,00;0,00;0,00;0,00;;0,00;0,00;N;N;;S;N;;;N;;;;N;;;;;S;0,00;;;N;N;;;;;N;;;;N;N;;0,00;0,00;;0,00;;0,00;0,00;0,00;0,00;0,00;0,00;0,00;0,00;;;;;;N;;0,00;;;;;;;;;N;N;;N;;;;0,00;N;;N;;;;;N;;;;;S;S;N;E;;PA;1;1;;1;;0,00;;1,56;;1,00;N;;;;;N;;;;N;;;;0,00;;;;;;;;;30/04/2017;;;;;;N;;20;;;N;;;;;;;;;1,00;1,00;;1;;;;V;N;;;;N;;;;;;;;;;;;;;;;;;N;;;;OM;;N;N;;;;N;N;N;;;0;;;;;;;;;N;;1,00;;U;;;;;N;N;N;0
5171;AVEIA NATUQUALY FLOCOS SCH 250G;133;MARIZA IND E COM DE AMAZONIA LTDA;25;MATINAL;2507;CEREAIS MATINAIS;;;250702;AVEIA;;;L;OT;1UNX250GR;UN;UNIDADE;1,00;CX C/ 16UN;CX;CAIXA;16,00;0,25;0,26;11041200.;"GRAOS DE AVEIA,ESMAGADOS OU EM FLOCOS
";11041200;;13;14;13;7896369618740,00;27896369618744,00;7896369618740,00;1874;5;5171;AVEIA NATUQUALY FLOCOS SCH 250G;;5171;AVEIA NATUQUALY FLOCOS SCH 250G;;;;;N;;;;;;;;;;;;;;;P:\BRUUUUUNO\5171 N.PNG;;;  ;;;;;N;;S;;;1;FOOD;;N;;;;;;;;;;;;;1701;LETICIA MARIA DA SILVA;1275;BRUNO FREIRE DE SOUZA;1275;;24/11/2025;26/11/2025 09:49:22;10/11/2025 13:53:03;07/02/2019;;S;S;N;;C;B;;N;;;1,00;0,50;0,50;0,50;P;0,00;;;2,32;0,00;;0,00;21;;S;0;;;N;N;N;R;0,00;0,00;0,00;0,00;0,00;0,00;0,00;0,00;0,00;0,00;;0,00;0,00;N;N;;S;N;;;N;;;;N;;;;;S;0,00;;;N;N;;;;;N;;;;N;N;;0,00;0,00;;0,00;;0,00;0,00;0,00;0,00;0,00;0,00;0,00;0,00;;;;;;N;;0,00;;;;;;;;;N;N;;N;;;;0,00;N;N;N;;;;;N;;;;;S;S;N;E;;PA;1;1;;1;;0,00;;4,49;;1,00;N;0,00;;;;N;;;;N;;;;0,00;;;;;;;;;07/07/2017;;;;;;N;;20;;;N;;;;;;;;;1,00;100,00;;1;;;;V;N;;;;N;;;;;;;;;N;;;;;;;;;N;;;N;OM;;N;N;;;;;N;N;;;0;;;;;;;;;N;;1,00;;U;;;;;N;N;N;0
312;FEIJAO CONDE PRETO T2 1KG;1;DISTRIBUIDORA FREITAS LOPES LTDA;12;INDUSTRIA PRINCESA PA;1204;FEIJAO PRINCESA DO PARA;343;FEIJAO;120406;FEIJAO PRETO T2 PRINCESA DO PARA;;;L;OT;PACOTE;KG;KILOGRAMA;1,00;FD C/ 30UN;FD;FARDO;30,00;1,01;1,01;07133319.;"OUTROS FEIJOES COMUNS,PRETOS,SECOS,EM GRAOS
";07133319;;13;14;13;7897962906821,00;17897962906821,00;7897962906821,00;312;3;312;FEIJAO CONDE PRETO T2 1KG;;312;FEIJAO CONDE PRETO T2 1KG;;;;;S;;FEIJAO PRETO T-2 CONDE/CERT.6184 LOTE 161/ CERT.6884 LOTE 162;;;;;;;;;;;;;;;;FL;;;;;N;;N;;;;;;N;;;;;;;;;;;;;15;FERNANDO FREIRE;453;AMF CONSULTA;453;23/11/2018;07/12/2022 17:49:32;07/05/2025 13:45:03;07/12/2022 17:49:32;06/04/2015;;S;N;N;;C;B;;N;;;1,00;0,50;0,50;0,50;P;0,00;;;0,00;0,00;;0,00;21;;S;0;;;N;N;N;R;0,00;0,00;0,00;0,00;0,00;0,00;0,00;0,00;0,00;0,00;;0,00;0,00;N;N;;S;N;;;N;;;;N;;;;;S;0,00;;;N;N;;;;;S;;;;N;N;;0,00;0,00;;0,00;;0,00;0,00;0,00;0,00;0,00;0,00;0,00;0,00;;;;;;N;;0,00;;;;;;;;;N;N;;N;;;;;N;N;N;;;;;N;;;;;N;S;N;E;;PA;1;1;1,00;1;;0,00;;30,26;;;N;0,00;;;;N;;;;N;;;;;;;;;;;;;;;;;;;N;;;;;N;1,00;;;;;;;;1,00;1,00;;1;1;;;V;N;;;;N;;;;;;;;;N;;;;;;;;;N;;;N;OM;;N;N;;;;;N;N;;;0;;;;;;;;;N;;1,00;;U;;;;;N;N;N;0
313;FEIJAO MALAM CARIOCA T1 1KG;1;DISTRIBUIDORA FREITAS LOPES LTDA;12;INDUSTRIA PRINCESA PA;1204;FEIJAO PRINCESA DO PARA;343;FEIJAO;120403;FEIJAO CARIOCA T1 PRINCESA DO PARA;;;PA;OT;PACOTE;KG;KILOGRAMA;1,00;FD C/ 30UN;FD;FARDO;30,00;1,01;1,01;07133190.;"OUTROS FEIJOES (VIGNA MUNGO OU RADIATA),SECOS,EM GRAOS
";07133190;;13;14;13;7897962903813,00;789796290381,00;7897962903813,00;;1;960;FEIJAO PRINCESA CARIOCA T1 1KG;;960;FEIJAO PRINCESA CARIOCA T1 1KG;;;;;N;;"FEIJAO CARIOCA MALAM/CERT.PA-0095Z N? 9234 LOTE 403 /CERT.PA-0095Z N? 9237 LOTE 404
";;;;;;;;;;;;;P:\IMAGENS PRODUTOS\313- FEIJAO MALAM CARIOCA T1.PNG;;;  ;;;;;N;;S;;;1;FOOD;;N;;;;;;;;;;;;;15;FERNANDO FREIRE;129;SUELLEM LOPES RABELO;436;;20/12/2023;06/06/2025 14:59:51;11/10/2023 13:43:59;06/04/2015;;S;S;N;;A;A;;N;;;1,00;0,50;0,50;0,50;P;0,00;;;7,78;0,00;;0,00;21;;S;0;;;N;N;N;R;0,00;0,00;0,00;0,00;0,00;0,00;0,00;0,00;0,00;0,00;;0,00;0,00;N;N;;S;N;;;N;;;;N;;;;;S;0,00;;;N;N;;;;;S;;;;N;N;;0,00;0,00;;0,00;;0,00;0,00;0,00;0,00;0,00;0,00;0,00;0,00;;;;;;N;;0,00;;;;;;;;;N;N;;N;;;;0,00;N;N;N;;;;;N;;;;;S;S;N;E;;PA;1;1;1,00;1;;0,00;;30,27;;1,00;N;0,00;;;;N;;;;N;;;;0,00;;;;;;;;;16/09/2017;;;;;;N;;20;;;N;1,00;;;;;;;;1,00;1,00;;1;1;;;V;N;;;;N;;;;;;;;;N;;;;;;;;;N;;;N;OM;;N;N;;;;N;N;N;;;0;;;;;;;;;N;;1,00;;U;;;;;N;N;N;0
314;FEIJAO MALAM CAVALO T1 1KG;1;DISTRIBUIDORA FREITAS LOPES LTDA;12;INDUSTRIA PRINCESA PA;1204;FEIJAO PRINCESA DO PARA;343;FEIJAO;120401;FEIJAO CAVALO T1 PRINCESA DO PARA;;;PA;OT;PACOTE;KG;KILOGRAMA;1,00;FD C/ 30UN;FD;FARDO;30,00;1,00;1,01;07133190.;"OUTROS FEIJOES (VIGNA MUNGO OU RADIATA),SECOS,EM GRAOS
";07133190;;13;14;13;7897962903806,00;17897962903806,00;7897962903806,00;20469;0;314;FEIJAO MALAM CAVALO T1 1KG;;314;FEIJAO MALAM CAVALO T1 1KG;;;;;S;;FEIJAO CAVALO T-1 MALAN//CERT.PA-0095Z 9232 LOTE 390;;;;;;;;;;;;;P:\IMAGENS PRODUTOS\314- FEIJAO MALAM CAVALO T1.PNG;;;  ;;;;;N;;S;;;1;FOOD;;N;;;;;;;;;;;;;15;FERNANDO FREIRE;625;DAYANE DOS SANTOS PEREIRA;436;;11/10/2023 13:44:49;25/09/2025 10:17:18;11/10/2023 13:44:49;06/04/2015;;S;S;N;;A;A;;N;;;1,00;0,50;0,50;0,50;P;0,00;;;6,86;0,00;;0,00;21;;S;0;;;N;N;N;R;0,00;0,00;0,00;0,00;0,00;0,00;0,00;0,00;0,00;0,00;;0,00;0,00;N;N;;S;N;;;N;;;;N;;;;;S;0,00;;;N;N;;;;;S;;;;N;N;;0,00;0,00;;0,00;;0,00;0,00;0,00;0,00;0,00;0,00;0,00;0,00;;;;;;N;;0,00;;;;;;;;;N;N;;N;;;;0,00;N;N;N;;;;;N;;;;;S;S;N;E;;PA;1;1;1,00;1;;0,00;;30,22;;1,00;N;0,00;;;;N;;;;N;;;;0,00;;;;;;;;;23/06/2017;;;;;;N;;20;;;N;1,00;;;;;;;;1,00;1,00;;1;1;;;V;N;;;;N;;;;;;;;;N;;;;;;;;;N;;;N;OM;;N;N;;;;N;N;N;;;0;;;;;;;;;N;;1,00;;U;;;;;N;N;N;0
315;MP FEIJAO PRETO A GRANEL T1 KG;1;DISTRIBUIDORA FREITAS LOPES LTDA;11;INDUSTRIA MP;1104;FEIJAO SACA GRANEL;;;110403;FEIJAO PRETO SACA GRANEL;;;MP;OT;KG;KG;KILOGRAMA;1,00;SC C/ 60KG;SC;SACA;60,00;1,00;1,00;07133319.;"OUTROS FEIJOES COMUNS,PRETOS,SECOS,EM GRAOS
";07133319;;8;14;8;100160,00;1001601,00;100160,00;315;8;315;MP FEIJAO PRETO A GRANEL T1 KG;;315;MP FEIJAO PRETO A GRANEL T1 KG;;;;;N;;;;;;;;;;;;;;;;1;DISTRIBUIDORA FREITAS LOPES LTDA;;;;;;N;;N;;;;;;N;;;;;;;;;;;;;15;FERNANDO FREIRE;103;ELAINE DO NASCIMENTO CABRAL SOUSA;324;;08/02/2025 07:36:36;09/09/2025 12:58:53;08/02/2025 07:36:36;11/04/2015;;S;N;N;;C;C;;N;;;1,00;0,50;0,50;0,50;P;0,00;;;1,92;0,00;;0,00;21;;S;0;;;N;N;N;R;0,00;0,00;0,00;0,00;0,00;0,00;0,00;0,00;0,00;0,00;;0,00;28,81;N;N;;S;N;;;N;;;;N;;;;;S;0,00;;;N;N;;;;;S;;;;N;N;;0,00;0,00;;0,00;;0,00;0,00;0,00;0,00;0,00;0,00;0,00;0,00;;0,00;;;;N;;0,00;;;;;;;;;N;N;;N;;;;0,00;N;N;N;;;;;N;;;;;N;S;N;E;;PA;1;1;;1;;0,00;;1,00;;;N;0,00;;;;N;;;;N;;S;;0,00;;;;;;;;;;;;;;;N;;;;;N;;;;;;;;;1,00;100,00;;1;;;;V;N;;;;N;;;;;;;;;N;;;;;;;;;N;;;N;OM;;N;N;;;;N;N;N;;;0;;;;;;;;;N;;1,00;;U;;;1;;N;N;N;0
316;MP FEIJAO PRETO A GRANEL T2 KG;1;DISTRIBUIDORA FREITAS LOPES LTDA;11;INDUSTRIA MP;1104;FEIJAO SACA GRANEL;;;110403;FEIJAO PRETO SACA GRANEL;;;BC;OT;KG;KG;KILOGRAMA;1,00;SC C/ 60KG;SC;SACA;60,00;1,00;1,00;07133319.;"OUTROS FEIJOES COMUNS,PRETOS,SECOS,EM GRAOS
";07133319;;8;14;8;100161,00;1001611,00;100161,00;316;6;316;MP FEIJAO PRETO A GRANEL T2 KG;;316;MP FEIJAO PRETO A GRANEL T2 KG;;;;;N;;;;;;;;;;;;;;;;1;DISTRIBUIDORA FREITAS LOPES LTDA;FL;;;;;N;;N;;;;;;N;;;;;;;;;;;;;15;FERNANDO FREIRE;453;AMF CONSULTA;453;16/12/1992;04/01/2023 15:44:37;02/03/2025 14:53:01;04/01/2023 15:44:37;11/04/2015;;S;N;N;;C;;;N;;;1,00;0,50;0,50;0,50;P;0,00;;;1,83;0,00;;0,00;21;;S;0;;;N;N;N;R;0,00;0,00;0,00;0,00;0,00;0,00;0,00;0,00;0,00;0,00;;0,00;0,00;N;N;;S;N;;;N;;;;N;;;;;S;0,00;;;N;N;;;;;S;;;;N;N;;0,00;0,00;;0,00;;0,00;0,00;0,00;0,00;0,00;0,00;0,00;0,00;;;;;;N;;0,00;;;;;;;;;N;N;;N;;;;0,00;N;N;N;;;;;N;;;;;S;S;N;E;;PA;1;1;;1;;0,00;;1,00;;;N;0,00;;;;N;;;;N;;;;;;;;;;;;;;;;;;;N;;;;;N;;;;;;;;;1,00;100,00;;1;;;;V;N;;;;N;;;;;;;;;N;;;;;;;;;N;;;N;OM;;N;N;;;;;N;N;;;0;;;;;;;;;N;;1,00;;U;;;1;;N;N;N;0
5439;AMENDOIM AGTAL SALGADO JAP 30G;830;ARMAZEM MATEUS S.A - CD115;19;DOCERIA;1906;DOCES ESPECIAIS;;;190601;DOCES ESPECIAIS DIVERSOS;;;L;OT;1UNX1UN;UN;UNIDADE;1,00;PC C/ 50UN;PC;PACOTE;50,00;0,10;0,10;20081100.;AMENDOINS.;20081100;;13;14;13;7896261401853,00;5439,00;7896261401853,00;268134;2;5439;AMENDOIM AGTAL SALGADO JAP 30G;;5439;AMENDOIM AGTAL SALGADO JAP 30G;;;;;N;;;;;;;;;;;;;;;;;;FL;;;;;N;;S;;;;;;N;;;;;;;;;;;;;1701;LETICIA MARIA DA SILVA;453;AMF CONSULTA;453;24/12/2019;06/10/2022 09:52:26;05/03/2024 12:05:53;06/10/2022 09:52:26;24/05/2019;;S;N;N;;C;;;N;;;;0,50;0,50;0,50;P;0,00;;;0,41;0,00;;0,00;28;;N;0;;;N;N;N;R;0,00;0,00;0,00;0,00;0,00;0,00;0,00;0,00;0,00;0,00;;0,00;0,00;N;N;;S;N;;;N;;;;N;;;;;S;0,00;;;N;N;;;;;N;;;;N;N;;0,00;0,00;;0,00;;0,00;0,00;0,00;0,00;0,00;0,00;0,00;0,00;;;;;;N;;0,00;;;;;;;;;N;N;;N;;;;0,00;N;;N;;;;;N;;;;;N;S;N;E;;PA;1;1;;1;;;;;;;N;;;;;N;;;;N;;;;0,00;;;;;;;;;;;;;;;N;;;;;N;;;;;;;;;1,00;1,00;;1;;;;V;N;;;;N;;;;;;;;;;;;;;;;;;N;;;;OM;;N;N;;;;;N;N;;;0;;;;;;;;;N;;1,00;;U;;;2;;N;N;N;0
5446;BOMB GOMA FINI MONOPORC BEIJOS MOR 15G;1929;BTM DISTRIBUIDORA DE ALIMENTOS LTDA ;19;DOCERIA;1906;DOCES ESPECIAIS;351;CHECK STAND;190601;DOCES ESPECIAIS DIVERSOS;;;L;OT;UNIDADE;UN;UNIDADE;1,00;DP C/ 12UN;CX;CAIXA;12,00;0,10;0,10;17049020.;"BOMBONS,CARAMELOS,CONFEITOS E PASTILHAS,SEM CACAU
";17049020;;13;0;13;7898591453427,00;0,00;7898591453427,00;991894;;5446;BOMB GOMA FINI MONOPORC BEIJOS MOR 15G;;5446;BOMB GOMA FINI MONOPORC BEIJOS MOR 15G;;;;;N;;;;;;;;;;;;;;;;2;DISTRIBUIDORA FREITAS LOPES (LA BODEGA);FL;;;;;N;;S;;;;;;N;;;;;;;;;;;;;1701;LETICIA MARIA DA SILVA;453;AMF CONSULTA;453;15/12/1992;20/10/2022 09:31:33;05/03/2024 12:05:53;20/10/2022 09:31:33;24/05/2019;;S;N;N;;C;;;N;;;;0,50;0,50;0,50;P;0,00;;;0,74;0,00;;0,00;28;;N;0;;;N;N;N;R;0,00;0,00;0,00;0,00;0,00;0,00;0,00;0,00;0,00;0,00;;0,00;0,00;N;N;;S;N;;;N;;;;N;;;;;S;0,00;;;N;N;;;;;N;;;;N;N;;0,00;0,00;;0,00;;0,00;0,00;0,00;0,00;0,00;0,00;0,00;0,00;;;;;;N;;0,00;;;;;;;;;N;N;;N;;;;0,00;N;;N;;;;;N;;;;;N;S;N;E;;PA;1;1;;1;;;;;;;N;;;;;N;;;;N;;;;0,00;;;;;;;;;;;;;;;N;;;;;N;;;;;;;;;1,00;1,00;;1;;;;V;N;;;;N;;;;;;;;;;;;;;;;;;N;;;;OM;;N;N;;;;;N;N;;;0;;;;;;;;;N;;1,00;;U;;;2;;N;N;N;0
343;FRALDA GERIAT MAXFRAL TOP G C/8;60;JC FERREIRA MORAES COMERCIO - ME ;27;HIGIENE PESSOAL;2703;HIGIENE INTIMA ADULTA;;;270301;FRALDA GERIATRICA;;;L;OT;PACOTE;PC;PACOTE;1,00;FD C/ 08PC;FD;FARDO;8,00;0,76;0,76;96190000.;"ABSORVENTES/FRALDAS/SEMELHS.DE PASTA DE PAPEL
";96190000;;13;14;13;7898506370320,00;17898506370320,00;7898506370320,00;343;3;343;FRALDA GERIAT MAXFRAL TOP G C/8;;342;FRALDA GERIAT MAXFRAL TOP M C/8;;;;;N;;;;;;;;;;;;;;;;;;FL;;;;;N;;N;;;;;;N;;;;;;;;;;;;;15;FERNANDO FREIRE;453;AMF CONSULTA;453;10/11/2015;09/12/2022 17:46:11;05/03/2024 12:05:53;09/12/2022 17:46:10;11/04/2015;;S;S;N;;C;;;N;;;1,00;0,50;0,50;0,50;P;0,00;;;0,00;0,00;;0,00;21;;N;0;;;N;N;N;R;0,00;0,00;0,00;0,00;0,00;0,00;0,00;0,00;0,00;0,00;;0,00;0,00;N;N;;S;N;;;N;;;;N;;;;;S;0,00;;;N;N;;;;;N;;;;N;N;;0,00;0,00;;0,00;;0,00;0,00;0,00;0,00;0,00;0,00;0,00;0,00;;;;;;N;;0,00;;;;;;;;;N;N;;N;;;;;N;N;N;;;;;N;;;;;N;S;N;E;;PA;1;1;;1;;;;;;;N;0,00;;;;N;;;;N;;;;;;;;;;;;;;;;;;;N;;;;;N;;;;;;;;;1,00;100,00;;1;;;;V;N;;;;N;;;;;;;;;N;;;;;;;;;N;;;N;OM;;N;N;;;;;N;N;;;0;;;;;;;;;N;;1,00;;U;;;;;N;N;N;0
344;FRALDA GERIAT MAXFRAL TOP XG C/7;60;JC FERREIRA MORAES COMERCIO - ME ;27;HIGIENE PESSOAL;2703;HIGIENE INTIMA ADULTA;;;270301;FRALDA GERIATRICA;;;L;OT;PACOTE;PC;PACOTE;1,00;FD C/ 08PC;FD;FARDO;8,00;0,73;0,73;96190000.;"ABSORVENTES/FRALDAS/SEMELHS.DE PASTA DE PAPEL
";96190000;;0;0;0;0,00;0,00;0,00;344;1;344;FRALDA GERIAT MAXFRAL TOP XG C/7;;342;FRALDA GERIAT MAXFRAL TOP M C/8;;;;;N;;;;;;;;;;;;;;;;;;FL;;;;;N;;N;;;;;;N;;;;;;;;;;;;;15;FERNANDO FREIRE;453;AMF CONSULTA;453;04/12/2015;09/12/2022 17:37:00;05/03/2024 12:05:53;09/12/2022 17:37:00;11/04/2015;;S;S;N;;C;;;N;;;1,00;0,50;0,50;0,50;P;0,00;;;0,00;0,00;;0,00;21;;N;0;;;N;N;N;R;0,00;0,00;0,00;0,00;0,00;0,00;0,00;0,00;0,00;0,00;;0,00;0,00;N;N;;S;N;;;N;;;;N;;;;;S;0,00;;;N;N;;;;;N;;;;N;N;;0,00;0,00;;0,00;;0,00;0,00;0,00;0,00;0,00;0,00;0,00;0,00;;;;;;N;;0,00;;;;;;;;;N;N;;N;;;;;N;N;N;;;;;N;;;;;N;S;N;E;;PA;1;1;;1;;;;;;;N;0,00;;;;N;;;;N;;;;;;;;;;;;;;;;;;;N;;;;;N;;;;;;;;;1,00;100,00;;1;;;;V;N;;;;N;;;;;;;;;N;;;;;;;;;N;;;N;OM;;N;N;;;;;N;N;;;0;;;;;;;;;N;;1,00;;U;;;;;N;N;N;0
345;FRALDA MAXX BABY MEGA EG C/30;1729;SUZANO S/A;27;HIGIENE PESSOAL;2702;HIGIENE INTIMA INFANTIL;293;SUZANO;270206;FRALDA DESC MEGA;;;L;OT;PACOTE;PC;PACOTE;1,00;FD C/ 08PC;FD;FARDO;8,00;1,11;1,11;96190000.3;"FRALDAS - FORN SUZANO (ICMS ST)	";96190000;;13;14;13;7896006420187,00;17896006420887,00;7896006420187,00;20092378;0;347;FRALDA MAXX BABY MEGA M C/40;;347;FRALDA MAXX BABY MEGA M C/40;;;;;N;;;;;;;;;;;;;;;;;;FL;;;;;N;;S;;;;;;N;;;;;;;;;;;;;15;FERNANDO FREIRE;453;AMF CONSULTA;453;15/12/1992;09/12/2022 17:37:00;07/05/2025 13:45:03;09/12/2022 17:37:00;11/04/2015;;S;S;N;;C;C;;N;;;1,00;0,50;0,50;0,50;P;0,00;;;21,04;0,00;;0,00;21;;S;0;;;N;N;N;R;0,00;0,00;0,00;0,00;0,00;0,00;0,00;0,00;0,00;0,00;;0,00;0,00;N;N;;S;N;;;N;;;;N;;;;;S;0,00;;;N;N;;;;;N;;;;N;N;;0,00;0,00;;0,00;;0,00;0,00;0,00;0,00;0,00;0,00;0,00;0,00;;;;;;N;;0,00;;;;;;;;;N;N;;N;;;;0,00;N;N;N;;;;;N;;;;;S;S;N;E;;PA;1;1;;1;;0,01;;9,00;;;N;0,00;;;;N;;;;N;;;;0,00;;;;;;;;;03/06/2019;;;;;;N;;;;;N;;;;;;;;;1,00;100,00;;1;;;;V;N;;;;N;;;;;;;;;N;;;;;;;;;N;;;N;OM;;N;N;;;;;N;N;;;0;;;;;;;;;N;;1,00;;U;;;;;N;N;N;0
346;FRALDA MAXX BABY MEGA G C/36;1729;SUZANO S/A;27;HIGIENE PESSOAL;2702;HIGIENE INTIMA INFANTIL;293;SUZANO;270206;FRALDA DESC MEGA;;;L;OT;PACOTE;PC;PACOTE;1,00;FD C/ 08PC;FD;FARDO;8,00;1,07;1,07;96190000.3;"FRALDAS - FORN SUZANO (ICMS ST)	";96190000;;13;14;13;7896006420170,00;17896006420948,00;7896006420170,00;20092377;8;347;FRALDA MAXX BABY MEGA M C/40;;347;FRALDA MAXX BABY MEGA M C/40;;;;;N;;;;;;;;;;;;;;;;1;DISTRIBUIDORA FREITAS LOPES LTDA;FL;;;;;N;;S;;;;;;N;;;;;;;;;;;;;15;FERNANDO FREIRE;453;AMF CONSULTA;453;16/12/1992;09/12/2022 17:36:59;07/05/2025 13:45:03;09/12/2022 17:36:59;11/04/2015;;S;S;N;;C;C;;N;;;1,00;0,50;0,50;0,50;P;0,00;;;17,07;0,00;;0,00;21;;S;0;;;N;N;N;R;0,00;0,00;0,00;0,00;0,00;0,00;0,00;0,00;0,00;0,00;;0,00;0,00;N;N;;S;N;;;N;;;;N;;;;;S;0,00;;;N;N;;;;;N;;;;N;N;;0,00;0,00;;0,00;;0,00;0,00;0,00;0,00;0,00;0,00;0,00;0,00;;;;;;N;;0,00;;;;;;;;;N;N;;N;;;;0,00;N;N;N;;;;;N;;;;;S;S;N;E;;PA;1;1;;1;;0,01;;8,63;;;N;0,00;;;;N;;;;N;;;;0,00;;;;;;;;;11/06/2019;;;;;;N;;;;;N;;;;;;;;;1,00;100,00;;1;;;;V;N;;;;N;;;;;;;;;N;;;;;;;;;N;;;N;OM;;N;N;;;;;N;N;;;0;;;;;;;;;N;;1,00;;U;;;1;;N;N;N;0
347;FRALDA MAXX BABY MEGA M C/40;1729;SUZANO S/A;27;HIGIENE PESSOAL;2702;HIGIENE INTIMA INFANTIL;293;SUZANO;270206;FRALDA DESC MEGA;;;L;OT;PACOTE;PC;PACOTE;1,00;FD C/ 08PC;FD;FARDO;8,00;1,07;1,07;96190000.3;"FRALDAS - FORN SUZANO (ICMS ST)	";96190000;;13;14;13;7896006420163,00;17896006420795,00;7896006420163,00;20092376;6;347;FRALDA MAXX BABY MEGA M C/40;;347;FRALDA MAXX BABY MEGA M C/40;;;;;N;;;;;;;;;;;;;;;;1;DISTRIBUIDORA FREITAS LOPES LTDA;FL;;;;;N;;S;;;;;;N;;;;;;;;;;;;;15;FERNANDO FREIRE;453;AMF CONSULTA;453;16/12/1992;09/12/2022 17:36:59;07/05/2025 13:45:03;09/12/2022 17:36:59;11/04/2015;;S;S;N;;C;C;;N;;;1,00;0,50;0,50;0,50;P;0,00;;;17,69;0,00;;0,00;21;;S;0;;;N;N;N;R;0,00;0,00;0,00;0,00;0,00;0,00;0,00;0,00;0,00;0,00;;0,00;0,00;N;N;;S;N;;;N;;;;N;;;;;S;0,00;;;N;N;;;;;N;;;;N;N;;0,00;0,00;;0,00;;0,00;0,00;0,00;0,00;0,00;0,00;0,00;0,00;;;;;;N;;0,00;;;;;;;;;N;N;;N;;;;0,00;N;N;N;;;;;N;;;;;S;S;N;E;;PA;1;1;;1;;0,01;;8,64;;;N;0,00;;;;N;;;;N;;;;0,00;;;;;;;;;29/06/2019;;;;;;N;;;;;N;;;;;;;;;1,00;100,00;;1;;;;V;N;;;;N;;;;;;;;;N;;;;;;;;;N;;;N;OM;;N;N;;;;;N;N;;;0;;;;;;;;;N;;1,00;;U;;;1;;N;N;N;0
5248;QJ P SUISSE FLAMBYN P PAT MAM/MAC/B 320G;1224;I C MELO & CIA LTDA;26;PERECIVEL;2617;QUEIJO;179;FLAMBOYANT;261706;QUEIJO PETIT SUISSE;;;L;OT;UNIDADE;UN;UNIDADE;1,00;1X1;UN;UNIDADE;1,00;0,32;0,32;04061090.;QUEIJOS TIPO MOZARELA, MINAS, PRATO, QUEIJO DE COALHO, RICOTA, REQUEIJ?O, QUEIJO PROVOLONE, QUEIJO PARMES?O, QUEIJO FRESCO N?O MATURADO E QUEIJO DO REINO;04061090;;13;0;13;7898061700327,00;0,00;7898061700327,00;051;1;5248;QJ P SUISSE FLAMBYN P PAT MAM/MAC/B 320G;;5248;QJ P SUISSE FLAMBYN P PAT MAM/MAC/B 320G;;;;;S;;;;;;;;;;;;;;;;2;DISTRIBUIDORA FREITAS LOPES (LA BODEGA);FL;;;;;N;;S;;;;;;N;;;;;;;;;;;;;1701;LETICIA MARIA DA SILVA;453;AMF CONSULTA;453;15/12/1992;26/01/2023 16:30:41;07/05/2025 13:45:03;26/01/2023 16:30:41;16/03/2019;;S;N;N;;C;;;N;;;;0,50;0,50;0,50;P;0,00;;;5,25;0,00;;0,00;28;;N;0;;;N;N;N;R;0,00;0,00;0,00;0,00;0,00;0,00;0,00;0,00;0,00;0,00;;0,00;0,00;N;N;;S;N;;;N;;;;N;;;;;S;0,00;;;N;N;;;;;N;;;;N;N;;0,00;0,00;;0,00;;0,00;0,00;0,00;0,00;0,00;0,00;0,00;0,00;;;;;;N;;0,00;;;;;;;;;N;N;;N;;;;0,00;N;;N;;;;;N;;;;;N;S;N;E;;PA;1;1;;1;;;;;;;N;;;;;N;;;;N;;;;0,00;;;;;;;;;;;;;;;N;;;;;N;;;;;;;;;1,00;1,00;;1;;;;V;N;;;;N;;;;;;;;;;;;;;;;;;N;;;;OM;;N;N;;;;;N;N;;;0;;;;;;;;;N;;1,00;;U;;;2;;N;N;N;0
5257;ZZ;176;DIST BELEM DE ALIMENTOS LTDA;1;MIGRACAO;1;MIGRACAO;;;1;MIGRACAO;;;L;OT;1;UN;UNIDADE;1,00;1;CX;CAIXA;1,00;1,15;1,15;34023100.1;SAB?ES, AGENTES ORGANICOS DE SUPERFICIE, PREPARAC?ES PARA LAVAGEM, PREPARAC?ES LUBRIFICANTES, CERAS ARTIFICIAIS, CERAS PREPARADAS, PRODUTOS DE CONSERVAC?O E LIMPEZA, VELAS E ARTIGOS SEMELHANTES, MASSAS OU PASTAS PARA MODELAR, ?CERAS PARA DENTISTAS? E COMPOSIC?ES PARA DENTISTAS A BASE DE GESS;34023100;;0;0;0;0,00;0,00;0,00;;7;17036;TESTE WINTHOR INDUSTRIA;;17036;TESTE WINTHOR INDUSTRIA;;;;;N;;;;;;;;;;;;;;;;2;DISTRIBUIDORA FREITAS LOPES (LA BODEGA);FL;;;;;N;;S;;I;;;;N;;;;;;;;;;;;;1701;LETICIA MARIA DA SILVA;453;AMF CONSULTA;453;15/12/1992;07/10/2022 09:57:54;07/05/2025 13:45:03;07/10/2022 09:57:54;20/03/2019;;S;N;N;;C;C;;N;;;;0,50;0,50;0,50;P;0,00;;;4,87;0,00;;0,00;28;;S;0;;;N;N;N;R;0,00;0,00;0,00;0,00;0,00;0,00;0,00;0,00;0,00;0,00;;0,00;0,00;N;N;;S;N;;;N;;;;N;;;;;S;0,00;;V;N;N;;;;;N;;;;N;N;;0,00;0,00;;0,00;;0,00;0,00;0,00;0,00;0,00;0,00;0,00;0,00;;;;;;N;;0,00;;;;;;;;;N;N;;N;;;;0,00;N;;N;;;;;N;;;;;N;S;N;E;;PA;1;1;;1;;0,00;;12,73;;;N;;;;;N;;;;N;;;;0,00;;;;;;;;;30/01/2018;;;;;;N;;;;;N;;;;;;;;;1,00;1,00;;1;;;;V;N;;;;N;;;;;;;;;;;;;;;;;;N;;;;OM;;N;N;;;;;N;N;;;0;;;;;;;;;N;;1,00;;U;;;2;;N;N;N;0
348;FRALDA MAXX BABY MEGA P C/46;37;FACEPA FABRICA DE PAPEL DA AMAZONIA SA;27;HIGIENE PESSOAL;2702;HIGIENE INTIMA INFANTIL;;;270206;FRALDA DESC MEGA;;;L;OT;PACOTE;PC;PACOTE;1,00;FD C/ 08PC;FD;FARDO;8,00;1,07;1,07;96190000.;"ABSORVENTES/FRALDAS/SEMELHS.DE PASTA DE PAPEL
";96190000;;13;14;13;7896006420156,00;17896006420788,00;7896006420156,00;348;4;347;FRALDA MAXX BABY MEGA M C/40;;347;FRALDA MAXX BABY MEGA M C/40;;;;;N;;;;;;;;;;;;;;;;2;DISTRIBUIDORA FREITAS LOPES (LA BODEGA);FL;;;;;N;;S;;;;;;N;;;;;;;;;;;;;15;FERNANDO FREIRE;453;AMF CONSULTA;453;22/02/2021 10:04:28;09/12/2022 17:36:55;07/05/2025 13:45:03;09/12/2022 17:36:55;11/04/2015;;S;S;N;;C;C;;N;;;1,00;0,50;0,50;0,50;P;0,00;;;15,82;0,00;;0,00;21;;S;0;;;N;N;N;R;0,00;0,00;0,00;0,00;0,00;0,00;0,00;0,00;0,00;0,00;;0,00;0,00;N;N;;S;N;;;N;;;;N;;;;;S;0,00;;;N;N;;;;;N;;;;N;N;;0,00;0,00;;0,00;;0,00;0,00;0,00;0,00;0,00;0,00;0,00;0,00;;;;;;N;;0,00;;;;;;;;;N;N;;N;;;;0,00;N;N;N;;;;;N;;;;;S;S;N;E;;PA;1;1;;1;;0,01;;8,63;;;N;0,00;;;;N;;;;N;;;;0,00;;;;;;;;;09/03/2018;;;;;;N;;;;;N;;;;;;;;;1,00;100,00;;1;;;;V;N;;;;N;;;;;;;;;N;;;;;;;;;N;;;N;OM;;N;N;;;;;N;N;;;0;;;;;;;;;N;;1,00;;U;;;2;;N;N;N;0
349;FRALDA MAXX BABY PRATICA EG C/16;1729;SUZANO S/A;27;HIGIENE PESSOAL;2702;HIGIENE INTIMA INFANTIL;293;SUZANO;270209;FRALDA DESC JUMBO;;;L;OT;PACOTE;PC;PACOTE;1,00;FD C/ 08PC;FD;FARDO;8,00;0,62;0,62;96190000.3;"FRALDAS - FORN SUZANO (ICMS ST)	";96190000;;13;14;13;7896006420088,00;17896006420832,00;7896006420088,00;20092374;2;350;FRALDA MAXX BABY PRATICA G C/20;;350;FRALDA MAXX BABY PRATICA G C/20;;;;;N;;;;;;;;;;;;;;;;;;FL;;;;;N;;S;;;;;;N;;;;;;;;;;;;;15;FERNANDO FREIRE;453;AMF CONSULTA;453;15/12/1992;09/12/2022 17:36:55;07/05/2025 13:45:03;09/12/2022 17:36:55;11/04/2015;;S;S;N;;C;C;;N;;;1,00;0,50;0,50;0,50;P;0,00;;;10,23;0,00;;0,00;21;;S;0;;;N;N;N;R;0,00;0,00;0,00;0,00;0,00;0,00;0,00;0,00;0,00;0,00;;0,00;0,00;N;N;;S;N;;;N;;;;N;;;;;S;0,00;;;N;N;;;;;N;;;;N;N;;0,00;0,00;;0,00;;0,00;0,00;0,00;0,00;0,00;0,00;0,00;0,00;;;;;;N;;0,00;;;;;;;;;N;N;;N;;;;0,00;N;N;N;;;;;N;;;;;S;S;N;E;;PA;1;1;;1;;0,00;;4,97;;;N;0,00;;;;N;;;;N;;;;0,00;;;;;;;;;02/07/2019;;;;;;N;;;;;N;;;;;;;;;1,00;100,00;;1;;;;V;N;;;;N;;;;;;;;;N;;;;;;;;;N;;;N;OM;;N;N;;;;;N;N;;;0;;;;;;;;;N;;1,00;;U;;;;;N;N;N;0
350;FRALDA MAXX BABY PRATICA G C/20;1729;SUZANO S/A;27;HIGIENE PESSOAL;2702;HIGIENE INTIMA INFANTIL;293;SUZANO;270209;FRALDA DESC JUMBO;;;L;OT;PACOTE;PC;PACOTE;1,00;FD C/ 08PC;FD;FARDO;8,00;0,62;0,62;96190000.2;ABSORVENTES/FRALDAS/SEMELHS.DE PASTA DE PAPEL;96190000;;13;14;13;7896006420071,00;17896006420825,00;7896006420071,00;20092373;6;350;FRALDA MAXX BABY PRATICA G C/20;;350;FRALDA MAXX BABY PRATICA G C/20;;;;;N;;;;;;;;;;;;;;;;;;  ;;;;;N;;S;;;;;;N;;;;;;;;;;;;;15;FERNANDO FREIRE;107;MARCOS ANTONIO ESPINDOLA FRANCA;1703;;28/02/2023 10:29:03;06/06/2025 14:59:51;28/02/2023 10:29:03;11/04/2015;;S;S;N;;C;C;;N;;;1,00;0,50;0,50;0,50;P;0,00;;;12,20;0,00;;0,00;21;;S;0;;;N;N;N;R;0,00;0,00;0,00;0,00;0,00;0,00;0,00;0,00;0,00;0,00;;0,00;0,00;N;N;;S;N;;;N;;;;N;;;;;S;0,00;;;N;N;;;;;N;;;;N;N;;0,00;0,00;;0,00;;0,00;0,00;0,00;0,00;0,00;0,00;0,00;0,00;;;;;;N;;0,00;;;;;;;;;N;N;;N;;;;0,00;N;N;N;;;;;N;;;;;S;S;N;E;;PA;1;1;;1;;0,00;;4,97;;1,00;N;0,00;;;;N;;;;N;;;;0,00;;;;;;;;;;;;;;;N;;20;;;N;;;;;;;;;1,00;100,00;;1;;;;V;N;;;;N;;;;;;;;;N;;;;;;;;;N;;;N;OM;;N;N;;;;;N;N;;;0;;;;;;;;;N;;1,00;;U;;;;;N;N;N;0
351;FRALDA MAXX BABY PRATICA M C/24;1729;SUZANO S/A;27;HIGIENE PESSOAL;2702;HIGIENE INTIMA INFANTIL;293;SUZANO;270209;FRALDA DESC JUMBO;;;L;OT;PACOTE;PC;PACOTE;1,00;FD C/ 08PC;FD;FARDO;8,00;0,65;0,65;96190000.3;"FRALDAS - FORN SUZANO (ICMS ST)	";96190000;;13;14;13;7896006420064,00;17896006420818,00;7896006420064,00;20092372;4;350;FRALDA MAXX BABY PRATICA G C/20;;350;FRALDA MAXX BABY PRATICA G C/20;;;;;N;;;;;;;;;;;;;;;;;;FL;;;;;N;;S;;;;;;N;;;;;;;;;;;;;15;FERNANDO FREIRE;453;AMF CONSULTA;453;16/12/1992;09/12/2022 17:36:54;07/05/2025 13:45:03;09/12/2022 17:36:54;11/04/2015;;S;S;N;;C;C;;N;;;1,00;0,50;0,50;0,50;P;0,00;;;10,23;0,00;;0,00;21;;S;0;;;N;N;N;R;0,00;0,00;0,00;0,00;0,00;0,00;0,00;0,00;0,00;0,00;;0,00;0,00;N;N;;S;N;;;N;;;;N;;;;;S;0,00;;;N;N;;;;;N;;;;N;N;;0,00;0,00;;0,00;;0,00;0,00;0,00;0,00;0,00;0,00;0,00;0,00;;;;;;N;;0,00;;;;;;;;;N;N;;N;;;;0,00;N;N;N;;;;;N;;;;;S;S;N;E;;PA;1;1;;1;;0,01;;5,28;;;N;0,00;;;;N;;;;N;;;;0,00;;;;;;;;;28/06/2019;;;;;;N;;;;;N;;;;;;;;;1,00;100,00;;1;;;;V;N;;;;N;;;;;;;;;N;;;;;;;;;N;;;N;OM;;N;N;;;;;N;N;;;0;;;;;;;;;N;;1,00;;U;;;;;N;N;N;0
352;FRALDA MAXX BABY PRATICA P C/28;37;FACEPA FABRICA DE PAPEL DA AMAZONIA SA;27;HIGIENE PESSOAL;2702;HIGIENE INTIMA INFANTIL;;;270209;FRALDA DESC JUMBO;;;L;OT;PACOTE;PC;PACOTE;1,00;FD C/ 08PC;FD;FARDO;8,00;0,56;0,56;96190000.;"ABSORVENTES/FRALDAS/SEMELHS.DE PASTA DE PAPEL
";96190000;;13;14;13;7896006420057,00;17896006420801,00;7896006420057,00;352;2;350;FRALDA MAXX BABY PRATICA G C/20;;350;FRALDA MAXX BABY PRATICA G C/20;;;;;N;;;;;;;;;;;;;;;;;;FL;;;;;N;;S;;;;;;N;;;;;;;;;;;;;15;FERNANDO FREIRE;453;AMF CONSULTA;453;16/03/2020 14:43:19;09/12/2022 17:36:54;07/05/2025 13:45:03;09/12/2022 17:36:54;11/04/2015;;S;S;N;;C;C;;N;;;1,00;0,50;0,50;0,50;P;0,00;;;8,47;0,00;;0,00;21;;S;0;;;N;N;N;R;0,00;0,00;0,00;0,00;0,00;0,00;0,00;0,00;0,00;0,00;;0,00;0,00;N;N;;S;N;;;N;;;;N;;;;;S;0,00;;;N;N;;;;;N;;;;N;N;;0,00;0,00;;0,00;;0,00;0,00;0,00;0,00;0,00;0,00;0,00;0,00;;0,00;;;;N;;0,00;;;;;;;;;N;N;;N;;;;0,00;N;N;N;;;;;N;;;;;S;S;N;E;;PA;1;1;;1;;0,01;;4,42;;1,00;N;0,00;;;;N;;;;N;;;;0,00;;;;;;;;;25/05/2019;;;;;;N;;;;;N;;;;;;;;;1,00;100,00;;1;;;;V;N;;;;N;;;;;;;;;N;;;;;;;;;N;;;N;OM;;N;N;;;;;N;N;;;0;;;;;;;;;N;;1,00;;U;;;;;N;N;N;0
5447;BOMB DROPS HALLS MORANGO 28G;609;FRIBEL COMERCIO DE ALIMENTOS LTDA ;19;DOCERIA;1906;DOCES ESPECIAIS;351;CHECK STAND;190601;DOCES ESPECIAIS DIVERSOS;;;L;OT;UNIDADE;UN;UNIDADE;1,00;DP C/ 21UN;CX;CAIXA;21,00;0,03;0,03;17049020.;"BOMBONS,CARAMELOS,CONFEITOS E PASTILHAS,SEM CACAU
";17049020;;8;13;8;78938847,00;7622210857774,00;78938847,00;4365;0;5447;BOMB DROPS HALLS MORANGO 28G;;1269;BOMB DROPS HALLS EXTRA FORTE 27,5G;;;;;N;;;;;;;;;;;;;;;;;;  ;;;;;N;;S;;;;;;N;;;;;;;;;;;;;1701;LETICIA MARIA DA SILVA;1275;BRUNO FREIRE DE SOUZA;1275;;05/02/2025 08:47:27;03/10/2025 09:42:43;05/02/2025 08:47:27;24/05/2019;;S;N;N;;C;;;N;;;;0,50;0,50;0,50;P;0,00;;;1,20;0,00;;0,00;28;;N;0;;;N;N;N;R;0,00;0,00;0,00;0,00;0,00;0,00;0,00;0,00;0,00;0,00;;0,00;0,00;N;N;;S;N;;;N;;;;N;;;;;S;0,00;;;N;N;;;;;N;;;;N;N;;0,00;0,00;;0,00;;0,00;0,00;0,00;0,00;0,00;0,00;0,00;0,00;;;;;;N;;0,00;;;;;;;;;N;N;;N;;;;0,00;N;;N;;;;;N;;;;;N;S;N;E;;PA;1;1;;1;;;;;;;N;;;;;N;;;;N;;S;;0,00;;;;;;;;;;;;;;;N;;20;;;N;;;;;;;;;1,00;1,00;;1;;;;V;N;;;;N;;;;;;;;;;;;;;;;;;N;;;;OM;;N;N;;;;N;N;N;;;0;;;;;;;;;N;;1,00;;U;;;2;;N;N;N;0
361;FRALDA PATATI PATATA REGULAR G C/7;60;JC FERREIRA MORAES COMERCIO - ME ;27;HIGIENE PESSOAL;2702;HIGIENE INTIMA INFANTIL;;;270203;FRALDA DESC BASICA G;;;L;OT;PACOTE;PC;PACOTE;1,00;FD C/ 24PC;FD;FARDO;24,00;0,22;0,22;96190000.;"ABSORVENTES/FRALDAS/SEMELHS.DE PASTA DE PAPEL
";96190000;;13;14;13;7898506374175,00;17898506374175,00;7898506374175,00;361;1;361;FRALDA PATATI PATATA REGULAR G C/7;;361;FRALDA PATATI PATATA REGULAR G C/7;;;;;N;;;;;;;;;;;;;;;;;;FL;;;;;N;;N;;;;;;N;;;;;;;;;;;;;15;FERNANDO FREIRE;453;AMF CONSULTA;453;10/11/2015;09/12/2022 17:19:54;05/03/2024 12:05:53;09/12/2022 17:19:54;11/04/2015;;S;S;N;;C;C;;N;;;1,00;0,50;0,50;0,50;P;0,00;;;2,70;0,00;;0,00;21;;S;0;;;N;N;N;R;0,00;0,00;0,00;0,00;0,00;0,00;0,00;0,00;0,00;0,00;;0,00;0,00;N;N;;S;N;;;N;;;;N;;;;;S;0,00;;;N;N;;;;;N;;;;N;N;;0,00;0,00;;0,00;;0,00;0,00;0,00;0,00;0,00;0,00;0,00;0,00;;;;;;N;;0,00;;;;;;;;;N;N;;N;;;;0,00;N;N;N;;;;;N;;;;;N;S;N;E;;PA;1;1;;1;;;;;;;N;0,00;;;;N;;;;N;;;;;;;;;;;;;;;;;;;N;;;;;N;;;;;;;;;1,00;100,00;;1;;;;V;N;;;;N;;;;;;;;;N;;;;;;;;;N;;;N;OM;;N;N;;;;;N;N;;;0;;;;;;;;;N;;1,00;;U;;;;;N;N;N;0
362;FRALDA PATATI PATATA REGULAR M C/8;60;JC FERREIRA MORAES COMERCIO - ME ;27;HIGIENE PESSOAL;2702;HIGIENE INTIMA INFANTIL;;;270202;FRALDA DESC BASICA M;;;L;OT;PACOTE;PC;PACOTE;1,00;FD C/ 24PC;FD;FARDO;24,00;0,22;0,22;96190000.;"ABSORVENTES/FRALDAS/SEMELHS.DE PASTA DE PAPEL
";96190000;;13;14;13;7898506374168,00;17898506374168,00;7898506374168,00;362;0;361;FRALDA PATATI PATATA REGULAR G C/7;;361;FRALDA PATATI PATATA REGULAR G C/7;;;;;N;;;;;;;;;;;;;;;;;;FL;;;;;N;;N;;;;;;N;;;;;;;;;;;;;15;FERNANDO FREIRE;453;AMF CONSULTA;453;10/11/2015;09/12/2022 17:19:54;05/03/2024 12:05:53;09/12/2022 17:19:54;11/04/2015;;S;S;N;;C;C;;N;;;1,00;0,50;0,50;0,50;P;0,00;;;2,70;0,00;;0,00;21;;S;0;;;N;N;N;R;0,00;0,00;0,00;0,00;0,00;0,00;0,00;0,00;0,00;0,00;;0,00;0,00;N;N;;S;N;;;N;;;;N;;;;;S;0,00;;;N;N;;;;;N;;;;N;N;;0,00;0,00;;0,00;;0,00;0,00;0,00;0,00;0,00;0,00;0,00;0,00;;;;;;N;;0,00;;;;;;;;;N;N;;N;;;;0,00;N;N;N;;;;;N;;;;;N;S;N;E;;PA;1;1;;1;;;;;;;N;0,00;;;;N;;;;N;;;;;;;;;;;;;;;;;;;N;;;;;N;;;;;;;;;1,00;100,00;;1;;;;V;N;;;;N;;;;;;;;;N;;;;;;;;;N;;;N;OM;;N;N;;;;;N;N;;;0;;;;;;;;;N;;1,00;;U;;;;;N;N;N;0
363;FRALDA PATATI PATATA REGULAR P C/10;60;JC FERREIRA MORAES COMERCIO - ME ;27;HIGIENE PESSOAL;2702;HIGIENE INTIMA INFANTIL;;;270201;FRALDA DESC BASICA P;;;L;OT;PACOTE;PC;PACOTE;1,00;FD C/ 24PC;FD;FARDO;24,00;0,18;0,18;96190000.;"ABSORVENTES/FRALDAS/SEMELHS.DE PASTA DE PAPEL
";96190000;;0;0;0;0,00;0,00;0,00;363;8;361;FRALDA PATATI PATATA REGULAR G C/7;;361;FRALDA PATATI PATATA REGULAR G C/7;;;;;N;;;;;;;;;;;;;;;;;;FL;;;;;N;;N;;;;;;N;;;;;;;;;;;;;15;FERNANDO FREIRE;453;AMF CONSULTA;453;15/12/1992;09/12/2022 17:19:54;05/03/2024 12:05:53;09/12/2022 17:19:54;11/04/2015;;S;S;N;;C;;;N;;;1,00;0,50;0,50;0,50;P;0,00;;;2,70;0,00;;0,00;21;;S;0;;;N;N;N;R;0,00;0,00;0,00;0,00;0,00;0,00;0,00;0,00;0,00;0,00;;0,00;0,00;N;N;;S;N;;;N;;;;N;;;;;S;0,00;;;N;N;;;;;N;;;;N;N;;0,00;0,00;;0,00;;0,00;0,00;0,00;0,00;0,00;0,00;0,00;0,00;;;;;;N;;0,00;;;;;;;;;N;N;;N;;;;0,00;N;N;N;;;;;N;;;;;N;S;N;E;;PA;1;1;;1;;;;;;;N;0,00;;;;N;;;;N;;;;;;;;;;;;;;;;;;;N;;;;;N;;;;;;;;;1,00;100,00;;1;;;;V;N;;;;N;;;;;;;;;N;;;;;;;;;N;;;N;OM;;N;N;;;;;N;N;;;0;;;;;;;;;N;;1,00;;U;;;;;N;N;N;0
364;FRALDA PATATI PATATA REGULAR XG C/7;60;JC FERREIRA MORAES COMERCIO - ME ;27;HIGIENE PESSOAL;2702;HIGIENE INTIMA INFANTIL;;;270204;FRALDA DESC BASICA XG;;;L;OT;PACOTE;PC;PACOTE;1,00;FD C/ 24PC;FD;FARDO;24,00;0,21;0,21;96190000.;"ABSORVENTES/FRALDAS/SEMELHS.DE PASTA DE PAPEL
";96190000;;13;14;13;7898506374182,00;17898506374182,00;7898506374182,00;364;6;361;FRALDA PATATI PATATA REGULAR G C/7;;361;FRALDA PATATI PATATA REGULAR G C/7;;;;;N;;;;;;;;;;;;;;;;;;FL;;;;;N;;N;;;;;;N;;;;;;;;;;;;;15;FERNANDO FREIRE;453;AMF CONSULTA;453;10/11/2015;09/12/2022 17:19:53;05/03/2024 12:05:53;09/12/2022 17:19:53;11/04/2015;;S;S;N;;C;C;;N;;;1,00;0,50;0,50;0,50;P;0,00;;;2,77;0,00;;0,00;21;;S;0;;;N;N;N;R;0,00;0,00;0,00;0,00;0,00;0,00;0,00;0,00;0,00;0,00;;0,00;0,00;N;N;;S;N;;;N;;;;N;;;;;S;0,00;;;N;N;;;;;N;;;;N;N;;0,00;0,00;;0,00;;0,00;0,00;0,00;0,00;0,00;0,00;0,00;0,00;;;;;;N;;0,00;;;;;;;;;N;N;;N;;;;0,00;N;N;N;;;;;N;;;;;N;S;N;E;;PA;1;1;;1;;;;;;;N;0,00;;;;N;;;;N;;;;;;;;;;;;;;;;;;;N;;;;;N;;;;;;;;;1,00;100,00;;1;;;;V;N;;;;N;;;;;;;;;N;;;;;;;;;N;;;N;OM;;N;N;;;;;N;N;;;0;;;;;;;;;N;;1,00;;U;;;;;N;N;N;0
365;FUMO CORINGA EXTRA FORTE 50G;3843;HC BRUNO TABACARIA LTDA;14;BAZAR;1410;FUMO;;;141001;FUMO EXTRA FORTE;;;L;OT;1UNX50GR;UN;UNIDADE;1,00;FD C/ 200UN;FD;FARDO;200,00;0,05;0,05;24031900.;"TABACO PARA FUMAR, MESMO CONTENDO SUCEDANEOS	";24031900;;13;14;13;7898970135012,00;17898970135064,00;7898970135012,00;51120;4;365;FUMO CORINGA EXTRA FORTE 50G;;365;FUMO CORINGA EXTRA FORTE 50G;;;;;N;;;;;;;;;;;;;;;;1;DISTRIBUIDORA FREITAS LOPES LTDA;  ;;;; ;N;;S;;;;;;N;;;;;;;;;;;;;15;FERNANDO FREIRE;217;COMPRADOR - CRISTIANO;1275;;14/10/2025;21/11/2025 15:52:00;01/09/2025 15:27:09;11/04/2015;;S;S;N;;B;C;;N;;;1,00;0,50;0,50;0,50;P;0,00;;;3,75;0,00;;0,00;21;;S;0;;;N;N;N;R;0,00;0,00;0,00;0,00;0,00;0,00;0,00;0,00;0,00;0,00;;0,00;0,00;N;N;;S;N;;;N;;;;N;;;;;S;0,00;;;N;N;;;;;N;;;;N;N;;0,00;0,00;;0,00;;0,00;0,00;0,00;0,00;0,00;0,00;0,00;0,00;;;;;;N;;0,00;;;;;;;;;N;N;;N;;;;0,00;N;N;N;;;;;N;;;;;S;S;N;E;;PA;1;1;;1;;0,00;;10,69;;1,00;N;0,00;;;;N;;;;N;;;;0,00;;;;;;;;;;;;;;;N;;20;;;N;;;;;;;;;1,00;100,00;;1;;;;V;N;;;;N;;;;;;;;;N;;;;;;;;;N;;;N;OM;;N;N;;;;;N;N;;;0;;;;;;;;;N;;1,00;;U;;;1;;N;N;N;0
5195;CEREAL BARRA QUAKER TORTA LIMAO 22G;15;COM DIST E IND ESTRELA DO NORTE LTDA;30;ESPACO SAUDE;3004;INTEGRAL;;;300401;LANCHES INTEGRAL;;;L;OT;UNIDADE;UN;UNIDADE;1,00;DP C/ 03UN;PC;PACOTE;3,00;0,07;0,07;19042000.;PREPARAC?ES ALIMENTICIAS OBTIDAS A PARTIR DE FLOCOS DE CEREAIS N ?O TORRADOS OU DEMISTURAS DE FLOCOS DE CEREAIS N?O TORRADOS COM FLOCOS DE CEREAIS TORRADOS OU EXPANDIDOS.;19042000;;13;13;13;7894321613673,00;7894321613680,00;7894321613673,00;7626;2;5195;CEREAL BARRA QUAKER TORTA LIMAO 22G;;5195;CEREAL BARRA QUAKER TORTA LIMAO 22G;;;;;N;;;;;;;;;;;;;;;;;;FL;;;;;N;;N;;;;;;N;;;;;;;;;;;;;1701;LETICIA MARIA DA SILVA;453;AMF CONSULTA;453;12/06/2019;27/12/2022 15:07:37;05/03/2024 12:05:53;27/12/2022 15:07:37;15/02/2019;;S;N;N;;C;;;N;;;;0,50;0,50;0,50;P;0,00;;;1,22;0,00;;0,00;28;;N;0;;;N;N;N;R;0,00;0,00;0,00;0,00;0,00;0,00;0,00;0,00;0,00;0,00;;0,00;0,00;N;N;;S;N;;;N;;;;N;;;;;S;0,00;;;N;N;;;;;N;;;;N;N;;0,00;0,00;;0,00;;0,00;0,00;0,00;0,00;0,00;0,00;0,00;0,00;;;;;;N;;0,00;;;;;;;;;N;N;;N;;;;0,00;N;;N;;;;;N;;;;;N;S;N;E;;PA;1;1;;1;;;;;;;N;;;;;N;;;;N;;;;0,00;;;;;;;;;;;;;;;N;;;;;N;;;;;;;;;1,00;1,00;;1;;;;V;N;;;;N;;;;;;;;;;;;;;;;;;N;;;;OM;;N;N;;;;;N;N;;;0;;;;;;;;;N;;1,00;;U;;;2;;N;N;N;0
5196;BISC QUAKER COOKIE AVEIA C/PASSAS 40G;15;COM DIST E IND ESTRELA DO NORTE LTDA;22;LANCHE;2206;BISCOITO DOCE;;;220610;BISCOITOS ESPECIAIS;;;L;OT;UNIDADE;UN;UNIDADE;1,00;PCT C/ 7UN;PC;PACOTE;7,00;0,74;0,74;19053100.;"OUTS.BOLACHAS/BISCOITOS COM EDULCORANTES
";19053100;;13;0;13;7894321216522,00;0,00;7894321216522,00;10724;1;5196;BISC QUAKER COOKIE AVEIA C/PASSAS 40G;;4995;BISC QUAKER COOKIE AVEIA CAC/AVELA 40G;;;;;N;;;;;;;;;;;;;;;;2;DISTRIBUIDORA FREITAS LOPES (LA BODEGA);FL;;;;;N;;S;;;;;;N;;;;;;;;;;;;;1701;LETICIA MARIA DA SILVA;453;AMF CONSULTA;453;12/08/2022 10:18:26;27/12/2022 15:07:37;07/05/2025 13:45:03;27/12/2022 15:07:37;15/02/2019;;S;N;N;;C;C;;N;;;1,00;0,50;0,50;0,50;P;0,00;;;1,99;0,00;;0,00;21;;S;0;;;N;N;N;R;0,00;0,00;0,00;0,00;0,00;0,00;0,00;0,00;0,00;0,00;;0,00;0,00;N;N;;S;N;;;N;;;;N;;;;;S;0,00;;;N;N;;;;;N;;;;N;N;;0,00;0,00;;0,00;;0,00;0,00;0,00;0,00;0,00;0,00;0,00;0,00;;;;;;N;;0,00;;;;;;;;;N;N;;N;;;;0,00;N;N;N;;;;;N;;;;;N;S;N;E;180;PA;1;1;;1;;0,00;;4,20;;;N;0,00;;;;N;;;;N;;;;0,00;;;;;;;;;;;;;100,00;80,00;N;;;;;N;;;;;;;;;1,00;100,00;;1;;;;V;N;144;;;N;;;;;;;;;N;;;;;;;;;N;;;N;OM;;N;N;;;;;N;N;;;0;;;;;;;;;N;;1,00;;U;;;2;;N;N;N;0
366;GOIABADA OLE LT 600G;4;ANGELO AURICCHIO & CIA LTDA;19;DOCERIA;1905;GOIABADA;;;190502;GOIABAD GRANDE;;;L;OT;UNIDADE;UN;UNIDADE;1,00;CX C/ 12UN;CX;CAIXA;12,00;0,80;0,80;20079910.;"PREPARAC?ES DE PRODUTOS HORTICOLAS, DE FRUTAS OU DE OUTRAS PARTES DE PLANTAS - DOCES, GELEIAS, MARMELADES, PURES E PASTAS DE FRUTA, OBTIDOS POR COZIMENTO, MESMO COM ADIC?O DE ACUCAR OU DE OUTROS EDULCORANTES. - OUTROS: - OUTROS - GELEIAS E MARMELADES
";20079910;;13;14;13;7891032018254,00;27891032018203,00;7891032018254,00;366;2;366;GOIABADA OLE LT 600G;;366;GOIABADA OLE LT 600G;;;;;N;;;;;;;;;;;;;;;;;;FL;;;;;N;;S;;;;;;N;;;;;;;;;;;;;15;FERNANDO FREIRE;453;AMF CONSULTA;453;15/12/1992;15/12/2022 17:48:46;07/05/2025 13:45:03;15/12/2022 17:48:46;11/04/2015;;S;S;N;;C;C;;N;;;1,00;0,50;0,50;0,50;P;0,00;;;6,22;0,00;;0,00;21;;S;0;;;N;N;N;R;4,10;0,00;0,00;0,00;0,00;0,00;0,00;0,00;0,00;0,00;;0,00;0,00;N;N;;S;N;;;N;;;;N;;;;;S;0,00;;;N;N;;;;;N;;;;N;N;;0,00;0,00;;0,00;;0,00;0,00;0,00;0,00;0,00;0,00;0,00;0,00;;;;;;N;;0,00;;;;;;;;;N;N;;N;;;;4,10;N;N;N;;;;;N;;;;;S;S;N;E;;PA;1;1;;1;;0,00;;9,72;;;N;0,00;;;;N;;;;N;;;;0,00;;;;;;;;;01/01/2018;;;;;;N;;;;;N;;;;;;;;;1,00;100,00;;1;;;;V;N;;;;N;;;;;;;;;N;;;;;;;;;N;;;N;OM;;N;N;;;;;N;N;;;0;;;;;;;;;N;;1,00;;U;;;;;N;N;N;0
367;GOIABADA OLE PT 300G;4;ANGELO AURICCHIO & CIA LTDA;19;DOCERIA;1905;GOIABADA;;;190501;GOIABADA PEQ;;;MP;OT;UNIDADE;UN;UNIDADE;1,00;CX C/ 24UN;CX;CAIXA;24,00;0,33;0,33;20079910.;"PREPARAC?ES DE PRODUTOS HORTICOLAS, DE FRUTAS OU DE OUTRAS PARTES DE PLANTAS - DOCES, GELEIAS, MARMELADES, PURES E PASTAS DE FRUTA, OBTIDOS POR COZIMENTO, MESMO COM ADIC?O DE ACUCAR OU DE OUTROS EDULCORANTES. - OUTROS: - OUTROS - GELEIAS E MARMELADES
";20079910;;13;14;13;7891032018100,00;37891032018101,00;7891032018100,00;1810;0;367;GOIABADA OLE PT 300G;;367;GOIABADA OLE PT 300G;;;;;N;;;;;;;;;;;;;;;;;;FL;;;;;N;;S;;;;;;N;;;;;;;;;;;;;15;FERNANDO FREIRE;453;AMF CONSULTA;453;16/12/1992;15/12/2022 17:48:47;07/05/2025 13:45:03;15/12/2022 17:48:47;11/04/2015;;S;S;N;;C;C;;N;;;1,00;0,50;0,50;0,50;P;0,00;;;2,41;0,00;;0,00;21;;S;0;;;N;N;N;R;3,09;0,00;0,00;0,00;0,00;0,00;0,00;0,00;0,00;0,00;;0,00;0,00;N;N;;S;N;;;N;;;;N;;;;;S;0,00;;;N;N;;;;;N;;;;N;N;;0,00;0,00;;0,00;;0,00;0,00;0,00;0,00;0,00;0,00;0,00;0,00;;;;;;N;;0,00;;;;;;;;;N;N;;N;;;;3,09;N;N;N;;;;;N;;;;;S;S;N;E;;PA;1;1;;1;;0,00;;7,97;;1,00;N;0,00;;;;N;;;;N;;;;0,00;;;;;;;;;01/02/2018;;;;;;N;;;;;N;;;;;;;;;1,00;100,00;;1;;;;V;N;;;;N;;;;;;;;;N;;;;;;;;;N;;;N;OM;;N;N;;;;;N;N;;;0;;;;;;;;;N;;1,00;;U;;;;;N;N;N;0
368;GOIABADA PALMEIRON PT 500G;20;ASA INDUSTRIA E COMERCIO LTDA (PE);19;DOCERIA;1905;GOIABADA;;;190502;GOIABAD GRANDE;;;L;OT;UNIDADE;UN;UNIDADE;1,00;CX C/ 20UN;CX;CAIXA;20,00;0,54;0,54;20079910.;"PREPARAC?ES DE PRODUTOS HORTICOLAS, DE FRUTAS OU DE OUTRAS PARTES DE PLANTAS - DOCES, GELEIAS, MARMELADES, PURES E PASTAS DE FRUTA, OBTIDOS POR COZIMENTO, MESMO COM ADIC?O DE ACUCAR OU DE OUTROS EDULCORANTES. - OUTROS: - OUTROS - GELEIAS E MARMELADES
";20079910;;13;14;13;7898366930351,00;67898366930353,00;7898366930351,00;2000318652/313035;9;368;GOIABADA PALMEIRON PT 500G;;368;GOIABADA PALMEIRON PT 500G;;;;;N;;;;;;;;;;;;;;;P:\BRUUUUUNO\368.PNG;1;DISTRIBUIDORA FREITAS LOPES LTDA;  ;;;;;N;;S;;;1;FOOD;;N;;;;;;;;;;;;;15;FERNANDO FREIRE;217;COMPRADOR - CRISTIANO;1275;;07/01/2025 09:29:29;06/06/2025 14:59:51;07/01/2025 09:29:29;11/04/2015;;S;S;N;;C;C;;N;;;1,00;0,50;0,50;0,50;P;0,00;;;5,49;0,00;;0,00;21;;S;0;;;N;N;N;R;0,00;0,00;0,00;0,00;0,00;0,00;0,00;0,00;0,00;0,00;;0,00;0,00;N;N;;S;N;;;N;;;;N;;;;;S;0,00;;;N;N;;;;;N;;;;N;N;;0,00;0,00;;0,00;;0,00;0,00;0,00;0,00;0,00;0,00;0,00;0,00;;;;;;N;;0,00;;;;;;;;;N;N;;N;;;;0,00;N;N;N;;;;;N;;;;;S;S;N;E;360;PA;1;1;;1;;0,00;;10,83;;1,00;N;0,00;;;;N;;;;N;;S;;0,00;;;;;;;;;24/05/2017;;;;100,00;60,00;N;;20;;;N;;;;;;;;;1,00;100,00;;1;;;;V;N;216;;;N;;;;;;;;;N;;;;;;;;;N;;;N;OM;;N;N;;;;N;N;N;;;0;;;;;;;;;N;;1,00;;U;;;1;;N;N;N;0
369;GOIABADA PALMEIRON PT 250G;20;ASA INDUSTRIA E COMERCIO LTDA (PE);19;DOCERIA;1905;GOIABADA;;;190501;GOIABADA PEQ;;;L;OT;UNIDADE;UN;UNIDADE;1,00;CX C/ 24UN;CX;CAIXA;24,00;0,28;0,28;20079910.;"PREPARAC?ES DE PRODUTOS HORTICOLAS, DE FRUTAS OU DE OUTRAS PARTES DE PLANTAS - DOCES, GELEIAS, MARMELADES, PURES E PASTAS DE FRUTA, OBTIDOS POR COZIMENTO, MESMO COM ADIC?O DE ACUCAR OU DE OUTROS EDULCORANTES. - OUTROS: - OUTROS - GELEIAS E MARMELADES
";20079910;;13;14;13;7898366930344,00;17898366930341,00;7898366930344,00;2000318422/313034;7;369;GOIABADA PALMEIRON PT 250G;;369;GOIABADA PALMEIRON PT 250G;;;;;N;;;;;;;;;;;;;;;;;;  ;;;;;N;;S;;;1;FOOD;;N;;;;;;;;;;;;;15;FERNANDO FREIRE;265;GILBERTO PINHEIRO GUIMARAES;103;;25/11/2024;27/08/2025 09:48:18;06/08/2025 08:50:03;11/04/2015;;S;S;N;;C;B;;N;;;1,00;0,50;0,50;0,50;P;0,00;;;2,39;0,00;;0,00;21;;S;0;;;N;N;N;R;0,00;0,00;0,00;0,00;0,00;0,00;0,00;0,00;0,00;0,00;;0,00;0,00;N;N;;S;N;;;N;;;;N;;;;;S;0,00;;;N;N;;;;;N;;;;N;N;;0,00;0,00;;0,00;;0,00;0,00;0,00;0,00;0,00;0,00;0,00;0,00;;;;;;N;;0,00;;;;;;;;;N;N;;N;;;;0,00;N;N;N;;;;;N;;;;;S;S;N;E;360;PA;1;1;;1;;0,00;;6,65;;1,00;N;0,00;;;;N;;;;N;;;;0,00;;;;;;;;;;;;;100,00;60,00;N;;20;;;N;;;;;;;;;1,00;100,00;;1;;;;V;N;215;;;N;;;;;;;;;N;;;;;;;;;N;;;N;OM;;N;N;;;;N;N;N;;;0;;;;;;;;;N;;1,00;;U;;;;;N;N;N;0
370;GOIABADA TAMBAU 300G;111;TAMBAU INDUSTRIA ALIMENTICIA LTDA;19;DOCERIA;1905;GOIABADA;;;190501;GOIABADA PEQ;;;L;OT;UNIDADE;UN;UNIDADE;1,00;CX C/ 24UN;CX;CAIXA;24,00;0,33;0,33;20079990.;OUTROS, DOCES, GELEIAS OBT.P/COZIMENTO;20079990;;13;14;13;7896945400035,00;17896945400032,00;7896945400035,00;0101046;0;370;GOIABADA TAMBAU 300G;;370;GOIABADA TAMBAU 300G;;;;;N;;;;;;;;;;;;;;;;;;FL;;;;;N;;S;;;;;;N;;;;;;;;;;;;;15;FERNANDO FREIRE;107;MARCOS ANTONIO ESPINDOLA FRANCA;453;16/12/1992;15/12/2022 17:48:58;07/05/2025 13:45:03;15/12/2022 17:48:58;11/04/2015;;S;S;N;;C;B;;N;;;1,00;0,50;0,50;0,50;P;0,00;;;2,25;0,00;;0,00;21;;S;0;;;N;N;N;R;20,32;0,00;0,00;0,00;0,00;0,00;0,00;0,00;0,00;0,00;;0,00;0,00;N;N;;S;N;;;N;;;;N;;;;;S;0,00;;;N;N;;;;;N;;;;N;N;;0,00;0,00;;0,00;;0,00;0,00;0,00;0,00;0,00;0,00;0,00;0,00;;;;;;N;;0,00;;;;;;;;;N;N;;N;;;;20,32;N;N;N;;;;;N;;;;;S;S;N;E;360;PA;1;1;;1;;0,00;;8,10;;1,00;N;0,00;;;;N;;;;N;;;;0,00;;;;;;;;;01/05/2017;;;;100,00;80,00;N;;;;;N;;;;;;;;;1,00;100,00;;1;;;;V;N;288;;;N;;;;;;;;;N;;;;;;;;;N;;;N;OM;;N;N;;;;;N;N;;;0;;;;;;;;;N;;1,00;;U;;;;;N;N;N;0
5440;BOMB CHICLE BIG BIG TATTO TUTFRUIT 315G;33;DN DISTRIBUIDORA E REPRESENTACOES EIRELI  ;22;LANCHE;2201;BOMBONIERE;;;220101;BALAS;;;MC;OT;UNIDADE;UN;UNIDADE;1,00;CX C/ 18UN;CX;CAIXA;18,00;0,32;0,32;17041000.;GOMA DE MASCAR,SEM CACAU;17041000;;13;0;13;7891118015030,00;0,00;7891118015030,00;13472;0;5440;BOMB CHICLE BIG BIG TATTO TUTFRUIT 315G;;4575;BOMB CHICLE BIG BIG HORTELA 350G;;;;;N;;;;;;;;;;;;;;;;3;AMF ATACAREJO LTDA;FL;;;;;N;;S;;;;;;N;;;;;;;;;;;;;1701;LETICIA MARIA DA SILVA;453;AMF CONSULTA;453;15/12/1992;20/10/2022 09:25:32;05/03/2024 12:05:54;20/10/2022 09:25:32;24/05/2019;;S;N;N;;C;;;N;;;;0,50;0,50;0,50;P;0,00;;;0,05;0,00;;0,00;28;;N;0;;;N;N;N;R;0,00;0,00;0,00;0,00;0,00;0,00;0,00;0,00;0,00;0,00;;0,00;0,00;N;N;;S;N;;;N;;;;N;;;;;S;0,00;;;N;N;;;;;N;;;;N;N;;0,00;0,00;;0,00;;0,00;0,00;0,00;0,00;0,00;0,00;0,00;0,00;;;;;;N;;0,00;;;;;;;;;N;N;;N;;;;0,00;N;;N;;;;;N;;;;;N;N;N;E;;PA;1;1;;1;CX;0,08;;40,00;;;N;;;;;N;;;;N;;;;0,00;;;;;;;;;13/01/2019;;;;;;N;;;;;N;;;;;;;;;1,00;1,00;;1;;;;V;N;;;;N;;;;;;;;;;;;;;;;;;N;;;;OM;;N;N;;;;;N;N;;;0;;;;;;;;;N;;1,00;;U;;;2;;N;N;N;0
371;GOIABADA TAMBAU 600G;111;TAMBAU INDUSTRIA ALIMENTICIA LTDA;19;DOCERIA;1905;GOIABADA;;;190502;GOIABAD GRANDE;;;L;OT;UNIDADE;UN;UNIDADE;1,00;CX C/ 20UN;CX;CAIXA;20,00;0,65;0,65;20079910.;"PREPARAC?ES DE PRODUTOS HORTICOLAS, DE FRUTAS OU DE OUTRAS PARTES DE PLANTAS - DOCES, GELEIAS, MARMELADES, PURES E PASTAS DE FRUTA, OBTIDOS POR COZIMENTO, MESMO COM ADIC?O DE ACUCAR OU DE OUTROS EDULCORANTES. - OUTROS: - OUTROS - GELEIAS E MARMELADES
";20079910;;13;14;13;7896945400028,00;17896945400025,00;7896945400028,00;0101018;9;371;GOIABADA TAMBAU 600G;;371;GOIABADA TAMBAU 600G;;;;;N;;;;;;;;;;;;;;;;;;FL;;;;;N;;S;;;;;;N;;;;;;;;;;;;;15;FERNANDO FREIRE;453;AMF CONSULTA;453;09/06/2025;15/12/2022 17:48:58;09/06/2025 18:25:06;15/12/2022 17:48:58;11/04/2015;;S;S;N;;C;C;;N;;;1,00;0,50;0,50;0,50;P;0,00;;;4,23;0,00;;0,00;21;;S;0;;;N;N;N;R;13,43;0,00;0,00;0,00;0,00;0,00;0,00;0,00;0,00;0,00;;0,00;0,00;N;N;;S;N;;;N;;;;N;;;;;S;0,00;;;N;N;;;;;N;;;;N;N;;0,00;0,00;;0,00;;0,00;0,00;0,00;0,00;0,00;0,00;0,00;0,00;;;;;;N;;0,00;;;;;;;;;N;N;;N;;;;13,43;N;N;N;;;;;N;;;;;S;S;N;E;360;PA;1;1;;1;;0,00;;13,23;;1,00;N;0,00;;;;N;;;;N;;;;0,00;;;;;;;;;01/01/2018;;;;100,00;80,00;N;;20;;;N;;;;;;;;;1,00;100,00;;1;;;;V;N;288;;;N;;;;;;;;;N;;;;;;;;;N;;;N;OM;;N;N;;;;;N;N;;;0;;;;;;;;;N;;1,00;;U;;;;;N;N;N;0
372;GORD VEG M DIAS BRANCO MULTIUSO 24KG;1476;COMVAR COMERCIAL EIRELI;26;PERECIVEL;2605;GORDURA VEGETAL;;;260502;GORDURA VEGETAL CAIXA;;;L;OT;UNIDADE;UN;UNIDADE;1,00;1X1;CX;CAIXA;1,00;24,80;24,80;15162000.;"GORDURAS E OLEOS,VEGETAIS,HIDROGENS.INTERESTERIFS.ETC.
";15162000;;13;0;13;7891152504262,00;0,00;7891152504262,00;372;7;372;GORD VEG M DIAS BRANCO MULTIUSO 24KG;;372;GORD VEG M DIAS BRANCO MULTIUSO 24KG;;;;;N;;;;;;;;;;;;;;;;1;DISTRIBUIDORA FREITAS LOPES LTDA;FL;;;;;N;;S;;;;;;N;;;;;;;;;;;;;15;FERNANDO FREIRE;453;AMF CONSULTA;453;16/12/1992;14/12/2022 16:28:59;07/05/2025 13:45:03;14/12/2022 16:28:59;11/04/2015;;S;S;N;;C;A;;N;;;1,00;0,50;0,50;0,50;P;0,00;;;258,51;0,00;;0,00;21;;S;0;;;N;N;N;R;0,00;0,00;0,00;0,00;0,00;0,00;0,00;0,00;0,00;0,00;;0,00;0,00;N;N;;S;N;;;N;;;;N;;;;;S;0,00;;;N;N;;;;;N;;;;N;N;;0,00;0,00;;0,00;;0,00;0,00;0,00;0,00;0,00;0,00;0,00;0,00;;;;;;N;;0,00;;;;;;;;;N;N;;N;;;;0,00;N;N;N;;;;;N;;;;;S;S;N;E;;PA;1;1;;1;;0,04;;24,80;;1,00;N;0,00;;;;N;;;;N;;;;0,00;;;;;;;;;;;;;;;N;;;;;N;;;;;;;;;1,00;100,00;;1;;;;V;N;;;;N;;;;;;;;;N;;;;;;;;;N;;;N;OM;;N;N;;;;;N;N;;;0;;;;;;;;;N;;1,00;;U;;;1;;N;N;N;0
373;GRAO DE BICO BONDUELLE LT 200G;7;BONDUELLE DO BRASIL PRODUTOS ALIMENTICIOS LTDA;28;SALADA FRIA;2811;GRAO DE BICO;;;281101;GRAO DE BICO;;;L;OT;UNIDADE;UN;UNIDADE;1,00;CX C/ 24UN;CX;CAIXA;24,00;0,28;0,28;07132090.;"OUTROS GRAOS-DE-BICO,SECOS
";07132090;;13;14;13;3083681038057,00;13083681038057,00;3083681038057,00;88202;5;373;GRAO DE BICO BONDUELLE LT 200G;;373;GRAO DE BICO BONDUELLE LT 200G;;;;;N;;;;;;;;;;;;;;;;2;DISTRIBUIDORA FREITAS LOPES (LA BODEGA);FL;;;;;N;;S;;;;;;N;;;;;;;;;;;;;15;FERNANDO FREIRE;453;AMF CONSULTA;453;15/12/1992;16/12/2022 14:28:24;07/05/2025 13:45:03;16/12/2022 14:28:24;11/04/2015;;S;N;N;;C;C;;N;;;1,00;0,50;0,50;0,50;P;0,00;;;1,10;0,00;;0,00;21;;S;0;;;N;N;N;R;0,00;0,00;0,00;0,00;0,00;0,00;0,00;0,00;0,00;0,00;;0,00;11,27;N;N;;S;N;;;N;;;;N;;;;;S;0,00;;;N;N;;;;;N;;;;N;N;;0,00;0,00;;0,00;;0,00;0,00;0,00;0,00;0,00;0,00;0,00;0,00;;;;;;N;;0,00;;;;;;;;;N;N;;N;;;;0,00;N;N;N;;;;;N;;;;;N;S;N;E;;PA;1;1;;1;;0,00;;6,79;;;N;0,00;;;;N;;;;N;;;;;;;;;;;;;01/03/2019;;;;;;N;;;;;N;;;;;;;;;1,00;100,00;;1;;;;V;N;;;;N;;;;;;;;;N;;;;;;;;;N;;;N;OM;;N;N;;;;;N;N;;;0;;;;;;;;;N;;1,00;;U;;;2;;N;N;N;0
374;GUARD PAPEL FLEUR  20X23 C/100;1729;SUZANO S/A;18;DESCARTAVEL;1804;GUARDANAPO E LENCO DE PAPEL;353;DESCARTAVEL;180402;GUARDANAPO PAPEL MED;;;L;OT;UNIDADE;PC;PACOTE;1,00;CX C/ 48PC;CX;CAIXA;48,00;0,12;0,12;48183000.1;(IPI / ESTADUAL) TOALHAS E GUARDANAPOS,DE PAPEL,DE MESA;48183000;01;13;14;13;7896006420316,00;17896006420313,00;7896006420316,00;374;3;374;GUARD PAPEL FLEUR  20X23 C/100;;374;GUARD PAPEL FLEUR  20X23 C/100;;;;;N;;;;;;;;;;;;;;;;;;FL;;;;;N;;S;;;;;;N;;;;;;;;;;;;;15;FERNANDO FREIRE;265;GILBERTO PINHEIRO GUIMARAES;453;31/10/2019;09/06/2023;07/05/2025 13:45:03;16/12/2022 15:01:33;11/04/2015;;S;S;N;;C;C;;N;;;1,00;0,50;0,50;0,50;P;0,00;;;0,94;0,00;;0,00;21;;S;0;;;N;N;N;R;0,00;0,00;0,00;0,00;0,00;0,00;0,00;0,00;0,00;0,00;;0,00;0,00;N;N;;S;N;;;N;;;;N;;;;;S;0,00;;;N;N;;;;;N;;;;N;N;;0,00;0,00;;0,00;;0,00;0,00;0,00;5,00;0,00;0,00;0,00;0,00;;;;;;N;;0,00;;;;;;;;;N;N;;N;;;;0,00;N;N;N;;;;;N;;;;;S;S;N;E;;PA;1;1;;1;;0,00;;5,78;;;N;0,00;;;;N;;;;N;;;;0,00;;;;;;;;;;;;;;;N;;;;;N;;;;;;;;;1,00;100,00;;1;;;;V;N;;;;N;;;;;;;;;N;;;;;;;;;N;;;N;OM;;N;N;;;;;N;N;;;0;;;;;;;;;N;;1,00;;U;;;;;N;N;N;0
375;GUARD PAPEL FLEUR 14X13 C/500;1729;SUZANO S/A;18;DESCARTAVEL;1804;GUARDANAPO E LENCO DE PAPEL;353;DESCARTAVEL;180401;GUARDANAPO DE PAPEL PEQ;;;L;OT;UNIDADE;PC;PACOTE;1,00;CX C/ 08PC;CX;CAIXA;8,00;0,20;0,20;48183000.1;(IPI / ESTADUAL) TOALHAS E GUARDANAPOS,DE PAPEL,DE MESA;48183000;01;13;14;13;7896006420019,00;17896006420016,00;7896006420019,00;375;1;375;GUARD PAPEL FLEUR 14X13 C/500;;375;GUARD PAPEL FLEUR 14X13 C/500;;;;;N;;;;;;;;;;;;;;;;;;FL;;;;;N;;S;;;;;;N;;;;;;;;;;;;;15;FERNANDO FREIRE;453;AMF CONSULTA;453;16/07/2019;16/12/2022 15:01:49;07/05/2025 13:45:03;16/12/2022 15:01:49;11/04/2015;;S;S;N;;C;B;;N;;;1,00;0,50;0,50;0,50;P;0,00;;;1,73;0,00;;0,00;21;;S;0;;;N;N;N;R;0,00;0,00;0,00;0,00;0,00;0,00;0,00;0,00;0,00;0,00;;0,00;0,00;N;N;;S;N;;;N;;;;N;;;;;S;0,00;;;N;N;;;;;N;;;;N;N;;0,00;0,00;;0,00;;0,00;0,00;0,00;5,00;0,00;0,00;0,00;0,00;;;;;;N;;0,00;;;;;;;;;N;N;;N;;;;0,00;N;N;N;;;;;N;;;;;S;S;N;E;;PA;1;1;;1;;0,00;;1,69;;;N;0,00;;;;N;;;;N;;;;0,00;;;;;;;;;;;;;;;N;;;;;N;;;;;;;;;1,00;100,00;;1;;;;V;N;;;;N;;;;;;;;;N;;;;;;;;;N;;;N;OM;;N;N;;;;;N;N;;;0;;;;;;;;;N;;1,00;;U;;;;;N;N;N;0
5441;BOMB CHICLE FINI SALADA DE FRUTAS ;1929;BTM DISTRIBUIDORA DE ALIMENTOS LTDA ;19;DOCERIA;1906;DOCES ESPECIAIS;351;CHECK STAND;190601;DOCES ESPECIAIS DIVERSOS;;;MC;OT;UNIDADE;UN;UNIDADE;1,00;PC C/ 100UN;PC;PACOTE;100,00;0,40;0,40;17041000.;GOMA DE MASCAR,SEM CACAU;17041000;;13;14;13;7898279795061,00;5441,00;7898279795061,00;56207;0;5441;BOMB CHICLE FINI SALADA DE FRUTAS ;;5441;BOMB CHICLE FINI SALADA DE FRUTAS ;;;;;N;;;;;;;;;;;;;;;;2;DISTRIBUIDORA FREITAS LOPES (LA BODEGA);  ;;;;;N;;S;;;;;;N;;;;;;;;;;;;;1701;LETICIA MARIA DA SILVA;1275;BRUNO FREIRE DE SOUZA;1275;;28/03/2024 11:21:37;22/07/2025 10:44:06;28/03/2024 11:21:37;24/05/2019;;S;N;N;;C;;;N;;;;0,50;0,50;0,50;P;0,00;;;6,49;0,00;;0,00;28;;N;0;99;TODAS FILIAIS ;N;N;N;R;0,00;0,00;0,00;0,00;0,00;0,00;0,00;0,00;0,00;0,00;;0,00;0,00;N;N;;S;N;;;N;;;;N;;;;;S;0,00;;;N;N;;;;;N;;;;N;N;;0,00;0,00;;0,00;;0,00;0,00;0,00;0,00;0,00;0,00;0,00;0,00;;;;;;N;;0,00;;;;;;;;;N;N;;N;;;;0,00;N;;N;;;;;N;;;;;N;N;N;E;;PA;1;1;;1;CX;0,08;;40,00;;;N;;;;;N;;;;N;;;;0,00;;;;;;;;;13/01/2019;;;;;;N;;20;;;N;;;;;;;;;1,00;1,00;;1;;;;V;N;;;;N;;;;;;;;;;;;;;;;;;N;;;;OM;;N;N;;;;N;N;N;;;0;;;;;;;;;N;;1,00;;U;;;2;;N;N;N;0
5442;BOMB BALA ICEKISS MENTA 29G;2940;CENTRO NORTE ATACADISTA FL02;19;DOCERIA;1906;DOCES ESPECIAIS;278;ICEKISS;190601;DOCES ESPECIAIS DIVERSOS;;;L;OT;UNIDADE;UN;UNIDADE;1,00;PC C/ 12UN;PC;PACOTE;12,00;0,07;0,07;17049020.;"BOMBONS,CARAMELOS,CONFEITOS E PASTILHAS,SEM CACAU
";17049020;;13;14;13;7896286616799,00;5442,00;7896286616799,00;374749;7;5442;BOMB BALA ICEKISS MENTA 29G;;5442;BOMB BALA ICEKISS MENTA 29G;;;;;N;;;;;;;;;;;;;;;;2;DISTRIBUIDORA FREITAS LOPES (LA BODEGA);FL;;;;;N;;S;;;;;;N;;;;;;;;;;;;;1701;LETICIA MARIA DA SILVA;453;AMF CONSULTA;453;24/07/2019;20/10/2022 09:05:59;05/03/2024 12:05:54;20/10/2022 09:05:59;24/05/2019;;S;N;N;;C;C;;N;;;;0,50;0,50;0,50;P;0,00;;;0,45;0,00;;0,00;28;;S;0;;;N;N;N;R;0,00;0,00;0,00;0,00;0,00;0,00;0,00;0,00;0,00;0,00;;0,00;0,00;N;N;;S;N;;;N;;;;N;;;;;S;0,00;;;N;N;;;;;N;;;;N;N;;0,00;0,00;;0,00;;0,00;0,00;0,00;0,00;0,00;0,00;0,00;0,00;;;;;;N;;0,00;;;;;;;;;N;N;;N;;;;0,00;N;;N;;;;;N;;;;;N;S;N;E;;PA;1;1;;1;;0,00;;2,33;;;N;;;;;N;;;;N;;;;0,00;;;;;;;;;;;;;;;N;;;;;N;;;;;;;;;1,00;1,00;;1;;;;V;N;;;;N;;;;;;;;;;;;;;;;;;N;;;;OM;;N;N;;;;;N;N;;;0;;;;;;;;;N;;1,00;;U;;;2;;N;N;N;0
376;GUARD PAPEL SCALA 22X20 C/50;1729;SUZANO S/A;18;DESCARTAVEL;1804;GUARDANAPO E LENCO DE PAPEL;353;DESCARTAVEL;180402;GUARDANAPO PAPEL MED;;;L;OT;UNIDADE;PC;PACOTE;1,00;CX C/ 72UN;CX;CAIXA;72,00;0,07;0,07;48183000.1;(IPI / ESTADUAL) TOALHAS E GUARDANAPOS,DE PAPEL,DE MESA;48183000;01;13;14;13;7896006400011,00;17896006400018,00;7896006400011,00;20092384;0;376;GUARD PAPEL SCALA 22X20 C/50;;376;GUARD PAPEL SCALA 22X20 C/50;;;;;N;;;;;;;;;;;;;;;P:\BRUUUUUNO\376.PNG;;;  ;;;;;N;;S;;;1;FOOD;;N;;;;;;;;;;;;;15;FERNANDO FREIRE;217;COMPRADOR - CRISTIANO;1275;;27/11/2024 11:15:50;16/10/2025 15:55:39;27/11/2024 11:15:50;11/04/2015;;S;S;N;;C;C;;N;;;1,00;0,50;0,50;0,50;P;0,00;;;1,29;0,00;;0,00;21;;S;0;;;N;N;N;R;0,00;0,00;0,00;0,00;0,00;0,00;0,00;0,00;0,00;0,00;;0,00;0,00;N;N;;S;N;;;N;;;;N;;;;;S;0,00;;;N;N;;;;;N;;;;N;N;;0,00;0,00;;0,00;;0,00;0,00;0,00;5,00;0,00;0,00;0,00;0,00;;;;;;N;;0,00;;;;;;;;;N;N;;N;;;;0,00;N;N;N;;;;;N;;;;;S;S;N;E;;PA;1;1;;1;;0,00;;4,86;;1,00;N;0,00;;;;N;;;;N;;S;;0,00;;;;;;;;;;;;;;;N;;20;;;N;;;;;;;;;1,00;100,00;;1;;;;V;N;;;;N;;;;;;;;;N;;;;;;;;;N;;;N;OM;;N;N;;;;N;N;N;;;0;;;;;;;;;N;;1,00;;U;;;;;N;N;N;0
353;FRALDA MAXX BABY REGULAR EG C/7;1729;SUZANO S/A;27;HIGIENE PESSOAL;2702;HIGIENE INTIMA INFANTIL;293;SUZANO;270204;FRALDA DESC BASICA XG;;;L;OT;PACOTE;PC;PACOTE;1,00;FD C/ 24PC;FD;FARDO;24,00;0,23;0,23;96190000.2;ABSORVENTES/FRALDAS/SEMELHS.DE PASTA DE PAPEL;96190000;;13;14;13;7896006420040,00;17896006420870,00;7896006420040,00;20092369;0;355;FRALDA MAXX BABY REGULAR M C/8;;355;FRALDA MAXX BABY REGULAR M C/8;;;;;N;;;;;;;;;;;;;;;P:\BRUUUUUNO\353.PNG;;;  ;;;;;N;;S;;;;;;N;;;;;;;;;;;;;15;FERNANDO FREIRE;217;COMPRADOR - CRISTIANO;1275;;27/11/2024 11:14:40;06/11/2025 09:28:47;27/11/2024 11:14:40;11/04/2015;;S;S;N;;C;C;;N;;;1,00;0,50;0,50;0,50;P;0,00;;;5,47;0,00;;0,00;21;;S;0;;;N;N;N;R;0,00;0,00;0,00;0,00;0,00;0,00;0,00;0,00;0,00;0,00;;0,00;0,00;N;N;;S;N;;;N;;;;N;;;;;S;0,00;;;N;N;;;;;N;;;;N;N;;0,00;0,00;;0,00;;0,00;0,00;0,00;0,00;0,00;0,00;0,00;0,00;;;;;;N;;0,00;;;;;;;;;N;N;;N;;;;0,00;N;N;N;;;;;N;;;;;S;S;N;E;;PA;1;1;;1;;0,00;;5,96;;1,00;N;0,00;;;;N;;;;N;;S;;0,00;;;;;;;;;;;;;;;N;;20;;;N;;;;;;;;;1,00;100,00;;1;;;;V;N;;;;N;;;;;;;;;N;;;;;;;;;N;;;N;OM;;N;N;;;;N;N;N;;;0;;;;;;;;;N;;1,00;;U;;;;;N;N;N;0
354;FRALDA MAXX BABY REGULAR G C/7;1729;SUZANO S/A;27;HIGIENE PESSOAL;2702;HIGIENE INTIMA INFANTIL;293;SUZANO;270203;FRALDA DESC BASICA G;;;L;OT;PACOTE;PC;PACOTE;1,00;FD C/ 24PC;FD;FARDO;24,00;0,23;0,23;96190000.2;ABSORVENTES/FRALDAS/SEMELHS.DE PASTA DE PAPEL;96190000;;13;14;13;7896006420033,00;17896006420863,00;7896006420033,00;20092368;9;355;FRALDA MAXX BABY REGULAR M C/8;;355;FRALDA MAXX BABY REGULAR M C/8;;;;;N;;;;;;;;;;;;;;;P:\BRUUUUUNO\354.PNG;;;  ;;;;;N;;S;;;;;;N;;;;;;;;;;;;;15;FERNANDO FREIRE;217;COMPRADOR - CRISTIANO;1275;;27/11/2024 11:16:21;06/11/2025 09:28:47;27/11/2024 11:16:21;11/04/2015;;S;S;N;;C;C;;N;;;1,00;0,50;0,50;0,50;P;0,00;;;5,47;0,00;;0,00;21;;S;0;;;N;N;N;R;0,00;0,00;0,00;0,00;0,00;0,00;0,00;0,00;0,00;0,00;;0,00;0,00;N;N;;S;N;;;N;;;;N;;;;;S;0,00;;;N;N;;;;;N;;;;N;N;;0,00;0,00;;0,00;;0,00;0,00;0,00;0,00;0,00;0,00;0,00;0,00;;;;;;N;;0,00;;;;;;;;;N;N;;N;;;;0,00;N;N;N;;;;;N;;;;;S;S;N;E;;PA;1;1;;1;;0,00;;5,96;;1,00;N;0,00;;;;N;;;;N;;S;;0,00;;;;;;;;;22/02/2020;;;;;;N;;20;;;N;;;;;;;;;1,00;100,00;;1;;;;V;N;;;;N;;;;;;;;;N;;;;;;;;;N;;;N;OM;;N;N;;;;N;N;N;;;0;;;;;;;;;N;;1,00;;U;;;;;N;N;N;0
355;FRALDA MAXX BABY REGULAR M C/8;1729;SUZANO S/A;27;HIGIENE PESSOAL;2702;HIGIENE INTIMA INFANTIL;293;SUZANO;270202;FRALDA DESC BASICA M;;;L;OT;PACOTE;PC;PACOTE;1,00;FD C/ 24PC;FD;FARDO;24,00;0,23;0,23;96190000.2;ABSORVENTES/FRALDAS/SEMELHS.DE PASTA DE PAPEL;96190000;;13;14;13;7896006420101,00;17896006420856,00;7896006420101,00;20092367;7;355;FRALDA MAXX BABY REGULAR M C/8;;355;FRALDA MAXX BABY REGULAR M C/8;;;;;N;;;;;;;;;;;;;;;;;;  ;;;;;N;;S;;;;;;N;;;;;;;;;;;;;15;FERNANDO FREIRE;217;COMPRADOR - CRISTIANO;453;;02/05/2023;16/10/2025 15:55:39;09/12/2022 17:19:53;11/04/2015;;S;S;N;;B;B;;N;;;1,00;0,50;0,50;0,50;P;0,00;;;5,47;0,00;;0,00;21;;S;0;;;N;N;N;R;0,00;0,00;0,00;0,00;0,00;0,00;0,00;0,00;0,00;0,00;;0,00;0,00;N;N;;S;N;;;N;;;;N;;;;;S;0,00;;;N;N;;;;;N;;;;N;N;;17,00;17,00;;7,60;;17,00;0,00;17,00;0,00;41,34;0,00;1,65;0,00;;0,00;;;;N;;0,00;;;;;;;;;N;N;;N;;;;0,00;N;N;N;;;;;N;;;;;S;S;N;E;;PA;1;1;;1;;0,00;;5,40;;1,00;N;0,00;;;;N;;;;N;;;;0,00;;;;;;;;;;;;;;;N;;20;;;N;;;;;;;;;1,00;100,00;;1;;;;V;N;;;;N;;;;;;;;;N;;;;;;;;;N;;;N;OM;;N;N;;;;;N;N;;;0;;;;;;;;;N;;1,00;;U;;;;;N;N;N;0
356;FRALDA MAXX BABY REGULAR P C/10;1729;SUZANO S/A;27;HIGIENE PESSOAL;2702;HIGIENE INTIMA INFANTIL;293;SUZANO;270201;FRALDA DESC BASICA P;;;L;OT;PACOTE;PC;PACOTE;1,00;FD C/ 24PC;FD;FARDO;24,00;0,22;0,21;96190000.2;ABSORVENTES/FRALDAS/SEMELHS.DE PASTA DE PAPEL;96190000;;13;14;13;7896006420095,00;17896006420849,00;7896006420095,00;20092366;5;355;FRALDA MAXX BABY REGULAR M C/8;;355;FRALDA MAXX BABY REGULAR M C/8;;;;;N;;;;;;;;;;;;;;;P:\BRUUUUUNO\356.PNG;;;  ;;;;;N;;S;;;;;;N;;;;;;;;;;;;;15;FERNANDO FREIRE;217;COMPRADOR - CRISTIANO;1275;;27/11/2024 11:16:05;06/11/2025 09:28:47;27/11/2024 11:16:05;11/04/2015;;S;S;N;;C;C;;N;;;1,00;0,50;0,50;0,50;P;0,00;;;5,47;0,00;;0,00;21;;S;0;;;N;N;N;R;0,00;0,00;0,00;0,00;0,00;0,00;0,00;0,00;0,00;0,00;;0,00;0,00;N;N;;S;N;;;N;;;;N;;;;;S;0,00;;;N;N;;;;;N;;;;N;N;;0,00;0,00;;0,00;;0,00;0,00;0,00;0,00;0,00;0,00;0,00;0,00;;;;;;N;;0,00;;;;;;;;;N;N;;N;;;;0,00;N;N;N;;;;;N;;;;;S;S;N;E;;PA;1;1;;1;;0,00;;5,10;;1,00;N;0,00;;;;N;;;;N;;S;;0,00;;;;;;;;;20/06/2019;;;;;;N;;20;;;N;;;;;;;;;1,00;100,00;;1;;;;V;N;;;;N;;;;;;;;;N;;;;;;;;;N;;;N;OM;;N;N;;;;N;N;N;;;0;;;;;;;;;N;;1,00;;U;;;;;N;N;N;0
5427;HIDRAT CORPO MONANGE FTS VERM 200ML;1408;OKAJIMA DISTRIBUICAO E COMERCIO LTDA;27;HIGIENE PESSOAL;2704;HIGIENE CORPORAL;150;COTY;270407;CREME E HIDRATANTE CORPORAL;;;L;OT;UNIDADE;UN;UNIDADE;1,00;CX C/ 24UN;UN;UNIDADE;24,00;0,13;0,13;33072090.1;DESODORANTES (DESODORIZANTES) CORPORAIS - ANTIPERSPIRANTES;33072090;;13;14;13;7898919412334,00;17898919412334,00;7898919412334,00;135330;3;5427;HIDRAT CORPO MONANGE FTS VERM 200ML;;21019;HIDRAT CORPO MONANGE EXT OLIVA 200ML;;;;;N;;;;;;;;;;;;;;;;;;  ;;;;;N;;S;;;;;;N;;;;;;;;;;;;;1701;LETICIA MARIA DA SILVA;1275;BRUNO FREIRE DE SOUZA;1275;;21/12/2022 15:29:16;24/09/2025 10:01:29;24/09/2025 09:59:40;08/05/2019;;S;S;N;;C;C;;N;;;;0,50;0,50;0,50;P;0,00;;;8,99;0,00;;0,00;21;;N;0;;;N;N;N;R;0,00;0,00;0,00;0,00;0,00;0,00;0,00;0,00;0,00;0,00;;0,00;0,00;N;N;;S;N;;;N;;;;N;;;;;S;0,00;;;N;N;;;;;N;;;;N;N;;0,00;0,00;;0,00;;0,00;0,00;0,00;0,00;0,00;0,00;0,00;0,00;;;;;;N;;0,00;;;;;;;;;N;N;;N;;;;0,00;N;;N;;;;;N;;;;;S;S;N;E;310;PA;1;1;;0;;0,00;;1,64;;;N;;;;;N;;;;N;;;;0,00;;;;;;;;;;;;;100,00;85,00;N;;20;;;N;;;;;;;;;1,00;10,00;;1;1;;;V;N;365;;;N;;;;;;;;;;;;;;;;;;N;;;;OM;;N;N;;;;;N;N;;;0;;;;;;;;;N;;1,00;;U;;;;;N;N;N;0
357;FRALDA PATATI PATATA JUMBO G C/20;60;JC FERREIRA MORAES COMERCIO - ME ;27;HIGIENE PESSOAL;2702;HIGIENE INTIMA INFANTIL;;;270209;FRALDA DESC JUMBO;;;L;OT;PACOTE;PC;PACOTE;1,00;FD C/ 08PC;FD;FARDO;8,00;0,53;0,53;96190000.;"ABSORVENTES/FRALDAS/SEMELHS.DE PASTA DE PAPEL
";96190000;;0;0;0;0,00;0,00;0,00;357;3;357;FRALDA PATATI PATATA JUMBO G C/20;;357;FRALDA PATATI PATATA JUMBO G C/20;;;;;N;;;;;;;;;;;;;;;;;;FL;;;;;N;;N;;;;;;N;;;;;;;;;;;;;15;FERNANDO FREIRE;453;AMF CONSULTA;453;15/12/1992;09/12/2022 17:36:53;05/03/2024 12:05:54;09/12/2022 17:36:53;11/04/2015;;S;S;N;;C;C;;N;;;1,00;0,50;0,50;0,50;P;0,00;;;8,30;0,00;;0,00;21;;S;0;;;N;N;N;R;0,00;0,00;0,00;0,00;0,00;0,00;0,00;0,00;0,00;0,00;;0,00;0,00;N;N;;S;N;;;N;;;;N;;;;;S;0,00;;;N;N;;;;;N;;;;N;N;;0,00;0,00;;0,00;;0,00;0,00;0,00;0,00;0,00;0,00;0,00;0,00;;;;;;N;;0,00;;;;;;;;;N;N;;N;;;;0,00;N;N;N;;;;;N;;;;;N;S;N;E;;PA;1;1;;1;;;;;;;N;0,00;;;;N;;;;N;;;;;;;;;;;;;;;;;;;N;;;;;N;;;;;;;;;1,00;100,00;;1;;;;V;N;;;;N;;;;;;;;;N;;;;;;;;;N;;;N;OM;;N;N;;;;;N;N;;;0;;;;;;;;;N;;1,00;;U;;;;;N;N;N;0
358;FRALDA PATATI PATATA JUMBO M C/24;60;JC FERREIRA MORAES COMERCIO - ME ;27;HIGIENE PESSOAL;2702;HIGIENE INTIMA INFANTIL;;;270209;FRALDA DESC JUMBO;;;L;OT;PACOTE;PC;PACOTE;1,00;FD C/ 08PC;FD;FARDO;8,00;0,22;0,22;96190000.;"ABSORVENTES/FRALDAS/SEMELHS.DE PASTA DE PAPEL
";96190000;;0;0;0;0,00;0,00;0,00;358;1;357;FRALDA PATATI PATATA JUMBO G C/20;;357;FRALDA PATATI PATATA JUMBO G C/20;;;;;N;;;;;;;;;;;;;;;;;;FL;;;;;N;;N;;;;;;N;;;;;;;;;;;;;15;FERNANDO FREIRE;453;AMF CONSULTA;453;15/12/1992;09/12/2022 17:36:53;05/03/2024 12:05:54;09/12/2022 17:36:53;11/04/2015;;S;S;N;;C;C;;N;;;1,00;0,50;0,50;0,50;P;0,00;;;8,30;0,00;;0,00;21;;S;0;;;N;N;N;R;0,00;0,00;0,00;0,00;0,00;0,00;0,00;0,00;0,00;0,00;;0,00;0,00;N;N;;S;N;;;N;;;;N;;;;;S;0,00;;;N;N;;;;;N;;;;N;N;;0,00;0,00;;0,00;;0,00;0,00;0,00;0,00;0,00;0,00;0,00;0,00;;;;;;N;;0,00;;;;;;;;;N;N;;N;;;;0,00;N;N;N;;;;;N;;;;;N;S;N;E;;PA;1;1;;1;;;;;;;N;0,00;;;;N;;;;N;;;;;;;;;;;;;;;;;;;N;;;;;N;;;;;;;;;1,00;100,00;;1;;;;V;N;;;;N;;;;;;;;;N;;;;;;;;;N;;;N;OM;;N;N;;;;;N;N;;;0;;;;;;;;;N;;1,00;;U;;;;;N;N;N;0
359;FRALDA PATATI PATATA JUMBO P C/28;60;JC FERREIRA MORAES COMERCIO - ME ;27;HIGIENE PESSOAL;2702;HIGIENE INTIMA INFANTIL;;;270209;FRALDA DESC JUMBO;;;L;OT;PACOTE;PC;PACOTE;1,00;FD C/ 08PC;FD;FARDO;8,00;0,48;0,48;96190000.;"ABSORVENTES/FRALDAS/SEMELHS.DE PASTA DE PAPEL
";96190000;;0;0;0;0,00;0,00;0,00;359;0;357;FRALDA PATATI PATATA JUMBO G C/20;;357;FRALDA PATATI PATATA JUMBO G C/20;;;;;N;;;;;;;;;;;;;;;;;;FL;;;;;N;;N;;;;;;N;;;;;;;;;;;;;15;FERNANDO FREIRE;453;AMF CONSULTA;453;10/11/2015;09/12/2022 17:36:52;05/03/2024 12:05:54;09/12/2022 17:36:52;11/04/2015;;S;S;N;;C;C;;N;;;1,00;0,50;0,50;0,50;P;0,00;;;8,30;0,00;;0,00;21;;S;0;;;N;N;N;R;0,00;0,00;0,00;0,00;0,00;0,00;0,00;0,00;0,00;0,00;;0,00;0,00;N;N;;S;N;;;N;;;;N;;;;;S;0,00;;;N;N;;;;;N;;;;N;N;;0,00;0,00;;0,00;;0,00;0,00;0,00;0,00;0,00;0,00;0,00;0,00;;;;;;N;;0,00;;;;;;;;;N;N;;N;;;;0,00;N;N;N;;;;;N;;;;;N;S;N;E;;PA;1;1;;1;;;;;;;N;0,00;;;;N;;;;N;;;;;;;;;;;;;;;;;;;N;;;;;N;;;;;;;;;1,00;100,00;;1;;;;V;N;;;;N;;;;;;;;;N;;;;;;;;;N;;;N;OM;;N;N;;;;;N;N;;;0;;;;;;;;;N;;1,00;;U;;;;;N;N;N;0
360;FRALDA PATATI PATATA JUMBO XG C/16;60;JC FERREIRA MORAES COMERCIO - ME ;27;HIGIENE PESSOAL;2702;HIGIENE INTIMA INFANTIL;;;270209;FRALDA DESC JUMBO;;;L;OT;PACOTE;PC;PACOTE;1,00;FD C/ 08PC;FD;FARDO;8,00;0,47;0,47;96190000.;"ABSORVENTES/FRALDAS/SEMELHS.DE PASTA DE PAPEL
";96190000;;0;0;0;0,00;0,00;0,00;360;3;357;FRALDA PATATI PATATA JUMBO G C/20;;357;FRALDA PATATI PATATA JUMBO G C/20;;;;;N;;;;;;;;;;;;;;;;;;FL;;;;;N;;N;;;;;;N;;;;;;;;;;;;;15;FERNANDO FREIRE;453;AMF CONSULTA;453;15/12/1992;09/12/2022 17:36:52;05/03/2024 12:05:54;09/12/2022 17:36:52;11/04/2015;;S;S;N;;C;C;;N;;;1,00;0,50;0,50;0,50;P;0,00;;;8,30;0,00;;0,00;21;;S;0;;;N;N;N;R;0,00;0,00;0,00;0,00;0,00;0,00;0,00;0,00;0,00;0,00;;0,00;0,00;N;N;;S;N;;;N;;;;N;;;;;S;0,00;;;N;N;;;;;N;;;;N;N;;0,00;0,00;;0,00;;0,00;0,00;0,00;0,00;0,00;0,00;0,00;0,00;;;;;;N;;0,00;;;;;;;;;N;N;;N;;;;0,00;N;N;N;;;;;N;;;;;N;S;N;E;;PA;1;1;;1;;;;;;;N;0,00;;;;N;;;;N;;;;;;;;;;;;;;;;;;;N;;;;;N;;;;;;;;;1,00;100,00;;1;;;;V;N;;;;N;;;;;;;;;N;;;;;;;;;N;;;N;OM;;N;N;;;;;N;N;;;0;;;;;;;;;N;;1,00;;U;;;;;N;N;N;0
317;FEIJAO SACA CARIOCA T1 50KG;1;DISTRIBUIDORA FREITAS LOPES LTDA;12;INDUSTRIA PRINCESA PA;1204;FEIJAO PRINCESA DO PARA;343;FEIJAO;120403;FEIJAO CARIOCA T1 PRINCESA DO PARA;;;L;OT;SC C/ 50KG;SC;SACA;1,00;1X1;SC;SACA;1,00;50,14;50,14;07133190.;"OUTROS FEIJOES (VIGNA MUNGO OU RADIATA),SECOS,EM GRAOS
";07133190;;8;14;8;100162,00;1100162,00;100162,00;317;4;317;FEIJAO SACA CARIOCA T1 50KG;;317;FEIJAO SACA CARIOCA T1 50KG;;;;;N;;;;;;;;;;;;;;;;;;FL;;;;;N;;S;;;;;;N;;;;;;;;;;;;;15;FERNANDO FREIRE;453;AMF CONSULTA;453;16/12/1992;07/12/2022 17:45:49;07/05/2025 13:45:03;07/12/2022 17:45:48;04/04/2015;;S;S;N;;C;C;;N;;;1,00;0,50;0,50;0,50;P;0,00;;;0,00;0,00;;0,00;21;;S;0;;;N;N;N;R;0,00;0,00;0,00;0,00;0,00;0,00;0,00;0,00;0,00;0,00;;0,00;0,00;N;N;;S;N;;;N;;;;N;;;;;S;0,00;;;N;N;;;;;S;;;;N;N;;0,00;0,00;;0,00;;0,00;0,00;0,00;0,00;0,00;0,00;0,00;0,00;;;;;;N;;0,00;;;;;;;;;N;N;;N;;;;;N;N;N;;;;;N;;;;;S;S;N;E;;PA;1;1;1,00;1;;0,07;;50,14;;1,00;N;0,00;;;;N;;;;N;;;;;;;;;;;;;;;;;;;N;;;;;N;1,00;;;;;;;;1,00;1,00;;1;1;;;V;N;;;;N;;;;;;;;;N;;;;;;;;;N;;;N;OM;;N;N;;;;;N;N;;;0;;;;;;;;;N;;1,00;;U;;;1;;N;N;N;0
318;FEIJAO SACA CARIOCA T2 50KG;1;DISTRIBUIDORA FREITAS LOPES LTDA;12;INDUSTRIA PRINCESA PA;1204;FEIJAO PRINCESA DO PARA;343;FEIJAO;120404;FEIJAO CARIOCA T2 PRINCESA DO PARA;;;L;OT;SC C/ 50KG;SC;SACA;1,00;1X1;SC;SACA;1,00;50,14;50,14;07133190.;"OUTROS FEIJOES (VIGNA MUNGO OU RADIATA),SECOS,EM GRAOS
";07133190;;8;14;8;100163,00;1100163,00;100163,00;318;2;318;FEIJAO SACA CARIOCA T2 50KG;;318;FEIJAO SACA CARIOCA T2 50KG;;;;;N;;;;;;;;;;;;;;;;;;FL;;;;;N;;S;;;;;;N;;;;;;;;;;;;;15;FERNANDO FREIRE;453;AMF CONSULTA;453;16/12/1992;07/12/2022 17:45:48;07/05/2025 13:45:03;07/12/2022 17:45:48;04/04/2015;;S;S;N;;C;;;N;;;1,00;0,50;0,50;0,50;P;0,00;;;0,00;0,00;;0,00;21;;S;0;;;N;N;N;R;0,00;0,00;0,00;0,00;0,00;0,00;0,00;0,00;0,00;0,00;;0,00;0,00;N;N;;S;N;;;N;;;;N;;;;;S;0,00;;;N;N;;;;;S;;;;N;N;;0,00;0,00;;0,00;;0,00;0,00;0,00;0,00;0,00;0,00;0,00;0,00;;;;;;N;;0,00;;;;;;;;;N;N;;N;;;;;N;N;N;;;;;N;;;;;S;S;N;E;;PA;1;1;1,00;1;;0,07;;50,14;;;N;0,00;;;;N;;;;N;;;;;;;;;;;;;;;;;;;N;;;;;N;1,00;;;;;;;;1,00;1,00;;1;1;;;V;N;;;;N;;;;;;;;;N;;;;;;;;;N;;;N;OM;;N;N;;;;;N;N;;;0;;;;;;;;;N;;1,00;;U;;;1;;N;N;N;0
5200;MIST LACTEA COND MOCOCA TP 395G;88;MOCOCA S/A PRODUTOS ALIMENTICIOS;19;DOCERIA;1902;LEITE CONDENSADO;;;190202;LEITE CONDENSADO TP;;;L;OT;UNIDADE;UN;UNIDADE;1,00;CX C/ 27UN;CX;CAIXA;27,00;0,40;0,41;19019090.1;NAO COMPOSTO LACTEO (SOBREMESAS/ IOGURTES/BRIGADEIROS) -  ICMS NORMAL 17%;19019090;;13;14;13;7891030300207,00;17891030300204,00;7891030300207,00;10060004;6;5200;MIST LACTEA COND MOCOCA TP 395G;;5200;MIST LACTEA COND MOCOCA TP 395G;;;;;N;;;;;;;;;;;;;;;P:\BRUUUUUNO\5200.PNG;;;  ;;;;;N;;S;;;1;FOOD;;N;;;;;;;;;;;;;1701;LETICIA MARIA DA SILVA;217;COMPRADOR - CRISTIANO;1275;;07/01/2025 09:29:09;29/09/2025 09:54:10;07/01/2025 09:29:09;21/02/2019;;S;S;N;;A;C;;N;;;1,00;0,50;0,50;0,50;P;0,00;;;3,00;0,00;;0,00;21;;S;0;;;N;N;N;R;0,00;0,00;0,00;0,00;0,00;0,00;0,00;0,00;0,00;0,00;;0,00;0,00;N;N;;S;N;;;N;;;;N;;;;;S;0,00;;;N;N;;;;;N;;;;N;N;;0,00;0,00;;0,00;;0,00;0,00;0,00;0,00;0,00;0,00;0,00;0,00;;;;;;N;;0,00;;;;;;;;;N;N;;N;;;;0,00;N;N;N;;;;;N;;;;;S;S;N;E;;PA;1;1;;1;;0,00;;11,10;;1,00;N;0,00;;;;N;;;;N;;S;;0,00;;;;;;;;;31/10/2017;;;;;;N;;20;;;N;;;;;;;;;1,00;100,00;;1;;;;V;N;;;;N;;;;;;;;;N;;;;;;;;;N;;;N;OM;;N;N;;;;N;N;N;;;0;;;;;;;;;N;;1,00;;U;;;;;N;N;N;0
319;FEIJAO SACA CAVALO T1 50KG;1;DISTRIBUIDORA FREITAS LOPES LTDA;12;INDUSTRIA PRINCESA PA;1204;FEIJAO PRINCESA DO PARA;343;FEIJAO;120401;FEIJAO CAVALO T1 PRINCESA DO PARA;;;L;OT;SC C/ 50KG;SC;SACA;1,00;1X1;SC;SACA;1,00;50,14;50,14;07133190.;"OUTROS FEIJOES (VIGNA MUNGO OU RADIATA),SECOS,EM GRAOS
";07133190;;8;14;8;100164,00;1100164,00;100164,00;319;0;319;FEIJAO SACA CAVALO T1 50KG;;319;FEIJAO SACA CAVALO T1 50KG;;;;;N;;;;;;;;;;;;;;;;;;FL;;;;;N;;S;;;;;;N;;;;;;;;;;;;;15;FERNANDO FREIRE;453;AMF CONSULTA;453;16/12/1992;07/12/2022 17:45:47;07/05/2025 13:45:03;07/12/2022 17:45:47;04/04/2015;;S;S;N;;C;C;;N;;;1,00;0,50;0,50;0,50;P;0,00;;;0,00;0,00;;0,00;21;;S;0;;;N;N;N;R;0,00;0,00;0,00;0,00;0,00;0,00;0,00;0,00;0,00;0,00;;0,00;0,00;N;N;;S;N;;;N;;;;N;;;;;S;0,00;;;N;N;;;;;S;;;;N;N;;0,00;0,00;;0,00;;0,00;0,00;0,00;0,00;0,00;0,00;0,00;0,00;;;;;;N;;0,00;;;;;;;;;N;N;;N;;;;;N;N;N;;;;;N;;;;;S;S;N;E;;PA;1;1;1,00;1;;0,07;;50,14;;1,00;N;0,00;;;;N;;;;N;;;;;;;;;;;;;;;;;;;N;;;;;N;1,00;;;;;;;;1,00;1,00;;1;1;;;V;N;;;;N;;;;;;;;;N;;;;;;;;;N;;;N;OM;;N;N;;;;;N;N;;;0;;;;;;;;;N;;1,00;;U;;;1;;N;N;N;0
320;FEIJAO SACA CAVALO T2 50KG;1;DISTRIBUIDORA FREITAS LOPES LTDA;12;INDUSTRIA PRINCESA PA;1204;FEIJAO PRINCESA DO PARA;343;FEIJAO;120402;FEIJAO CAVALO T2 PRINCESA DO PARA;;;L;OT;SC C/ 50KG;SC;SACA;1,00;1X1;SC;SACA;1,00;50,14;50,14;07133190.;"OUTROS FEIJOES (VIGNA MUNGO OU RADIATA),SECOS,EM GRAOS
";07133190;;8;14;8;100165,00;1100165,00;100165,00;320;4;320;FEIJAO SACA CAVALO T2 50KG;;320;FEIJAO SACA CAVALO T2 50KG;;;;;N;;;;;;;;;;;;;;;;;;FL;;;;;N;;S;;;;;;N;;;;;;;;;;;;;15;FERNANDO FREIRE;453;AMF CONSULTA;453;16/12/1992;07/12/2022 17:45:46;07/05/2025 13:45:03;07/12/2022 17:45:46;04/04/2015;;S;S;N;;C;;;N;;;1,00;0,50;0,50;0,50;P;0,00;;;0,00;0,00;;0,00;21;;S;0;;;N;N;N;R;0,00;0,00;0,00;0,00;0,00;0,00;0,00;0,00;0,00;0,00;;0,00;0,00;N;N;;S;N;;;N;;;;N;;;;;S;0,00;;;N;N;;;;;S;;;;N;N;;0,00;0,00;;0,00;;0,00;0,00;0,00;0,00;0,00;0,00;0,00;0,00;;;;;;N;;0,00;;;;;;;;;N;N;;N;;;;;N;N;N;;;;;N;;;;;S;S;N;E;;PA;1;1;1,00;1;;0,07;;50,14;;;N;0,00;;;;N;;;;N;;;;;;;;;;;;;;;;;;;N;;;;;N;1,00;;;;;;;;1,00;1,00;;1;1;;;V;N;;;;N;;;;;;;;;N;;;;;;;;;N;;;N;OM;;N;N;;;;;N;N;;;0;;;;;;;;;N;;1,00;;U;;;1;;N;N;N;0
321;FEIJAO SACA COLONIA T2 50KG;1;DISTRIBUIDORA FREITAS LOPES LTDA;12;INDUSTRIA PRINCESA PA;1204;FEIJAO PRINCESA DO PARA;343;FEIJAO;120408;FEIJAO COLONIA T2 PRINCESA DO PARA;;;L;OT;SC C/ 50KG;SC;SACA;1,00;1X1;SC;SACA;1,00;50,14;50,14;07133190.;"OUTROS FEIJOES (VIGNA MUNGO OU RADIATA),SECOS,EM GRAOS
";07133190;;8;14;8;100166,00;1100166,00;100166,00;321;2;321;FEIJAO SACA COLONIA T2 50KG;;321;FEIJAO SACA COLONIA T2 50KG;;;;;N;;;;;;;;;;;;;;;;;;FL;;;;;N;;S;;;;;;N;;;;;;;;;;;;;15;FERNANDO FREIRE;453;AMF CONSULTA;453;16/12/1992;07/12/2022 17:45:46;07/05/2025 13:45:03;07/12/2022 17:45:46;04/04/2015;;S;S;N;;C;;;N;;;1,00;0,50;0,50;0,50;P;0,00;;;0,00;0,00;;0,00;21;;S;0;;;N;N;N;R;0,00;0,00;0,00;0,00;0,00;0,00;0,00;0,00;0,00;0,00;;0,00;0,00;N;N;;S;N;;;N;;;;N;;;;;S;0,00;;;N;N;;;;;S;;;;N;N;;0,00;0,00;;0,00;;0,00;0,00;0,00;0,00;0,00;0,00;0,00;0,00;;;;;;N;;0,00;;;;;;;;;N;N;;N;;;;;N;N;N;;;;;N;;;;;S;S;N;E;;PA;1;1;1,00;1;;0,07;;50,14;;;N;0,00;;;;N;;;;N;;;;;;;;;;;;;;;;;;;N;;;;;N;1,00;;;;;;;;1,00;1,00;;1;1;;;V;N;;;;N;;;;;;;;;N;;;;;;;;;N;;;N;OM;;N;N;;;;;N;N;;;0;;;;;;;;;N;;1,00;;U;;;1;;N;N;N;0
322;FEIJAO SACA PRETO T1 50KG;1;DISTRIBUIDORA FREITAS LOPES LTDA;12;INDUSTRIA PRINCESA PA;1204;FEIJAO PRINCESA DO PARA;343;FEIJAO;120405;FEIJAO PRETO T1 PRINCESA DO PARA;;;L;OT;SC C/ 50KG;SC;SACA;1,00;1X1;SC;SACA;1,00;50,14;50,14;07133319.;"OUTROS FEIJOES COMUNS,PRETOS,SECOS,EM GRAOS
";07133319;;8;14;8;100167,00;1100167,00;100167,00;322;0;322;FEIJAO SACA PRETO T1 50KG;;322;FEIJAO SACA PRETO T1 50KG;;;;;N;;;;;;;;;;;;;;;;;;FL;;;;;N;;S;;;;;;N;;;;;;;;;;;;;15;FERNANDO FREIRE;453;AMF CONSULTA;453;16/12/1992;07/12/2022 17:45:45;07/05/2025 13:45:03;07/12/2022 17:45:45;04/04/2015;;S;S;N;;C;;;N;;;1,00;0,50;0,50;0,50;P;0,00;;;0,00;0,00;;0,00;21;;S;0;;;N;N;N;R;0,00;0,00;0,00;0,00;0,00;0,00;0,00;0,00;0,00;0,00;;0,00;0,00;N;N;;S;N;;;N;;;;N;;;;;S;0,00;;;N;N;;;;;S;;;;N;N;;0,00;0,00;;0,00;;0,00;0,00;0,00;0,00;0,00;0,00;0,00;0,00;;;;;;N;;0,00;;;;;;;;;N;N;;N;;;;;N;N;N;;;;;N;;;;;S;S;N;E;;PA;1;1;1,00;1;;0,07;;50,14;;;N;0,00;;;;N;;;;N;;;;;;;;;;;;;;;;;;;N;;;;;N;1,00;;;;;;;;1,00;1,00;;1;1;;;V;N;;;;N;;;;;;;;;N;;;;;;;;;N;;;N;OM;;N;N;;;;;N;N;;;0;;;;;;;;;N;;1,00;;U;;;1;;N;N;N;0
323;FEIJAO SACA PRETO T2 50KG;1;DISTRIBUIDORA FREITAS LOPES LTDA;12;INDUSTRIA PRINCESA PA;1204;FEIJAO PRINCESA DO PARA;343;FEIJAO;120406;FEIJAO PRETO T2 PRINCESA DO PARA;;;L;OT;SC C/ 50KG;SC;SACA;1,00;1X1;SC;SACA;1,00;50,14;50,14;07133319.;"OUTROS FEIJOES COMUNS,PRETOS,SECOS,EM GRAOS
";07133319;;8;14;8;100168,00;1100168,00;100168,00;323;9;323;FEIJAO SACA PRETO T2 50KG;;323;FEIJAO SACA PRETO T2 50KG;;;;;N;;;;;;;;;;;;;;;;;;FL;;;;;N;;S;;;;;;N;;;;;;;;;;;;;15;FERNANDO FREIRE;453;AMF CONSULTA;453;16/12/1992;07/12/2022 17:45:44;07/05/2025 13:45:03;07/12/2022 17:45:44;04/04/2015;;S;S;N;;C;;;N;;;1,00;0,50;0,50;0,50;P;0,00;;;0,00;0,00;;0,00;21;;S;0;;;N;N;N;R;0,00;0,00;0,00;0,00;0,00;0,00;0,00;0,00;0,00;0,00;;0,00;0,00;N;N;;S;N;;;N;;;;N;;;;;S;0,00;;;N;N;;;;;S;;;;N;N;;0,00;0,00;;0,00;;0,00;0,00;0,00;0,00;0,00;0,00;0,00;0,00;;;;;;N;;0,00;;;;;;;;;N;N;;N;;;;;N;N;N;;;;;N;;;;;S;S;N;E;;PA;1;1;1,00;1;;0,07;;50,14;;;N;0,00;;;;N;;;;N;;;;;;;;;;;;;;;;;;;N;;;;;N;1,00;;;;;;;;1,00;1,00;;1;1;;;V;N;;;;N;;;;;;;;;N;;;;;;;;;N;;;N;OM;;N;N;;;;;N;N;;;0;;;;;;;;;N;;1,00;;U;;;1;;N;N;N;0
324;FEIJOADA TARGET 430G;66;JBS S/A (SP);13;ALIMENTOS EM CONSERVA;1307;FEIJOADA;;;130701;FEIJOADA PEQ;;;L;OT;UNIDADE;UN;UNIDADE;1,00;CX C/ 24UN;CX;CAIXA;24,00;0,48;0,48;16010000.;ICMS SUBSTITUICAO 0% - ENCHIDOS E EMBUTIDOS;16010000;;13;14;13;7898466105604,00;17898466105601,00;7898466105604,00;374490;7;324;FEIJOADA TARGET 430G;;324;FEIJOADA TARGET 430G;;;;;N;;;;;;;;;;;;;;;P:\BRUUUUUNO\324.PNG;;;  ;;;;;N;;S;;;;;;N;;;;;;;;;;;;;15;FERNANDO FREIRE;217;COMPRADOR - CRISTIANO;1275;;12/02/2025 10:51:31;15/11/2025 08:43:09;11/03/2025 10:18:29;11/04/2015;;S;S;N;;B;C;;N;;;1,00;0,50;0,50;0,50;P;0,00;;;6,69;0,00;;0,00;21;;S;0;;;N;N;N;R;0,00;0,00;0,00;0,00;0,00;0,00;0,00;0,00;0,00;0,00;;0,00;0,00;N;N;;S;N;;;N;;;;N;;;;;S;0,00;;;N;N;;;;;S;;;;N;N;;0,00;0,00;;0,00;;0,00;0,00;0,00;0,00;0,00;0,00;0,00;0,00;;;;;;N;;0,00;;;;;;;;;N;N;;N;;;;0,00;N;N;N;;;;;N;;;;;S;S;N;E;;PA;1;1;;1;;0,00;;11,50;;1,00;N;0,00;;;;N;;;;N;;S;;0,00;;;;;;;;;29/07/2019;;;;;;N;;20;;;N;;;;;;;;;1,00;100,00;;1;;;;V;N;;;;N;;;;;;;;;N;;;;;;;;;N;;;N;OM;;N;N;;;;N;N;N;;;0;;;;;;;;;N;;1,00;;U;;;;;N;N;N;0
5201;BEB CERV HEINEKEN LT 250ML;6;ATACADAO DISTRIBUICAO COMERCIO E INDUSTRIA LTDA;15;BEB ALCOOLICA;1501;CERVEJA;;;150101;CERVEJA LATA;;;L;OT;250ML;UN;UNIDADE;1,00;PC C/ 6UN;PC;PACOTE;6,00;0,58;0,58;22030000.;"CERVEJAS DE MALTE

";22030000;;13;13;13;7896045505357,00;7896045505364,00;7896045505357,00;59541154;6;5201;BEB CERV HEINEKEN LT 250ML;;5201;BEB CERV HEINEKEN LT 250ML;;;;;N;;;;;;;;;;;;;;;;2;DISTRIBUIDORA FREITAS LOPES (LA BODEGA);FL;;;;;N;;S;;;;;;N;;;;;;;;;;;;;1701;LETICIA MARIA DA SILVA;453;AMF CONSULTA;453;16/12/1992;10/10/2022 10:35:03;07/05/2025 13:45:03;10/10/2022 10:35:03;21/02/2019;;S;N;N;;C;B;;N;;;;0,50;0,50;0,50;P;0,00;;;3,39;0,00;;0,00;21;;S;0;;;N;N;N;R;0,00;0,00;0,00;0,00;0,00;0,00;0,00;0,00;0,00;0,00;;0,00;0,00;N;N;;S;N;;;N;;;;N;;;;;S;0,00;;;N;N;;;;;N;;;;N;N;;0,00;0,00;;0,00;;0,00;0,00;0,00;0,00;0,00;0,00;0,00;0,00;;;;;;N;;0,00;;;;;;;;;N;N;;N;;;;0,00;N;;N;;;;;N;;;;;N;S;N;E;;PA;1;1;1,00;2;;0,00;;4,42;;;N;;;;;N;;;;N;;;;0,00;;;;;;;;;;;;;;;N;;;;;N;1,00;;;;;;;;1,00;1,00;;1;1;;;V;N;;;;N;;;;;;;;;;;;;;;;;;N;;;;OM;;N;N;;;;;N;N;;;0;;;;;;;;;N;;1,00;;U;;;2;;N;N;N;0
325;FEIJOADA ANGLO 310G;66;JBS S/A (SP);13;ALIMENTOS EM CONSERVA;1307;FEIJOADA;;;130701;FEIJOADA PEQ;;;L;OT;UNIDADE;UN;UNIDADE;1,00;CX C/ 24UN;CX;CAIXA;24,00;0,36;0,36;16010000.;ICMS SUBSTITUICAO 0% - ENCHIDOS E EMBUTIDOS;16010000;;13;14;13;7896037518228,00;17896037518225,00;7896037518228,00;375198;5;325;FEIJOADA ANGLO 310G;;325;FEIJOADA ANGLO 310G;;;;;N;;;;;;;;;;;;;;;P:\BRUUUUUNO\325.PNG;;;  ;;;;;N;;S;;;;;;N;;;;;;;;;;;;;15;FERNANDO FREIRE;1275;BRUNO FREIRE DE SOUZA;1275;;28/02/2025 17:34:52;06/06/2025 14:59:51;28/02/2025 17:34:52;11/04/2015;;S;S;N;;C;C;;N;;;1,00;0,50;0,50;0,50;P;0,00;;;3,54;0,00;;0,00;21;;S;0;;;N;N;N;R;0,00;0,00;0,00;0,00;0,00;0,00;0,00;0,00;0,00;0,00;;0,00;0,00;N;N;;S;N;;;N;;;;N;;;;;S;0,00;;;N;N;;;;;N;;;;N;N;;0,00;0,00;;0,00;;0,00;0,00;0,00;0,00;0,00;0,00;0,00;0,00;;;;;;N;;0,00;;;;;;;;;N;N;;N;;;;0,00;N;N;N;;;;;N;;;;;S;S;N;E;;PA;1;1;;1;;0,00;;8,91;;1,00;N;0,00;;;;N;;;;N;;S;;0,00;;;;;;;;;19/05/2019;;;;;;N;;20;;;N;;;;;;;;;1,00;100,00;;1;;;;V;N;;;;N;;;;;;;;;N;;;;;;;;;N;;;N;OM;;N;N;;;;N;N;N;;;0;;;;;;;;;N;;1,00;;U;;;;;N;N;N;0
326;FEIJOADA ANGLO 830G;65;JBS S/A (SP);13;ALIMENTOS EM CONSERVA;1307;FEIJOADA;;;130702;FEIJOADA MED;;;L;OT;UNIDADE;UN;UNIDADE;1,00;CX C/ 12UN;CX;CAIXA;12,00;0,97;0,97;16010000.;ICMS SUBSTITUICAO 0% - ENCHIDOS E EMBUTIDOS;16010000;;13;14;13;7896037514831,00;17896037516535,00;7896037514831,00;2501;3;326;FEIJOADA ANGLO 830G;;326;FEIJOADA ANGLO 830G;;;;;N;;;;;;;;;;;;;;;P:\BRUUUUUNO\326.PNG;;;  ;;;;;N;;S;;;;;;N;;;;;;;;;;;;;15;FERNANDO FREIRE;217;COMPRADOR - CRISTIANO;1275;;12/02/2025 10:52:03;15/11/2025 08:43:09;05/11/2025 10:13:36;11/04/2015;;S;S;N;;C;C;;N;;;1,00;0,50;0,50;0,50;P;0,00;;;12,33;0,00;;0,00;21;;S;0;;;N;N;N;R;0,00;0,00;0,00;0,00;0,00;0,00;0,00;0,00;0,00;0,00;;0,00;0,00;N;N;;S;N;;;N;;;;N;;;;;S;0,00;;;N;N;;;;;N;;;;N;N;;0,00;0,00;;0,00;;0,00;0,00;0,00;0,00;0,00;0,00;0,00;0,00;;;;;;N;;0,00;;;;;;;;;N;N;;N;;;;0,00;N;N;N;;;;;N;;;;;S;S;N;E;;PA;1;1;;1;;0,00;;11,60;;1,00;N;0,00;;;;N;;;;N;;S;;0,00;;;;;;;;;15/12/2018;;;;;;N;;20;;;N;;;;;;;;;1,00;100,00;;1;;;;V;N;;;;N;;;;;;;;;N;;;;;;;;;N;;;N;OM;;N;N;;;;N;N;N;;;0;;;;;;;;;N;;1,00;;U;;;;;N;N;N;0
327;FEIJOADA BORDON 430G;67;JBS S/A (SP);13;ALIMENTOS EM CONSERVA;1307;FEIJOADA;;;130701;FEIJOADA PEQ;;;L;OT;UNIDADE;UN;UNIDADE;1,00;CX C/ 24UN;CX;CAIXA;24,00;0,49;0,49;16010000.;ICMS SUBSTITUICAO 0% - ENCHIDOS E EMBUTIDOS;16010000;;13;14;13;7896031224583,00;27896031224587,00;7896031224583,00;374300;1;327;FEIJOADA BORDON 430G;;327;FEIJOADA BORDON 430G;;;;;N;;;;;;;;;;;;;;;P:\BRUUUUUNO\327.PNG;;;  ;;;;;N;;S;;;;;;N;;;;;;;;;;;;;15;FERNANDO FREIRE;217;COMPRADOR - CRISTIANO;1275;;12/02/2025 10:51:48;15/11/2025 08:43:09;12/02/2025 10:51:48;11/04/2015;;S;S;N;;C;B;;N;;;1,00;0,50;0,50;0,50;P;0,00;;;7,09;0,00;;0,00;21;;S;0;;;N;N;N;R;0,00;0,00;0,00;0,00;0,00;0,00;0,00;0,00;0,00;0,00;;0,00;0,00;N;N;;S;N;;;N;;;;N;;;;;S;0,00;;;N;N;;;;;N;;;;N;N;;0,00;0,00;;0,00;;0,00;0,00;0,00;0,00;0,00;0,00;0,00;0,00;;;;;;N;;0,00;;;;;;;;;N;N;;N;;;;0,00;N;N;N;;;;;N;;;;;S;S;N;E;;PA;1;1;;1;;0,00;;11,97;;1,00;N;0,00;;;;N;;;;N;;S;;0,00;;;;;;;;;08/04/2019;;;;;;N;;20;;;N;;;;;;;;;1,00;100,00;;1;;;;V;N;;;;N;;;;;;;;;N;;;;;;;;;N;;;N;OM;;N;N;;;;N;N;N;;;0;;;;;;;;;N;;1,00;;U;;;;;N;N;N;0
328;FEIJOADA BORDON 830G;67;JBS S/A (SP);13;ALIMENTOS EM CONSERVA;1307;FEIJOADA;;;130702;FEIJOADA MED;;;L;OT;UNIDADE;UN;UNIDADE;1,00;CX C/ 12UN;CX;CAIXA;12,00;0,94;0,94;16010000.;ICMS SUBSTITUICAO 0% - ENCHIDOS E EMBUTIDOS;16010000;;13;14;13;7896031224088,00;17896031224085,00;7896031224088,00;2503;0;328;FEIJOADA BORDON 830G;;328;FEIJOADA BORDON 830G;;;;;N;;;;;;;;;;;;;;;P:\BRUUUUUNO\328.PNG;1;DISTRIBUIDORA FREITAS LOPES LTDA;  ;;;;;N;;S;;;;;;N;;;;;;;;;;;;;15;FERNANDO FREIRE;103;ELAINE DO NASCIMENTO CABRAL SOUSA;1275;;07/12/2022 18:09:14;28/07/2025 16:46:39;11/03/2025 10:23:44;11/04/2015;;S;S;N;;C;C;;N;;;1,00;0,50;0,50;0,50;P;0,00;;;13,13;0,00;;0,00;21;;S;0;;;N;N;N;R;0,00;0,00;0,00;0,00;0,00;0,00;0,00;0,00;0,00;0,00;;0,00;0,00;N;N;;S;N;;;N;;;;N;;;;;S;0,00;;;N;N;;;;;N;;;;N;N;;0,00;0,00;;0,00;;0,00;0,00;0,00;0,00;0,00;0,00;0,00;0,00;;;;;;N;;0,00;;;;;;;;;N;N;;N;;;;0,00;N;N;N;;;;;N;;;;;S;S;N;E;;PA;1;1;;1;;0,00;;11,37;;1,00;N;0,00;;;;N;;;;N;;;;0,00;;;;;;;;;30/05/2019;;;;;;N;;20;;;N;;;;;;;;;1,00;100,00;;1;;;;V;N;;;;N;;;;;;;;;N;;;;;;;;;N;;;N;OM;;N;N;;;;;N;N;;;0;;;;;;;;;N;;1,00;;U;;;1;;N;N;N;0
329;FEIJOADA TARGET 830G;66;JBS S/A (SP);13;ALIMENTOS EM CONSERVA;1307;FEIJOADA;;;130702;FEIJOADA MED;;;L;OT;UNIDADE;UN;UNIDADE;1,00;CX C/ 12UN;CX;CAIXA;12,00;0,97;0,97;16010000.;ICMS SUBSTITUICAO 0% - ENCHIDOS E EMBUTIDOS;16010000;;13;14;13;7898466105611,00;17898466105618,00;7898466105611,00;350080;8;329;FEIJOADA TARGET 830G;;329;FEIJOADA TARGET 830G;;;;;N;;;;;;;;;;;;;;;P:\BRUUUUUNO\329.PNG;;;  ;;;;;N;;S;;;;;;N;;;;;;;;;;;;;15;FERNANDO FREIRE;103;ELAINE DO NASCIMENTO CABRAL SOUSA;1275;;12/02/2025 10:51:14;28/07/2025 16:46:39;12/02/2025 10:51:14;11/04/2015;;S;S;N;;C;C;;N;;;1,00;0,50;0,50;0,50;P;0,00;;;13,13;0,00;;0,00;21;;S;0;;;N;N;N;R;0,00;0,00;0,00;0,00;0,00;0,00;0,00;0,00;0,00;0,00;;0,00;0,00;N;N;;S;N;;;N;;;;N;;;;;S;0,00;;;N;N;;;;;N;;;;N;N;;0,00;0,00;;0,00;;0,00;0,00;0,00;0,00;0,00;0,00;0,00;0,00;;;;;;N;;0,00;;;;;;;;;N;N;;N;;;;0,00;N;N;N;;;;;N;;;;;S;S;N;E;;PA;1;1;;1;;0,00;;11,67;;1,00;N;0,00;;;;N;;;;N;;S;;0,00;;;;;;;;;25/11/2018;;;;;;N;;20;;;N;;;;;;;;;1,00;100,00;;1;;;;V;N;;;;N;;;;;;;;;N;;;;;;;;;N;;;N;OM;;N;N;;;;N;N;N;;;0;;;;;;;;;N;;1,00;;U;;;;;N;N;N;0
5217;COXIM MOTOR;223;NOVA AUTO PECAS LTDA;2;ALMOXARIFADO;205;MATERIAL OFICINA;;;20501;CAT DIVERSO;;;MC;OT;1UNX1UN;UN;UNIDADE;1,00;1UNX1UN;UN;UNIDADE;1,00;1,00;1,00;40169990.;OUTRAS OBRAS DE BORRACHA VULCANIZADA N?O ENDURECIDA.;40169990;;8;12;8;5217,00;5217,00;5217,00;242 958 240 09 18;3;5217;COXIM MOTOR;;5217;COXIM MOTOR;;;;;N;;;;;;;;;;;;;;;;1;DISTRIBUIDORA FREITAS LOPES LTDA;FL;;;;;N;;N;;;;;;N;;;;;;;;;;;;;1701;LETICIA MARIA DA SILVA;453;AMF CONSULTA;453;15/12/1992;22/12/2022 15:57:20;05/03/2024 12:05:54;22/12/2022 15:57:20;28/02/2019;;S;N;N;;C;;;N;;;;0,50;0,50;0,50;P;0,00;;;0,00;0,00;;0,00;28;;N;0;;;N;N;N;R;0,00;0,00;0,00;0,00;0,00;0,00;0,00;0,00;0,00;0,00;;0,00;0,00;N;N;;S;N;;;N;;;;N;;;;;S;0,00;;S;N;N;;;;;N;;;;N;N;;0,00;0,00;;0,00;;0,00;0,00;0,00;0,00;0,00;0,00;0,00;0,00;;;;;;N;;0,00;;;;;;;;;N;N;;N;;;;;N;;N;;;;;N;;;;;N;S;N;E;;PA;1;1;1,00;0;;0,00;;;;;N;;;;;N;;;;N;;;;;;;;;;;;;;;;;;;N;;;;;N;1,00;;;;;;;;1,00;1,00;;1;1;;;V;N;;;;N;;;;;;;;;;;;;;;;;;N;;;;OM;;N;N;;;;;N;N;;;0;;;;;;;;;N;;1,00;;U;;;1;;N;N;N;0
5218;COXIM MOTOR;223;NOVA AUTO PECAS LTDA;2;ALMOXARIFADO;205;MATERIAL OFICINA;;;20501;CAT DIVERSO;;;MC;OT;1UNX1UN;UN;UNIDADE;1,00;1UNX1UN;UN;UNIDADE;1,00;1,00;1,00;40169990.;OUTRAS OBRAS DE BORRACHA VULCANIZADA N?O ENDURECIDA.;40169990;;8;12;8;5218,00;7895218,00;5218,00;242 693 240 05 17;3;5218;COXIM MOTOR;;5218;COXIM MOTOR;;;;;N;;;;;;;;;;;;;;;;1;DISTRIBUIDORA FREITAS LOPES LTDA;FL;;;;;N;;N;;;;;;N;;;;;;;;;;;;;1701;LETICIA MARIA DA SILVA;453;AMF CONSULTA;453;15/12/1992;22/12/2022 15:57:15;05/03/2024 12:05:54;22/12/2022 15:57:15;28/02/2019;;S;N;N;;C;;;N;;;;0,50;0,50;0,50;P;0,00;;;0,00;0,00;;0,00;28;;N;0;;;N;N;N;R;0,00;0,00;0,00;0,00;0,00;0,00;0,00;0,00;0,00;0,00;;0,00;0,00;N;N;;S;N;;;N;;;;N;;;;;S;0,00;;S;N;N;;;;;N;;;;N;N;;0,00;0,00;;0,00;;0,00;0,00;0,00;0,00;0,00;0,00;0,00;0,00;;;;;;N;;0,00;;;;;;;;;N;N;;N;;;;;N;;N;;;;;N;;;;;N;S;N;E;;PA;1;1;1,00;0;;0,00;;1,00;;;N;;;;;N;;;;N;;;;;;;;;;;;;;;;;;;N;;;;;N;1,00;;;;;;;;1,00;1,00;;1;1;;;V;N;;;;N;;;;;;;;;;;;;;;;;;N;;;;OM;;N;N;;;;;N;N;;;0;;;;;;;;;N;;1,00;;U;;;1;;N;N;N;0
330;FLOCAO ARROZ RAINHA 500G;79;RAINHA INDUSTRIA E COMERCIO DE ALIMENTOS LTDA;20;FARINACEO;2003;FLOCAO;;;200301;FLOCAO;;;L;OT;UNIDADE;UN;UNIDADE;1,00;FD C/ 20UN;FD;FARDO;20,00;0,50;0,52;11041900.;"GRAOS DE OUTROS CEREAIS,ESMAGADOS OU EM FLOCOS
";11041900;;13;14;13;7898907825214,00;17898907825211,00;7898907825214,00;002100;1;330;FLOCAO ARROZ RAINHA 500G;;330;FLOCAO ARROZ RAINHA 500G;;;;;N;;;;;;;;;;;;;;;P:\BRUUUUUNO\330.PNG;;;  ;;;;;N;;S;;;;;;N;;;;;;;;;;;;;15;FERNANDO FREIRE;1275;BRUNO FREIRE DE SOUZA;1275;;27/11/2024 08:26:15;23/07/2025 13:39:22;27/11/2024 08:26:15;11/04/2015;;S;S;N;;C;C;;N;;;1,00;0,50;0,50;0,50;P;0,00;;;2,20;0,00;;0,00;21;;S;0;;;N;N;N;R;0,00;0,00;0,00;0,00;0,00;0,00;0,00;0,00;0,00;0,00;;0,00;0,00;N;N;;S;N;;;N;;;;N;;;;;S;0,00;;;N;N;;;;;N;;;;N;N;;0,00;0,00;;0,00;;0,00;0,00;0,00;0,00;0,00;0,00;0,00;0,00;;;;;;N;;0,00;;;;;;;;;N;N;;N;;;;0,00;N;N;N;;;;;N;;;;;S;S;N;E;240;PA;1;1;;1;;0,00;;10,30;;1,00;N;0,00;;;;N;;;;N;;S;;0,00;;;;;;;;;;;;;;;N;;20;;;N;;;;;;;;;1,00;100,00;;1;;;;V;N;;;;N;;;;;;;;;N;;;;;;;;;N;;;N;OM;;N;N;;;;N;N;N;;;0;;;;;;;;;N;;1,00;;U;;;2;;N;N;N;0
331;FLOCAO ARROZ NUTRIVITA 500G;3;ADRAM S/A INDUSTRIA E COMERCIO;20;FARINACEO;2003;FLOCAO;;;200301;FLOCAO;;;L;OT;UNIDADE;UN;UNIDADE;1,00;FD C/ 20UN;FD;FARDO;20,00;0,50;0,52;11041900.;"GRAOS DE OUTROS CEREAIS,ESMAGADOS OU EM FLOCOS
";11041900;;13;14;13;7896184800177,00;7896184800153,00;7896184800177,00;204;0;331;FLOCAO ARROZ NUTRIVITA 500G;;331;FLOCAO ARROZ NUTRIVITA 500G;;;;;N;;;;;;;;;;;;;;;;;;  ;;;;;N;;S;;;;;;N;;;;;;;;;;;;;15;FERNANDO FREIRE;217;COMPRADOR - CRISTIANO;103;;29/10/2024;06/06/2025 14:59:51;25/01/2024 09:29:30;11/04/2015;;S;S;N;;C;C;;N;;;1,00;0,50;0,50;0,50;P;0,00;;;2,45;0,00;;0,00;21;;S;0;;;N;N;N;R;0,00;0,00;0,00;0,00;0,00;0,00;0,00;0,00;0,00;0,00;;0,00;0,00;N;N;;S;N;;;N;;;;N;;;;;S;0,00;;;N;N;;;;;S;;;;N;N;;0,00;0,00;;0,00;;0,00;0,00;0,00;0,00;0,00;0,00;0,00;0,00;;;;;;N;;0,00;;;;;;;;;N;N;;N;;;;0,00;N;N;N;;;;;N;;;;;S;S;N;E;;PA;1;1;;1;;0,00;;10,30;;1,00;N;0,00;;;;N;;;;N;;;;0,00;;;;;;;;;;;;;;;N;;20;;;N;;;;;;;;;1,00;100,00;;1;;;;V;N;;;;N;;;;;;;;;N;;;;;;;;;N;;;N;OM;;N;N;;;;N;N;N;;;0;;;;;;;;;N;;1,00;;U;;;;;N;N;N;0
332;FLOCAO MILHO RAINHA 500G;79;RAINHA INDUSTRIA E COMERCIO DE ALIMENTOS LTDA;20;FARINACEO;2003;FLOCAO;;;200301;FLOCAO;;;L;OT;UNIDADE;UN;UNIDADE;1,00;FD C/ 20UN;FD;FARDO;20,00;0,50;0,52;11041900.1;GRAOS DE OUTROS CEREAIS,ESMAGADOS OU EM FLOCOS;11041900;01;13;14;13;7898907825085,00;17898907825129,00;7898907825085,00;001200;8;332;FLOCAO MILHO RAINHA 500G;;332;FLOCAO MILHO RAINHA 500G;;;;;N;;;;;;;;;;;;;;;P:\BRUUUUUNO\332.PNG;;;  ;;;;;N;;S;;;;;;N;;;;;;;;;;;;;15;FERNANDO FREIRE;625;DAYANE DOS SANTOS PEREIRA;103;;27/11/2024 08:25:58;06/06/2025 14:59:51;24/03/2025 16:44:11;11/04/2015;;S;S;N;;C;C;;N;;;1,00;0,50;0,50;0,50;P;0,00;;;1,45;0,00;;0,00;21;;S;0;;;N;N;N;R;0,00;0,00;0,00;0,00;0,00;0,00;0,00;0,00;0,00;0,00;;0,00;0,00;N;N;;S;N;;;N;;;;N;;;;;S;0,00;;;N;N;;;;;S;;;;N;N;;0,00;0,00;;0,00;;0,00;0,00;0,00;0,00;0,00;0,00;0,00;0,00;;;;;;N;;0,00;;;;;;;;;N;N;;N;;;;0,00;N;N;N;;;;;N;;;;;S;S;N;E;;PA;1;1;;1;;0,00;;10,30;;1,00;N;0,00;;;;N;;;;N;;S;;0,00;;;;;;;;;;;;;;;N;;20;;;N;;;;;;;;;1,00;100,00;;1;;;;V;N;;;;N;;;;;;;;;N;;;;;;;;;N;;;N;OM;;N;N;;;;N;N;N;;;0;;;;;;;;;N;;1,00;;U;;;;;N;N;N;0
333;FLOCAO MILHO MARATA 500G;818;INDUSTRIAS ALIMENTICIAS MARATA LTDA - CPN (PA);20;FARINACEO;2003;FLOCAO;;;200301;FLOCAO;;;L;OT;UNIDADE;UN;UNIDADE;1,00;FD C/ 20UN;FD;FARDO;20,00;0,51;0,51;11041900.;"GRAOS DE OUTROS CEREAIS,ESMAGADOS OU EM FLOCOS
";11041900;01;13;14;13;7898932426042,00;17898932426042,00;7898932426042,00;333;6;333;FLOCAO MILHO MARATA 500G;;333;FLOCAO MILHO MARATA 500G;;;;;N;;;;;;;;;;;;;;;;;;FL;;;;;N;;N;;;;;;N;;;;;;;;;;;;;15;FERNANDO FREIRE;453;AMF CONSULTA;453;22/05/2015;27/10/2022 11:19:40;07/05/2025 13:45:03;27/10/2022 11:19:39;11/04/2015;;S;S;N;;C;;;N;;;1,00;0,50;0,50;0,50;P;0,00;;;1,21;0,00;;0,00;21;;N;0;;;N;N;N;R;0,00;0,00;0,00;0,00;0,00;0,00;0,00;0,00;0,00;0,00;;0,00;0,00;N;N;;S;N;;;N;;;;N;;;;;S;0,00;;;N;N;;;;;S;;;;N;N;;0,00;0,00;;0,00;;0,00;0,00;0,00;0,00;0,00;0,00;0,00;0,00;;;;;;N;;0,00;;;;;;;;;N;N;;N;;;;0,00;N;N;N;;;;;N;;;;;N;S;N;E;;PA;1;1;;1;;;;;;;N;0,00;;;;N;;;;N;;;;;;;;;;;;;;;;;;;N;;;;;N;;;;;;;;;1,00;100,00;;1;;;;V;N;;;;N;;;;;;;;;N;;;;;;;;;N;;;N;OM;;N;N;;;;;N;N;;;0;;;;;;;;;N;;1,00;;U;;;;;N;N;N;0
335;FLOCAO MILHO NUTRIVITA 500G;3;ADRAM S/A INDUSTRIA E COMERCIO;20;FARINACEO;2003;FLOCAO;;;200301;FLOCAO;;;L;OT;UNIDADE;UN;UNIDADE;1,00;FD C/ 20UN;FD;FARDO;20,00;0,50;0,52;11041900.1;GRAOS DE OUTROS CEREAIS,ESMAGADOS OU EM FLOCOS;11041900;01;13;13;13;7896184800504,00;7896184800122,00;7896184800504,00;201;2;335;FLOCAO MILHO NUTRIVITA 500G;;335;FLOCAO MILHO NUTRIVITA 500G;;;;;N;;;;;;;;;;;;;;;;;;  ;;;;;N;;S;;;1;FOOD;;N;;;;;;;;;;;;;15;FERNANDO FREIRE;217;COMPRADOR - CRISTIANO;217;;03/05/2024;06/06/2025 14:59:51;16/05/2025 13:39:42;11/04/2015;;S;S;S;;B;C;;N;;;1,00;0,50;0,50;0,50;P;0,00;;;1,45;0,00;;0,00;21;;S;0;;;N;N;N;R;0,00;0,00;0,00;0,00;0,00;0,00;0,00;0,00;0,00;0,00;;0,00;0,00;N;N;;S;N;;;N;;;;N;;;;;S;0,00;;;N;N;;;;;S;;;;N;N;;0,00;0,00;;0,00;;0,00;0,00;0,00;0,00;0,00;0,00;0,00;0,00;;;;;;N;;0,00;;;;;;;;;N;N;;N;;;;0,00;N;N;N;;;;;N;;;;;S;S;N;E;;PA;1;1;;1;;0,00;;10,33;;1,00;N;0,00;;;;N;;;;N;;;;0,00;;;;;;;;;;;;;;;N;;20;;;N;;;;;;;;;1,00;100,00;;1;;;;V;N;;;;N;;;;;;;;;N;;;;;;;;;N;;;N;OM;;N;N;;;;N;N;N;;;0;;;;;;;;;N;;1,00;;U;;;;;N;N;N;0
5219;COXIM MOTOR;223;NOVA AUTO PECAS LTDA;2;ALMOXARIFADO;205;MATERIAL OFICINA;;;20501;CAT DIVERSO;;;MC;OT;1UNX1UN;UN;UNIDADE;1,00;1UNX1UN;UN;UNIDADE;1,00;1,00;1,00;40169990.;OUTRAS OBRAS DE BORRACHA VULCANIZADA N?O ENDURECIDA.;40169990;;8;12;8;5219,00;5219,00;5219,00;263 970 240 04 18;3;5219;COXIM MOTOR;;5219;COXIM MOTOR;;;;;N;;;;;;;;;;;;;;;;1;DISTRIBUIDORA FREITAS LOPES LTDA;FL;;;;;N;;N;;;;;;N;;;;;;;;;;;;;1701;LETICIA MARIA DA SILVA;453;AMF CONSULTA;453;15/12/1992;22/12/2022 15:57:08;05/03/2024 12:05:54;22/12/2022 15:57:08;28/02/2019;;S;N;N;;C;;;N;;;;0,50;0,50;0,50;P;0,00;;;0,00;0,00;;0,00;28;;N;0;;;N;N;N;R;0,00;0,00;0,00;0,00;0,00;0,00;0,00;0,00;0,00;0,00;;0,00;0,00;N;N;;S;N;;;N;;;;N;;;;;S;0,00;;S;N;N;;;;;N;;;;N;N;;0,00;0,00;;0,00;;0,00;0,00;0,00;0,00;0,00;0,00;0,00;0,00;;;;;;N;;0,00;;;;;;;;;N;N;;N;;;;;N;;N;;;;;N;;;;;N;S;N;E;;PA;1;1;1,00;0;;0,00;;;;;N;;;;;N;;;;N;;;;;;;;;;;;;;;;;;;N;;;;;N;1,00;;;;;;;;1,00;1,00;;1;1;;;V;N;;;;N;;;;;;;;;;;;;;;;;;N;;;;OM;;N;N;;;;;N;N;;;0;;;;;;;;;N;;1,00;;U;;;1;;N;N;N;0
5428;HIDRAT CORPO MONANGE FLOR LAVANDA 200ML;1408;OKAJIMA DISTRIBUICAO E COMERCIO LTDA;27;HIGIENE PESSOAL;2704;HIGIENE CORPORAL;150;COTY;270407;CREME E HIDRATANTE CORPORAL;;;L;OT;UNIDADE;UN;UNIDADE;1,00;CX C/ 24UN;UN;UNIDADE;24,00;0,13;0,13;33072090.1;DESODORANTES (DESODORIZANTES) CORPORAIS - ANTIPERSPIRANTES;33072090;;13;14;13;7898919412327,00;17898919412327,00;7898919412327,00;135340;3;5428;HIDRAT CORPO MONANGE FLOR LAVANDA 200ML;;21019;HIDRAT CORPO MONANGE EXT OLIVA 200ML;;;;;N;;;;;;;;;;;;;;;;;;  ;;;;;N;;S;;;;;;N;;;;;;;;;;;;;1701;LETICIA MARIA DA SILVA;1275;BRUNO FREIRE DE SOUZA;1275;;21/12/2022 15:29:12;24/09/2025 10:01:29;24/09/2025 09:59:16;08/05/2019;;S;S;N;;C;C;;N;;;;0,50;0,50;0,50;P;0,00;;;8,99;0,00;;0,00;21;;N;0;;;N;N;N;R;0,00;0,00;0,00;0,00;0,00;0,00;0,00;0,00;0,00;0,00;;0,00;0,00;N;N;;S;N;;;N;;;;N;;;;;S;0,00;;;N;N;;;;;N;;;;N;N;;0,00;0,00;;0,00;;0,00;0,00;0,00;0,00;0,00;0,00;0,00;0,00;;;;;;N;;0,00;;;;;;;;;N;N;;N;;;;0,00;N;;N;;;;;N;;;;;S;S;N;E;310;PA;1;1;;0;;0,00;;1,64;;;N;;;;;N;;;;N;;;;0,00;;;;;;;;;;;;;100,00;85,00;N;;20;;;N;;;;;;;;;1,00;10,00;;1;1;;;V;N;365;;;N;;;;;;;;;;;;;;;;;;N;;;;OM;;N;N;;;;;N;N;;;0;;;;;;;;;N;;1,00;;U;;;;;N;N;N;0
5443;ZZ;176;DIST BELEM DE ALIMENTOS LTDA;1;MIGRACAO;1;MIGRACAO;;;1;MIGRACAO;;;L;OT;1;UN;UNIDADE;1,00;1;UN;UNIDADE;1,00;0,10;0,10;17049020.;"BOMBONS,CARAMELOS,CONFEITOS E PASTILHAS,SEM CACAU
";17049020;;0;0;0;0,00;0,00;0,00;;5;17036;TESTE WINTHOR INDUSTRIA;;17036;TESTE WINTHOR INDUSTRIA;;;;;N;;;;;;;;;;;;;;;;2;DISTRIBUIDORA FREITAS LOPES (LA BODEGA);FL;;;;;N;;S;;;;;;N;;;;;;;;;;;;;1701;LETICIA MARIA DA SILVA;453;AMF CONSULTA;453;31/05/2021 11:03:31;26/09/2022 10:03:38;05/03/2024 12:05:54;26/09/2022 10:03:38;24/05/2019;;S;N;N;;C;;;N;;;;0,50;0,50;0,50;P;0,00;;;4,22;0,00;;0,00;28;;N;0;;;N;N;N;R;0,00;0,00;0,00;0,00;0,00;0,00;0,00;0,00;0,00;0,00;;0,00;0,00;N;N;;S;N;;;N;;;;N;;;;;S;0,00;;;N;N;;;;;N;;;;N;N;;0,00;0,00;;0,00;;0,00;0,00;0,00;0,00;0,00;0,00;0,00;0,00;;;;;;N;;0,00;;;;;;;;;N;N;;N;;;;0,00;N;;N;;;;;N;;;;;N;S;N;E;;PA;1;1;;1;;;;;;;N;;;;;N;;;;N;;;;0,00;;;;;;;;;;;;;;;N;;;;;N;;;;;;;;;1,00;1,00;;1;;;;V;N;;;;N;;;;;;;;;;;;;;;;;;N;;;;OM;;N;N;;;;;N;N;;;0;;;;;;;;;N;;1,00;;U;;;2;;N;N;N;0
336;FLOCAO MILHO VITAMILHO 500G;21;ASA INDUSTRIA E COMERCIO LTDA (PB);20;FARINACEO;2003;FLOCAO;;;200301;FLOCAO;;;L;OT;UNIDADE;UN;UNIDADE;1,00;FD C/ 30UN;FD;FARDO;30,00;0,51;0,51;11041900.1;GRAOS DE OUTROS CEREAIS,ESMAGADOS OU EM FLOCOS;11041900;01;13;14;13;7898366930023,00;17898366930020,00;7898366930023,00;300112214;0;336;FLOCAO MILHO VITAMILHO 500G;;336;FLOCAO MILHO VITAMILHO 500G;;;;;N;;;;;;;;;;;;;;;;;;  ;;;;;N;;S;;;;;;N;;;;;;;;;;;;;15;FERNANDO FREIRE;1275;BRUNO FREIRE DE SOUZA;453;;27/10/2022 11:19:47;06/06/2025 14:59:51;27/10/2022 11:19:47;11/04/2015;;S;S;N;;C;C;;N;;;1,00;0,50;0,50;0,50;P;0,00;;;1,62;0,00;;0,00;21;;S;0;;;N;N;N;R;0,00;0,00;0,00;0,00;0,00;0,00;0,00;0,00;0,00;0,00;;0,00;0,00;N;N;;S;N;;;N;;;;N;;;;;S;0,00;;;N;N;;;;;N;;;;N;N;;0,00;0,00;;0,00;;0,00;0,00;0,00;0,00;0,00;0,00;0,00;0,00;;;;;;N;;0,00;;;;;;;;;N;N;;N;;;;0,00;N;N;N;;;;;N;;;;;S;S;N;E;;PA;1;1;;1;;0,00;;15,30;;1,00;N;0,00;;;;N;;;;N;;;;0,00;;;;;;;;;15/08/2017;;;;;;N;;20;;;N;;;;;;;;;1,00;100,00;;1;;;;V;N;;;;N;;;;;;;;;N;;;;;;;;;N;;;N;OM;;N;N;;;;;N;N;;;0;;;;;;;;;N;;1,00;;U;;;;;N;N;N;0
337;FLOCOS MILHO RAINHA 500G;79;RAINHA INDUSTRIA E COMERCIO DE ALIMENTOS LTDA;20;FARINACEO;2002;FLOCOS DE MILHO;;;200201;FLOCOS DE MILHO;;;L;OT;UNIDADE;UN;UNIDADE;1,00;FD C/ 30UN;FD;FARDO;30,00;0,50;0,52;11041900.1;GRAOS DE OUTROS CEREAIS,ESMAGADOS OU EM FLOCOS;11041900;;13;14;13;7898907825078,00;17898907825082,00;7898907825078,00;001100;9;337;FLOCOS MILHO RAINHA 500G;;337;FLOCOS MILHO RAINHA 500G;;;;;N;;;;;;;;;;;;;;;P:\BRUUUUUNO\337.PNG;;;  ;;;;;N;;S;;;1;FOOD;;N;;;;;;;;;;;;;15;FERNANDO FREIRE;217;COMPRADOR - CRISTIANO;1703;;27/11/2024 08:25:41;23/11/2025 10:23:17;21/07/2025 10:45:42;11/04/2015;;S;S;N;;C;C;;N;;;1,00;0,50;0,50;0,50;P;0,00;;;0,98;0,00;;0,00;21;;S;0;;;N;N;N;R;0,00;0,00;0,00;0,00;0,00;0,00;0,00;0,00;0,00;0,00;;0,00;0,00;N;N;;S;N;;;N;;;;N;;;;;S;0,00;;;N;N;;;;;S;;;;N;N;;0,00;0,00;;0,00;;0,00;0,00;0,00;0,00;0,00;0,00;0,00;0,00;;;;;;N;;0,00;;;;;;;;;N;N;;N;;;;0,00;N;N;N;;;;;N;;;;;S;S;N;E;;PA;1;1;;1;;0,00;;15,73;;1,00;N;0,00;;;;N;;;;N;;S;;0,00;;;;;;;;;08/07/2017;;;;;;N;;20;;;N;;;;;;;;;1,00;100,00;;1;;;;V;N;;;;N;;;;;;;;;N;;;;;;;;;N;;;N;OM;;N;N;;;;N;N;N;;;0;;;;;;;;;N;;1,00;;U;;;2;;N;N;N;0
338;FLOCOS MILHO MARATA 500G;818;INDUSTRIAS ALIMENTICIAS MARATA LTDA - CPN (PA);20;FARINACEO;2002;FLOCOS DE MILHO;;;200201;FLOCOS DE MILHO;;;L;OT;UNIDADE;UN;UNIDADE;1,00;FD C/ 20UN;FD;FARDO;20,00;0,51;0,51;11022000.;"FARINHA DE MILHO
";11022000;01;13;14;13;7898932426035,00;17898932426032,00;7898932426035,00;5000000095;7;338;FLOCOS MILHO MARATA 500G;;338;FLOCOS MILHO MARATA 500G;;;;;N;;;;;;;;;;;;;;;;;;FL;;;;;N;;S;;;;;;N;;;;;;;;;;;;;15;FERNANDO FREIRE;453;AMF CONSULTA;453;15/12/1992;27/10/2022 11:21:07;07/05/2025 13:45:04;27/10/2022 11:21:07;11/04/2015;;S;S;N;;C;;;N;;;1,00;0,50;0,50;0,50;P;0,00;;;1,49;0,00;;0,00;21;;N;0;;;N;N;N;R;0,00;0,00;0,00;0,00;0,00;0,00;0,00;0,00;0,00;0,00;;0,00;0,00;N;N;;S;N;;;N;;;;N;;;;;S;0,00;;;N;N;;;;;S;;;;N;N;;0,00;0,00;;0,00;;0,00;0,00;0,00;0,00;0,00;0,00;0,00;0,00;;;;;;N;;0,00;;;;;;;;;N;N;;N;;;;0,00;N;N;N;;;;;N;;;;;N;S;N;E;;PA;1;1;;1;;;;;;;N;0,00;;;;N;;;;N;;;;0,00;;;;;;;;;;;;;;;N;;;;;N;;;;;;;;;1,00;100,00;;1;;;;V;N;;;;N;;;;;;;;;N;;;;;;;;;N;;;N;OM;;N;N;;;;;N;N;;;0;;;;;;;;;N;;1,00;;U;;;;;N;N;N;0
339;FLOCOS MILHO NUTRIVITA 500G;3;ADRAM S/A INDUSTRIA E COMERCIO;20;FARINACEO;2002;FLOCOS DE MILHO;;;200201;FLOCOS DE MILHO;;;L;OT;UNIDADE;UN;UNIDADE;1,00;FD C/ 30UN;FD;FARDO;30,00;0,50;0,51;11022000.;"FARINHA DE MILHO
";11022000;01;13;13;13;7896184800184,00;7896184800191,00;7896184800184,00;011;5;339;FLOCOS MILHO NUTRIVITA 500G;;339;FLOCOS MILHO NUTRIVITA 500G;;;;;N;;;;;;;;;;;;;;;;;;  ;;;;;N;;S;;;1;FOOD;;N;;;;;;;;;;;;;15;FERNANDO FREIRE;217;COMPRADOR - CRISTIANO;217;;03/10/2024 14:32:12;26/11/2025 09:32:13;16/05/2025 13:38:41;11/04/2015;;S;S;S;;A;B;;N;;;1,00;0,50;0,50;0,50;P;0,00;;;1,52;0,00;;0,00;21;;S;0;99;TODAS FILIAIS ;N;N;N;R;0,00;0,00;0,00;0,00;0,00;0,00;0,00;0,00;0,00;0,00;;0,00;0,00;N;N;;S;N;;;N;;;;N;;;;;S;0,00;;;N;N;;;;;S;;;;N;N;;0,00;0,00;;0,00;;0,00;0,00;0,00;0,00;0,00;0,00;0,00;0,00;;;;;;N;;0,00;;;;;;;;;N;N;;N;;;;0,00;N;N;N;;;;;N;;;;;S;S;N;E;;PA;1;1;;1;;0,00;;15,40;;1,00;N;0,00;;;;N;;;;N;;S;;0,00;;;;;;;;;;;;;;;N;;20;;;N;;;;;;;;;1,00;100,00;;1;;;;V;N;;;;N;;;;;;;;;N;;;;;;;;;N;;;N;OM;;N;N;;;;N;N;N;;;0;;;;;;;;;N;;1,00;;U;;;;;N;N;N;0
340;FLOCOS MILHO VITAMILHO 500G;21;ASA INDUSTRIA E COMERCIO LTDA (PB);20;FARINACEO;2002;FLOCOS DE MILHO;;;200201;FLOCOS DE MILHO;;;L;OT;UNIDADE;UN;UNIDADE;1,00;FD C/ 30UN;FD;FARDO;30,00;0,51;0,51;11022000.;"FARINHA DE MILHO
";11022000;;13;14;13;7898366930016,00;37898366930017,00;7898366930016,00;3000112209;9;340;FLOCOS MILHO VITAMILHO 500G;;340;FLOCOS MILHO VITAMILHO 500G;;;;;N;;;;;;;;;;;;;;;;;;  ;;;;;N;;S;;;1;FOOD;;N;;;;;;;;;;;;;15;FERNANDO FREIRE;217;COMPRADOR - CRISTIANO;103;;06/03/2023 11:18:34;01/10/2025 15:53:04;03/09/2025 09:43:45;11/04/2015;;S;S;N;;C;C;;N;;;1,00;0,50;0,50;0,50;P;0,00;;;1,39;0,00;;0,00;21;;S;0;;;N;N;N;R;0,00;0,00;0,00;0,00;0,00;0,00;0,00;0,00;0,00;0,00;;0,00;0,00;N;N;;S;N;;;N;;;;N;;;;;S;0,00;;;N;N;;;;;S;;;;N;N;;0,00;0,00;;0,00;;0,00;0,00;0,00;0,00;0,00;0,00;0,00;0,00;;;;;;N;;0,00;;;;;;;;;N;N;;N;;;;0,00;N;N;N;;;;;N;;;;;S;S;N;E;;PA;1;1;;1;;0,00;;15,30;;1,00;N;0,00;;;;N;;;;N;;;;0,00;;;;;;;;;;;;;;;N;;20;;;N;;;;;;;;;1,00;100,00;;1;;;;V;N;;;;N;;;;;;;;;N;;;;;;;;;N;;;N;OM;;N;N;;;;;N;N;;;0;;;;;;;;;N;;1,00;;U;;;;;N;N;N;0
5444;BOMB GOMA FINI TUBES SUPER GIGA MOR 27G;1929;BTM DISTRIBUIDORA DE ALIMENTOS LTDA ;19;DOCERIA;1906;DOCES ESPECIAIS;351;CHECK STAND;190601;DOCES ESPECIAIS DIVERSOS;;;L;OT;UNIDADE;UN;UNIDADE;1,00;DP C/ 24UN;CX;CAIXA;24,00;0,10;0,10;17049020.;"BOMBONS,CARAMELOS,CONFEITOS E PASTILHAS,SEM CACAU
";17049020;;13;0;13;7908228801634,00;0,00;7908228801634,00;995435;5;5444;BOMB GOMA FINI TUBES SUPER GIGA MOR 27G;;5443;ZZ;;;;;N;;;;;;;;;;;;;;;;2;DISTRIBUIDORA FREITAS LOPES (LA BODEGA);FL;;;;;N;;S;;;;;;N;;;;;;;;;;;;;1701;LETICIA MARIA DA SILVA;453;AMF CONSULTA;453;15/12/1992;20/10/2022 09:31:18;05/03/2024 12:05:54;20/10/2022 09:31:18;24/05/2019;;S;N;N;;C;;;N;;;;0,50;0,50;0,50;P;0,00;;;1,64;0,00;;0,00;28;;N;0;;;N;N;N;R;0,00;0,00;0,00;0,00;0,00;0,00;0,00;0,00;0,00;0,00;;0,00;0,00;N;N;;S;N;;;N;;;;N;;;;;S;0,00;;;N;N;;;;;N;;;;N;N;;0,00;0,00;;0,00;;0,00;0,00;0,00;0,00;0,00;0,00;0,00;0,00;;;;;;N;;0,00;;;;;;;;;N;N;;N;;;;0,00;N;;N;;;;;N;;;;;N;S;N;E;;PA;1;1;;1;;;;;;;N;;;;;N;;;;N;;;;0,00;;;;;;;;;;;;;;;N;;;;;N;;;;;;;;;1,00;1,00;;1;;;;V;N;;;;N;;;;;;;;;;;;;;;;;;N;;;;OM;;N;N;;;;;N;N;;;0;;;;;;;;;N;;1,00;;U;;;2;;N;N;N;0
5445;BOMB FINI GOMA DENTADURAS 90G;1929;BTM DISTRIBUIDORA DE ALIMENTOS LTDA ;19;DOCERIA;1906;DOCES ESPECIAIS;351;CHECK STAND;190601;DOCES ESPECIAIS DIVERSOS;;;L;OT;UNIDADE;UN;UNIDADE;1,00;1X1;CX;CAIXA;1,00;0,10;0,10;17049020.;"BOMBONS,CARAMELOS,CONFEITOS E PASTILHAS,SEM CACAU
";17049020;;13;0;13;7898279790417,00;0,00;7898279790417,00;991260;;5445;BOMB FINI GOMA DENTADURAS 90G;;5445;BOMB FINI GOMA DENTADURAS 90G;;;;;N;;;;;;;;;;;;;;;;2;DISTRIBUIDORA FREITAS LOPES (LA BODEGA);  ;;;;;N;;S;;;;;;N;;;;;;;;;;;;;1701;LETICIA MARIA DA SILVA;1275;BRUNO FREIRE DE SOUZA;453;;14/12/2022 18:17:13;06/06/2025 14:59:51;14/12/2022 18:17:13;24/05/2019;;S;N;N;;C;;;N;;;;0,50;0,50;0,50;P;0,00;;;6,46;0,00;;0,00;28;;N;0;;;N;N;N;R;0,00;0,00;0,00;0,00;0,00;0,00;0,00;0,00;0,00;0,00;;0,00;0,00;N;N;;S;N;;;N;;;;N;;;;;S;0,00;;;N;N;;;;;N;;;;N;N;;0,00;0,00;;0,00;;0,00;0,00;0,00;0,00;0,00;0,00;0,00;0,00;;;;;;N;;0,00;;;;;;;;;N;N;;N;;;;0,00;N;;N;;;;;N;;;;;N;S;N;E;;PA;1;1;;1;;;;;;;N;;;;;N;;;;N;;;;0,00;;;;;;;;;;;;;;;N;;20;;;N;;;;;;;;;1,00;1,00;;1;;;;V;N;;;;N;;;;;;;;;;;;;;;;;;N;;;;OM;;N;N;;;;;N;N;;;0;;;;;;;;;N;;1,00;;U;;;2;;N;N;N;0
341;FOSFORO GUARANY PC 20X10;18;COMERCIAL DE FOSFOROS SAO LUIS LTDA;144;BAZAR/DIVERS;1402;FOSFORO;;;140201;FOSFORO PEQUENO;;;L;OT;1UNX1UN;UN;UNIDADE;1,00;FD C/ 120UN;CX;CAIXA;120,00;0,09;0,09;36050000.;"FOSFOROS,EXCETO OS ARTIGOS DE PIROTECNIA
";36050000;;13;14;13;7898905100023,00;7898905100016,00;7898905100023,00;341;7;341;FOSFORO GUARANY PC 20X10;;341;FOSFORO GUARANY PC 20X10;;;;;S;;FOSFORO AMOFO, ONU 1381, CLASSE 4, QUANT. LTDA.;;;;;;;;;;;;;P:\BRUUUUUNO\341.PNG;;;  ;;;; ;N;;S;;;1;FOOD;;N;;;;;;;;;;;;;15;FERNANDO FREIRE;217;COMPRADOR - CRISTIANO;1275;;06/11/2024 14:17:23;19/11/2025 17:51:42;06/11/2024 14:17:23;11/04/2015;;S;S;N;;A;A;;N;;;1,00;0,50;0,50;0,50;P;0,00;;;3,09;0,00;;0,00;21;;S;0;;;N;N;N;R;0,00;0,00;0,00;0,00;0,00;0,00;0,00;0,00;0,00;0,00;;0,00;0,00;N;N;;S;N;;;N;;;;N;;;;;S;0,00;;;N;N;;;;;N;;;;N;N;;0,00;0,00;;0,00;;0,00;0,00;0,00;0,00;0,00;0,00;0,00;0,00;;;;;;N;;0,00;;;;;;;;;N;N;;N;;;;0,00;N;N;N;;;;;N;;;;;S;S;N;E;;PA;1;1;;1;;0,00;;11,37;;1,00;N;0,00;;;;N;;;;N;;S;;0,00;;;;;;;;;;;;;;;N;;20;;;N;;;;;;;;;1,00;100,00;;1;;;;V;N;;;;N;;;;;;;;;N;;;;;;;;;N;;;N;OM;;N;N;;;;N;N;N;;;0;;;;;;;;;N;;1,00;;U;;;;;N;N;N;0
342;FRALDA GERIAT MAXFRAL TOP M C/8;60;JC FERREIRA MORAES COMERCIO - ME ;27;HIGIENE PESSOAL;2703;HIGIENE INTIMA ADULTA;;;270301;FRALDA GERIATRICA;;;L;OT;PACOTE;PC;PACOTE;1,00;FD C/ 08PC;FD;FARDO;8,00;0,76;0,76;96190000.;"ABSORVENTES/FRALDAS/SEMELHS.DE PASTA DE PAPEL
";96190000;;13;14;13;7898506370351,00;17898506370351,00;7898506370351,00;;5;342;FRALDA GERIAT MAXFRAL TOP M C/8;;342;FRALDA GERIAT MAXFRAL TOP M C/8;;;;;N;;;;;;;;;;;;;;;;;;FL;;;;;N;;N;;;;;;N;;;;;;;;;;;;;15;FERNANDO FREIRE;453;AMF CONSULTA;453;10/11/2015;09/12/2022 17:36:52;05/03/2024 12:05:54;09/12/2022 17:36:52;11/04/2015;;S;S;N;;C;;;N;;;1,00;0,50;0,50;0,50;P;0,00;;;0,00;0,00;;0,00;21;;N;0;;;N;N;N;R;0,00;0,00;0,00;0,00;0,00;0,00;0,00;0,00;0,00;0,00;;0,00;0,00;N;N;;S;N;;;N;;;;N;;;;;S;0,00;;;N;N;;;;;N;;;;N;N;;0,00;0,00;;0,00;;0,00;0,00;0,00;0,00;0,00;0,00;0,00;0,00;;;;;;N;;0,00;;;;;;;;;N;N;;N;;;;;N;N;N;;;;;N;;;;;N;S;N;E;;PA;1;1;;1;;;;;;;N;0,00;;;;N;;;;N;;;;;;;;;;;;;;;;;;;N;;;;;N;;;;;;;;;1,00;100,00;;1;;;;V;N;;;;N;;;;;;;;;N;;;;;;;;;N;;;N;OM;;N;N;;;;;N;N;;;0;;;;;;;;;N;;1,00;;U;;;;;N;N;N;0
403;LEITE PO ITAMBE DESN LT 300G;59;ITAMBE ALIMENTOS S/A;25;MATINAL;2502;LEITE PO;;;250208;LEITE PO DESNATADO LATAS;;;L;OT;UNIDADE;UN;UNIDADE;1,00;CX C/ 24UN;CX;CAIXA;24,00;0,39;0,39;04022110.;"LEITE INTEGRAL,EM PO,MATERIA GORDA>1.5%,CONCENTR.N/ADOC
	";04022110;;13;14;13;7896051131038,00;17896051131035,00;7896051131038,00;600327-103;0;403;LEITE PO ITAMBE DESN LT 300G;;403;LEITE PO ITAMBE DESN LT 300G;;;;;N;;;;;;;;;;;;;;;;;;FL;;;;;N;;S;;;;;;N;;;;;;;;;;;;;15;FERNANDO FREIRE;453;AMF CONSULTA;453;15/12/1992;27/12/2022 15:07:36;07/05/2025 13:45:04;27/12/2022 15:07:36;10/04/2015;;S;S;N;;C;C;;N;;;1,00;0,50;0,50;0,50;P;0,00;;;6,56;0,00;;0,00;21;;S;0;;;N;N;N;R;0,00;0,00;0,00;0,00;0,00;0,00;0,00;0,00;0,00;0,00;;0,00;0,00;N;N;;S;N;;;N;;;;N;;;;;S;0,00;;;N;N;;;;;S;;;;N;N;;0,00;0,00;;0,00;;0,00;0,00;0,00;0,00;0,00;0,00;0,00;0,00;;;;;;N;;0,00;;;;;;;;;N;N;;N;;;;0,00;N;N;N;;;;;N;;;;;S;S;N;E;;PA;1;1;;1;;0,00;;9,49;;;N;0,00;;;;N;;;;N;;;;0,00;;;;;;;;;28/06/2017;;;;;;N;;;;;N;;;;;;;;;1,00;100,00;;1;;;;V;N;;;;N;;;;;;;;;N;;;;;;;;;N;;;N;OM;;N;N;;;;;N;N;;;0;;;;;;;;;N;;1,00;;U;;;;;N;N;N;0
404;LEITE PO ITAMBE DESN SCH 200G;59;ITAMBE ALIMENTOS S/A;25;MATINAL;2502;LEITE PO;;;250206;LEITE PO DESNATADO SACHE 120 A 200 GR;;;L;OT;UNIDADE;UN;UNIDADE;1,00;FD C/ 25UN;FD;FARDO;25,00;0,26;0,26;04021090.;"LEITE E LATICINIOS; OVOS DE AVES; MEL NATURAL; PRODUTOS COMESTIVEIS DE ORIGEM ANIMAL, N?O ESPECIFICADOS NEM COMPREENDIDOS EM OUTROS CAPITULOS - LEITE E CREME DE LEITE, CONCENTRADOS OU ADICIONADOS DE ACUCAR OU DE OUTROS EDULCORANTES - EM PO, GRANULOS OU OUTRAS FORMAS SOLIDAS, COM UM TEOR, EM PESO, DE MATERIAS GORDAS, N?O SUPERIOR A 1,5% - OUTROS	";04021090;;13;14;13;7896051131069,00;37896051131060,00;7896051131069,00;600352235;9;404;LEITE PO ITAMBE DESN SCH 200G;;404;LEITE PO ITAMBE DESN SCH 200G;;;;;N;;;;;;;;;;;;;;;;;;FL;;;;;N;;S;;;;;;N;;;;;;;;;;;;;15;FERNANDO FREIRE;453;AMF CONSULTA;453;16/12/1992;27/12/2022 16:13:12;07/05/2025 13:45:04;27/12/2022 16:13:12;10/04/2015;;S;S;N;;C;A;;N;;;1,00;0,50;0,50;0,50;P;0,00;;;7,20;0,00;;0,00;21;;S;0;;;N;N;N;R;0,00;0,00;0,00;0,00;0,00;0,00;0,00;0,00;0,00;0,00;;0,00;0,00;N;N;;S;N;;;N;;;;N;;;;;S;0,00;;;N;N;;;;;S;;;;N;N;;0,00;0,00;;0,00;;0,00;0,00;0,00;0,00;0,00;0,00;0,00;0,00;;;;;;N;;0,00;;;;;;;;;N;N;;N;;;;0,00;N;N;N;;;;;N;;;;;S;S;N;E;;PA;1;1;;1;;0,00;;5,35;;;N;0,00;;;;N;;;;N;;;;0,00;;;;;;;;;;;;;;;N;;;;;N;;;;;;;;;1,00;100,00;;1;;;;V;N;;;;N;;;;;;;;;N;;;;;;;;;N;;;N;OM;;N;N;;;;;N;N;;;0;;;;;;;;;N;;1,00;;U;;;;;N;N;N;0
405;LEITE PO ITAMBE INT LT 1KG;59;ITAMBE ALIMENTOS S/A;25;MATINAL;2502;LEITE PO;;;250205;LEITE PO INTEGRAL LATAS;;;L;OT;UNIDADE;UN;UNIDADE;1,00;CX C/ 12UN;CX;CAIXA;12,00;1,04;1,04;04022110.;"LEITE INTEGRAL,EM PO,MATERIA GORDA>1.5%,CONCENTR.N/ADOC
	";04022110;;13;14;13;7896051130420,00;17896051130427,00;7896051130420,00;600307-107;7;405;LEITE PO ITAMBE INT LT 1KG;;405;LEITE PO ITAMBE INT LT 1KG;;;;;N;;;;;;;;;;;;;;;;;;FL;;;;;N;;S;;;;;;N;;;;;;;;;;;;;15;FERNANDO FREIRE;453;AMF CONSULTA;453;15/12/1992;27/12/2022 15:07:36;07/05/2025 13:45:04;27/12/2022 15:07:36;10/04/2015;;S;S;N;;C;C;;N;;;1,00;0,50;0,50;0,50;P;0,00;;;16,47;0,00;;0,00;21;;S;0;;;N;N;N;R;0,00;0,00;0,00;0,00;0,00;0,00;0,00;0,00;0,00;0,00;;0,00;0,00;N;N;;S;N;;;N;;;;N;;;;;S;0,00;;;N;N;;;;;S;;;;N;N;;0,00;0,00;;0,00;;0,00;0,00;0,00;0,00;0,00;0,00;0,00;0,00;;;;;;N;;0,00;;;;;;;;;N;N;;N;;;;0,00;N;N;N;;;;;N;;;;;S;S;N;E;;PA;1;1;;1;;0,00;;11,04;;;N;0,00;;;;N;;;;N;;;;;;;;;;;;;;;;;;;N;;;;;N;;;;;;;;;1,00;100,00;;1;;;;V;N;;;;N;;;;;;;;;N;;;;;;;;;N;;;N;OM;;N;N;;;;;N;N;;;0;;;;;;;;;N;;1,00;;U;;;;;N;N;N;0
5167;MAC INST CUP NOODLES CURRY 70G;535;EMPRESA BRASILEIRA DE DISTRIBUICAO LTDA;24;MASSA;2406;MACARRAO INSTANTANEO;344;MASSAS;240604;MACARRAO INSTANTANEO SABORES DIV;;;L;OT;PACOTE;UN;UNIDADE;1,00;CX C/ 24UN;CX;CAIXA;24,00;0,10;0,10;19023000.;"OUTRAS MASSAS ALIMENTICIAS
";19023000;;13;0;13;7891079013427,00;0,00;7891079013427,00;6037;8;8721;MAC INST CUP NOODLES CARNE DEFUMADA 69G;;8721;MAC INST CUP NOODLES CARNE DEFUMADA 69G;;;;;N;;;;;;;;;;;;;;;;2;DISTRIBUIDORA FREITAS LOPES (LA BODEGA);FL;;;;;N;;S;;;;;;N;;;;;;;;;;;;;1701;LETICIA MARIA DA SILVA;453;AMF CONSULTA;453;16/12/1992;29/12/2022 12:28:02;05/03/2024 12:05:54;29/12/2022 12:28:02;07/02/2019;;S;N;N;;C;;;N;;;;0,50;0,50;0,50;P;0,00;;;3,68;0,00;;0,00;28;;N;0;;;N;N;N;R;0,00;0,00;0,00;0,00;0,00;0,00;0,00;0,00;0,00;0,00;;0,00;0,00;N;N;;S;N;;;N;;;;N;;;;;S;0,00;;;N;N;;;;;N;;;;N;N;;0,00;0,00;;0,00;;0,00;0,00;0,00;0,00;0,00;0,00;0,00;0,00;;;;;;N;;0,00;;;;;;;;;N;N;;N;;;;0,00;N;;N;;;;;N;;;;;N;S;N;E;;PA;1;1;;1;;;;;;;N;;;;;N;;;;N;;;;0,00;;;;;;;;;;;;;;;N;;;;;N;;;;;;;;;1,00;1,00;;1;;;;V;N;;;;N;;;;;;;;;;;;;;;;;;N;;;;OM;;N;N;;;;;N;N;;;0;;;;;;;;;N;;1,00;;U;;;2;;N;N;N;0
5168;BOMB TIC-TAC MORANGO 14,5G;535;EMPRESA BRASILEIRA DE DISTRIBUICAO LTDA;19;DOCERIA;1906;DOCES ESPECIAIS;;;190601;DOCES ESPECIAIS DIVERSOS;;;MC;OT;UNIDADE;UN;UNIDADE;1,00;DP C/ 14UN;CX;CAIXA;14,00;0,02;0,02;17049020.;"BOMBONS,CARAMELOS,CONFEITOS E PASTILHAS,SEM CACAU
";17049020;;13;13;13;78605831,00;7898024395331,00;78605831,00;3130241/13502;0;5168;BOMB TIC-TAC MORANGO 14,5G;;5168;BOMB TIC-TAC MORANGO 14,5G;;;;;N;;;;;;;;;;;;;;;;2;DISTRIBUIDORA FREITAS LOPES (LA BODEGA);  ;;;;;N;;S;;;;;;N;;;;;;;;;;;;;1701;LETICIA MARIA DA SILVA;1275;BRUNO FREIRE DE SOUZA;156;;09/08/2023 11:55:35;26/11/2025 08:35:09;09/08/2023 11:55:35;07/02/2019;;S;N;N;;C;C;;N;;;;0,50;0,50;0,50;P;0,00;;;2,62;0,00;;0,00;28;;N;0;2;DISTRIBUIDORA FREITAS LOPES (LA BODEGA);N;N;N;R;7,01;0,00;0,00;0,00;0,00;0,00;0,00;0,00;0,00;0,00;;0,00;0,00;N;N;;S;N;;;N;;;;N;;;;;S;0,00;;;N;N;;;;;N;;;;N;N;;0,00;0,00;;0,00;;0,00;0,00;0,00;0,00;0,00;0,00;0,00;0,00;;;;;;N;;0,00;;;;;;;;;N;N;;N;;;;7,01;N;;N;;;;;N;;;;;N;N;N;E;;PA;1;1;;1;CX;0,08;;40,00;;;N;;;;;N;;;;N;;;;0,00;;;;;;;;;05/12/2017;;;;;;N;;20;;;N;;;;;;;;;1,00;1,00;;1;;;;V;N;;;;N;;;;;;;;;;;;;;;;;;N;;;;OM;;N;N;;;;N;N;N;;;0;;;;;;;;;N;;1,00;;U;;;2;;N;N;N;0
406;LEITE PO ITAMBE INT LT 2KG;59;ITAMBE ALIMENTOS S/A;25;MATINAL;2502;LEITE PO;;;250205;LEITE PO INTEGRAL LATAS;;;L;OT;UNIDADE;UN;UNIDADE;1,00;CX C/ 06UN;CX;CAIXA;6,00;2,29;2,29;04022110.;"LEITE INTEGRAL,EM PO,MATERIA GORDA>1.5%,CONCENTR.N/ADOC
	";04022110;;13;0;13;7896051130529,00;0,00;7896051130529,00;600307-108;5;406;LEITE PO ITAMBE INT LT 2KG;;406;LEITE PO ITAMBE INT LT 2KG;;;;;N;;;;;;;;;;;;;;;;;;FL;;;;;N;;S;;;;;;N;;;;;;;;;;;;;15;FERNANDO FREIRE;453;AMF CONSULTA;453;15/12/1992;27/12/2022 15:07:36;07/05/2025 13:45:04;27/12/2022 15:07:36;10/04/2015;;S;S;N;;C;C;;N;;;1,00;0,50;0,50;0,50;P;0,00;;;32,10;0,00;;0,00;21;;S;0;;;N;N;N;R;0,00;0,00;0,00;0,00;0,00;0,00;0,00;0,00;0,00;0,00;;0,00;0,00;N;N;;S;N;;;N;;;;N;;;;;S;0,00;;;N;N;;;;;S;;;;N;N;;0,00;0,00;;0,00;;0,00;0,00;0,00;0,00;0,00;0,00;0,00;0,00;;;;;;N;;0,00;;;;;;;;;N;N;;N;;;;0,00;N;N;N;;;;;N;;;;;S;S;N;E;;PA;1;1;;1;;0,01;;13,76;;;N;0,00;;;;N;;;;N;;;;;;;;;;;;;;;;;;;N;;;;;N;;;;;;;;;1,00;100,00;;1;;;;V;N;;;;N;;;;;;;;;N;;;;;;;;;N;;;N;OM;;N;N;;;;;N;N;;;0;;;;;;;;;N;;1,00;;U;;;;;N;N;N;0
407;LEITE PO ITAMBE INT LT 400G;59;ITAMBE ALIMENTOS S/A;25;MATINAL;2502;LEITE PO;;;250205;LEITE PO INTEGRAL LATAS;;;L;OT;UNIDADE;UN;UNIDADE;1,00;CX C/ 24UN;CX;CAIXA;24,00;0,49;0,49;04022110.;"LEITE INTEGRAL,EM PO,MATERIA GORDA>1.5%,CONCENTR.N/ADOC
	";04022110;;13;14;13;7896051130284,00;17896051130281,00;7896051130284,00;600311-031;3;407;LEITE PO ITAMBE INT LT 400G;;407;LEITE PO ITAMBE INT LT 400G;;;;;N;;;;;;;;;;;;;;;;;;FL;;;;;N;;S;;;;;;N;;;;;;;;;;;;;15;FERNANDO FREIRE;453;AMF CONSULTA;453;17/02/2020 15:25:56;27/12/2022 16:17:40;07/05/2025 13:45:04;27/12/2022 16:17:40;10/04/2015;;S;S;N;;C;C;;N;;;1,00;0,50;0,50;0,50;P;0,00;;;7,44;0,00;;0,00;21;;S;0;;;N;N;N;R;0,00;0,00;0,00;0,00;0,00;0,00;0,00;0,00;0,00;0,00;;0,00;0,00;N;N;;S;N;;;N;;;;N;;;;;S;0,00;;;N;N;;;;;S;;;;N;N;;0,00;0,00;;0,00;;0,00;0,00;0,00;0,00;0,00;0,00;0,00;0,00;;;;;;N;;0,00;;;;;;;;;N;N;;N;;;;0,00;N;N;N;;;;;N;;;;;S;S;N;E;;PA;1;1;;1;;0,00;;11,83;;;N;0,00;;;;N;;;;N;;;;0,00;;;;;;;;;10/11/2017;;;;;;N;;;;;N;;;;;;;;;1,00;100,00;;1;;;;V;N;;;;N;;;;;;;;;N;;;;;;;;;N;;;N;OM;;N;N;;;;;N;N;;;0;;;;;;;;;N;;1,00;;U;;;;;N;N;N;0
408;LEITE PO ITAMBE INT SCH 800G;59;ITAMBE ALIMENTOS S/A;25;MATINAL;2502;LEITE PO;;;250204;LEITE PO INTEGRAL SACHE 1KG;;;L;OT;UNIDADE;UN;UNIDADE;1,00;CX C/ 12UN;CX;CAIXA;12,00;0,82;0,82;04022110.;"LEITE INTEGRAL,EM PO,MATERIA GORDA>1.5%,CONCENTR.N/ADOC
	";04022110;;13;14;13;7896051130086,00;17896051130083,00;7896051130086,00;600307288;1;408;LEITE PO ITAMBE INT SCH 800G;;408;LEITE PO ITAMBE INT SCH 800G;;;;;N;;;;;;;;;;;;;;;;;;FL;;;;;N;;S;;;;;;N;;;;;;;;;;;;;15;FERNANDO FREIRE;453;AMF CONSULTA;453;16/12/1992;27/12/2022 15:07:36;07/05/2025 13:45:04;27/12/2022 15:07:36;10/04/2015;;S;S;N;;C;C;;N;;;1,00;0,50;0,50;0,50;P;0,00;;;19,70;0,00;;0,00;21;;S;0;;;N;N;N;R;0,00;0,00;0,00;0,00;0,00;0,00;0,00;0,00;0,00;0,00;;0,00;0,00;N;N;;S;N;;;N;;;;N;;;;;S;0,00;;;N;N;;;;;S;;;;N;N;;0,00;0,00;;0,00;;0,00;0,00;0,00;0,00;0,00;0,00;0,00;0,00;;;;;;N;;0,00;;;;;;;;;N;N;;N;;;;0,00;N;N;N;;;;;N;;;;;S;S;N;E;;PA;1;1;;1;;0,00;;9,79;;1,00;N;0,00;;;;N;;;;N;;;;0,00;;;;;;;;;25/08/2017;;;;;;N;;;;;N;;;;;;;;;1,00;100,00;;1;;;;V;N;;;;N;;;;;;;;;N;;;;;;;;;N;;;N;OM;;N;N;;;;;N;N;;;0;;;;;;;;;N;;1,00;;U;;;;;N;N;N;0
409;LEITE PO ITAMBE INT SCH 1KG;59;ITAMBE ALIMENTOS S/A;25;MATINAL;2502;LEITE PO;;;250204;LEITE PO INTEGRAL SACHE 1KG;;;L;OT;UNIDADE;UN;UNIDADE;1,00;FD C/ 10UN;FD;FARDO;10,00;1,04;1,04;04022110.;"LEITE INTEGRAL,EM PO,MATERIA GORDA>1.5%,CONCENTR.N/ADOC
	";04022110;;13;14;13;7896051130154,00;27896051130158,00;7896051130154,00;600301171;0;409;LEITE PO ITAMBE INT SCH 1KG;;409;LEITE PO ITAMBE INT SCH 1KG;;;;;N;;;;;;;;;;;;;;;;;;  ;;;;;N;;S;;;;;;N;;;;;;;;;;;;;15;FERNANDO FREIRE;1275;BRUNO FREIRE DE SOUZA;103;;23/09/2025;18/11/2025 18:18:22;23/09/2025 11:29:01;10/04/2015;;S;S;N;;C;C;;N;;;1,00;0,50;0,50;0,50;P;0,00;;;32,00;0,00;;0,00;21;;S;0;;;N;N;N;R;0,00;0,00;0,00;0,00;0,00;0,00;0,00;0,00;0,00;0,00;;0,00;0,00;N;N;;S;N;;;N;;;;N;;;;;S;0,00;;;N;N;;;;;S;;;;N;N;;0,00;0,00;;0,00;;0,00;0,00;0,00;0,00;0,00;0,00;0,00;0,00;;;;;;N;;0,00;;;;;;;;;N;N;;N;;;;0,00;N;N;N;;;;;N;;;;;S;S;N;E;;PA;1;1;;1;;0,00;;11,04;;1,00;N;0,00;;;;N;;;;N;;S;;0,00;;;;;;;;;05/09/2017;;;;;;N;;20;;;N;;;;;;;;;1,00;100,00;;1;;;;V;N;;;;N;;;;;;;;;N;;;;;;;;;N;;;N;OM;;N;N;;;;N;N;N;;;0;;;;;;;;;N;;1,00;;U;;;;;N;N;N;0
410;LEITE PO ITAMBE INT SCH 200G;59;ITAMBE ALIMENTOS S/A;25;MATINAL;2502;LEITE PO;;;250202;LEITE PO INTEGRAL SACHE 200GR ;;;L;OT;UNIDADE;UN;UNIDADE;1,00;FD C/ 50UN;FD;FARDO;50,00;0,20;0,21;04022110.;"LEITE INTEGRAL,EM PO,MATERIA GORDA>1.5%,CONCENTR.N/ADOC
	";04022110;;13;14;13;7896051130055,00;47896051130053,00;7896051130055,00;600301-100;3;410;LEITE PO ITAMBE INT SCH 200G;;410;LEITE PO ITAMBE INT SCH 200G;;;;;N;;;;;;;;;;;;;;;P:\BRUUUUUNO\410.PNG;;;  ;;;;;N;;S;;;1;FOOD;;N;;;;;;;;;;;;;15;FERNANDO FREIRE;103;ELAINE DO NASCIMENTO CABRAL SOUSA;217;;24/11/2025;24/11/2025 15:54:36;17/10/2025 11:58:31;10/04/2015;;S;S;N;;A;A;;N;;;1,00;0,50;0,50;0,50;P;0,00;;;6,79;0,00;;0,00;21;;S;0;;;N;N;N;R;8,84;0,00;0,00;0,00;0,00;0,00;0,00;0,00;0,00;0,00;;0,00;0,00;N;N;;S;N;;;N;;;;N;;;;;S;0,00;;;N;N;;;;;S;;;;N;N;;0,00;0,00;;0,00;;0,00;0,00;0,00;0,00;0,00;0,00;0,00;0,00;;;;;;N;;0,00;;;;;;;;;N;N;;N;;;;8,84;N;N;N;;;;;N;;;;;S;S;N;E;;PA;1;1;;1;;0,00;;10,40;;1,00;N;0,00;;;;N;;;;N;;S;;0,00;;;;;;;;;;;;;;;N;;20;;;N;;;;;;;;;1,00;100,00;;1;;;;V;N;;;;N;;;;;;;;;N;;;;;;;;;N;;;N;OM;;N;N;;;;N;N;N;;;0;;;;;;;;;N;;1,00;;U;;;;;N;N;N;0
5197;BEB CERV STELLA ARTOIS LT 269ML;134;CRBS S/A ;15;BEB ALCOOLICA;1501;CERVEJA;;;150101;CERVEJA LATA;;;L;OT;269ML;LT;LATA;1,00;PC C/ 8UN;PC;PACOTE;8,00;0,29;0,29;22030000.8;CERVEJAS DE MALTE (IPI 2,7% - PAUTA1,0794);22030000;08;13;13;13;7891149103065,00;7891149103072,00;7891149103065,00;0001699;6;5197;BEB CERV STELLA ARTOIS LT 269ML;;5197;BEB CERV STELLA ARTOIS LT 269ML;;;;;N;;;;;;;;;;;;;;;;;;  ;;;;;N;;S;;;;;;N;;;;;;;;;;;;;1701;LETICIA MARIA DA SILVA;107;MARCOS ANTONIO ESPINDOLA FRANCA;1275;;03/09/2024 08:26:57;06/06/2025 14:59:51;03/09/2024 08:26:57;19/02/2019;;S;S;N;;C;B;;N;;;;0,50;0,50;0,50;P;0,00;;;3,25;0,00;;0,00;21;;S;0;;;N;N;N;R;0,00;0,00;0,00;0,00;0,00;0,00;0,00;0,00;0,00;0,00;;0,00;0,00;N;N;;S;N;;;N;;;;N;;;;;S;0,00;;;N;N;;;;;N;;;;N;N;;0,00;0,00;;0,00;;0,00;0,00;0,00;0,00;0,00;0,00;0,00;0,00;;;;;;N;;0,00;;;;;;;;;N;N;;N;;;;0,00;N;;N;;;;;N;;;;;S;S;N;E;;PA;1;1;1,00;2;;0,00;;2,32;;1,00;N;;;;;N;;;;N;;S;;0,00;;;;;;;;;;;;;;;N;;20;;;N;1,00;;;;;;;;1,00;1,00;;1;1;;;V;N;;;;N;;;;;;;;;;;;;;;;;;N;;;;OM;;N;N;;;;N;N;N;;;0;;;;;;;;;N;;1,00;;U;;;;;N;N;N;0
5465;SAND HAV FLASH SW RT ARE 33/34;81;MARQUES & MELO LTDA;144;BAZAR/DIVERS;1405;UTILIDADES DO LAR;173;HAVAIANAS;140507;UTILIDADES DIVERSAS;;;L;OT;PAR;UN;UNIDADE;1,00;1X1;UN;UNIDADE;1,00;0,10;0,10;64022000.;CALCADO COM PARTE SUPERIOR EM TIRAS OU CORREIAS, FIXADOS A SOLA POR PREGOS, TACHAS, PINOS E SEMELHANTES;64022000;;13;13;13;7893249025988,00;5465,00;7893249025988,00;1217427;1;5465;SAND HAV FLASH SW RT ARE 33/34;;5465;SAND HAV FLASH SW RT ARE 33/34;;;;;N;;;;;;;;;;;;;;;;2;DISTRIBUIDORA FREITAS LOPES (LA BODEGA);FL;;;;;N;;S;;;;;;N;;;;;;;;;;;;;1701;LETICIA MARIA DA SILVA;453;AMF CONSULTA;453;22/10/2020 15:57:20;09/03/2023 16:13:40;31/01/2025 10:23:23;09/03/2023 16:13:40;30/05/2019;;S;N;N;;C;;;N;;;;0,50;0,50;0,50;P;0,00;;;11,94;0,00;;0,00;28;;N;0;;;N;N;N;R;0,00;0,00;0,00;0,00;0,00;0,00;0,00;0,00;0,00;0,00;;0,00;0,00;N;N;;S;N;;;N;;;;N;;;;;S;0,00;;;N;N;;;;;N;;;;N;N;;0,00;0,00;;0,00;;0,00;0,00;0,00;0,00;0,00;0,00;0,00;0,00;;;;;;N;;0,00;;;;;;;;;N;N;;N;;;;0,00;N;;N;;;;;N;;;;;N;S;N;E;;PA;1;1;;1;;;;;;;N;;;;;N;;;;N;;;;0,00;;;;;;;;;;;;;;;N;;;;;N;;;;;;;;;1,00;1,00;;1;;;;V;N;;;;N;;;;;;;;;;;;;;;;;;N;;;;OM;;N;N;;;;;N;N;;;0;;;;;;;;;N;;1,00;;U;;;2;;N;N;N;0
411;LEITE PO PIRACANJUBA INT SCH 1KG;71;LATICINIOS BELA VISTA LTDA;25;MATINAL;2502;LEITE PO;8;PIRACANJUBA;250204;LEITE PO INTEGRAL SACHE 1KG;;;L;OT;UNIDADE;UN;UNIDADE;1,00;FD C/ 10UN;FD;FARDO;10,00;1,00;1,01;04022110.;"LEITE INTEGRAL,EM PO,MATERIA GORDA>1.5%,CONCENTR.N/ADOC
	";04022110;;13;14;13;7898215152354,00;17898215152351,00;7898215152354,00;00010211;1;411;LEITE PO PIRACANJUBA INT SCH 1KG;;411;LEITE PO PIRACANJUBA INT SCH 1KG;;;;;N;;;;;;;;;;;;;;;P:\BRUUUUUNO\411.PNG;;;  ;;;;;N;;S;;;1;FOOD;;N;;;;;;;;;;;;;15;FERNANDO FREIRE;217;COMPRADOR - CRISTIANO;1275;;14/05/2025;21/10/2025 16:00:53;19/12/2024 14:23:42;10/04/2015;;S;S;N;;B;B;;N;;;1,00;0,50;0,50;0,50;P;0,00;;;27,90;0,00;;0,00;21;;S;0;;;N;N;N;R;0,00;0,00;0,00;0,00;0,00;0,00;0,00;0,00;0,00;0,00;;0,00;0,00;N;N;;S;N;;;N;;;;N;;;;;S;0,00;;;N;N;;;;;S;;;;N;N;;0,00;0,00;;0,00;;0,00;0,00;0,00;0,00;0,00;0,00;0,00;0,00;;;;;;N;;0,00;;;;;;;;;N;N;;N;;;;0,00;N;N;N;;;;;N;;;;;S;S;N;E;;PA;1;1;;1;;0,00;;10,14;;1,00;N;0,00;;;;N;;;;N;;S;;0,00;;;;;;;;;25/10/2017;;;;;;N;;20;;;N;;;;;;;;;1,00;100,00;;1;;;;V;N;;;;N;;;;;;;;;N;;;;;;;;;N;;;N;OM;;N;N;;;;N;N;N;;;0;;;;;;;;;N;;1,00;;U;;;;;N;N;N;0
412;LEITE PO PIRACANJUBA INT SCH 200G;71;LATICINIOS BELA VISTA LTDA;25;MATINAL;2502;LEITE PO;8;PIRACANJUBA;250202;LEITE PO INTEGRAL SACHE 200GR ;;;L;OT;UNIDADE;UN;UNIDADE;1,00;FD C/ 50UN;FD;FARDO;50,00;0,20;0,21;04022110.;"LEITE INTEGRAL,EM PO,MATERIA GORDA>1.5%,CONCENTR.N/ADOC
	";04022110;;13;14;13;7898215152330,00;17898215152337,00;7898215152330,00;00010204;0;412;LEITE PO PIRACANJUBA INT SCH 200G;;412;LEITE PO PIRACANJUBA INT SCH 200G;;;;;N;;;;;;;;;;;;;;;P:\BRUUUUUNO\412.PNG;;;  ;;;;;N;;S;;;;;;N;;;;;;;;;;;;;15;FERNANDO FREIRE;1275;BRUNO FREIRE DE SOUZA;1275;;21/02/2025 12:12:13;18/11/2025 18:10:39;31/10/2025 14:10:31;10/04/2015;;S;S;N;;A;A;;N;;;1,00;0,50;0,50;0,50;P;0,00;;;5,58;0,00;;0,00;21;;S;0;;;N;N;N;R;0,00;0,00;0,00;0,00;0,00;0,00;0,00;0,00;0,00;0,00;;0,00;0,00;N;N;;S;N;;;N;;;;N;;;;;S;0,00;;;N;N;;;;;S;;;;N;N;;0,00;0,00;;0,00;;0,00;0,00;0,00;0,00;0,00;0,00;0,00;0,00;;;;;;N;;0,00;;;;;;;;;N;N;;N;;;;0,00;N;N;N;;;;;N;;;;;S;S;N;E;;PA;1;1;;1;;0,00;;10,33;;1,00;N;0,00;;;;N;;;;N;;S;;0,00;;;;;;;;;28/10/2017;;;;;;N;;20;;;N;;;;;;;;;1,00;100,00;;1;;;;V;N;;;;N;;;;;;;;;N;;;;;;;;;N;;;N;OM;;N;N;;;;N;N;N;;;0;;;;;;;;;N;;1,00;;U;;;;;N;N;N;0
421;MAIONESE QUERO TP 270G;81;MARQUES & MELO LTDA;17;CONDIMENTO E TEMPERO;1720;MAIONESE;215;QUERO;172001;MAIONESE;;;L;OT;UNIDADE;UN;UNIDADE;1,00;CX C/ 24UN;CX;CAIXA;24,00;0,28;0,28;21039011.;"MOLHOS PREPARADOS,DE MAIONESE
";21039011;;13;14;13;7896102509205,00;57896102509408,00;7896102509205,00;15239;9;421;MAIONESE QUERO TP 270G;;421;MAIONESE QUERO TP 270G;;;UN;UNIDADE;N;;;;;;;;;;;;;;;;;;  ;;;;;N;;S;;;;;;N;;;;;;;;;;;;;15;FERNANDO FREIRE;265;GILBERTO PINHEIRO GUIMARAES;217;;14/06/2023;06/06/2025 14:59:51;01/06/2023 10:44:05;10/04/2015;;S;S;N;;A;B;;N;;;1,00;0,50;0,50;0,50;P;0,00;;;3,05;0,00;;0,00;21;;S;0;;;N;N;N;R;0,00;0,00;0,00;0,00;0,00;0,00;0,00;0,00;0,00;0,00;;0,00;0,00;N;N;;S;N;;;N;;;;N;;;;;S;0,00;;;N;N;;;;;N;;;;N;N;;0,00;0,00;;0,00;;0,00;0,00;0,00;0,00;0,00;0,00;0,00;0,00;;;;;;N;;0,00;;;;;;;;;N;N;;N;;;;0,00;N;N;N;;;;;N;;;;;S;S;N;E;;PA;1;1;;1;;0,00;;6,96;;1,00;N;0,00;;;;N;;;;N;;;;0,00;;;;;;;;;01/07/2017;;;;;;N;;20;;;N;;;;;;;;;1,00;100,00;;1;;;;V;N;;;;N;;;;;;;;;N;;;;;;;;;N;;;N;OM;;N;N;;;;;N;N;;;0;;;;;;;;;N;;1,00;;U;;;;;N;N;N;0
422;MAIONESE QUERO TP 1,012KG;48;HEINZ BRASIL S/A;17;CONDIMENTO E TEMPERO;1720;MAIONESE;;;172001;MAIONESE;;;L;OT;UNIDADE;UN;UNIDADE;1,00;CX C/ 12UN;CX;CAIXA;12,00;1,06;1,06;21039019.;OUTRAS, MAIONESES;21039019;;13;14;13;7896102509229,00;37896102509220,00;7896102509229,00;78961025092200;7;422;MAIONESE QUERO TP 1,012KG;;422;MAIONESE QUERO TP 1,012KG;;;;;N;;;;;;;;;;;;;;;;;;FL;;;;;N;;S;;;;;;N;;;;;;;;;;;;;15;FERNANDO FREIRE;453;AMF CONSULTA;453;22/10/2019;30/12/2022 08:18:45;07/05/2025 13:45:04;30/12/2022 08:18:45;10/04/2015;;S;S;N;;C;C;;N;;;1,00;0,50;0,50;0,50;P;0,00;;;3,15;0,00;;0,00;21;;S;0;;;N;N;N;R;0,00;0,00;0,00;0,00;0,00;0,00;0,00;0,00;0,00;0,00;;0,00;0,00;N;N;;S;N;;;N;;;;N;;;;;S;0,00;;;N;N;;;;;S;;;;N;N;;0,00;0,00;;0,00;;0,00;0,00;0,00;0,00;0,00;0,00;0,00;0,00;;;;;;N;;0,00;;;;;;;;;N;N;;N;;;;0,00;N;N;N;;;;;N;;;;;S;S;N;E;;PA;1;1;;1;;0,00;;12,91;;;N;0,00;;;;N;;;;N;;;;0,00;;;;;;;;;01/12/2017;;;;;;N;;;;;N;;;;;;;;;1,00;100,00;;1;;;;V;N;;;;N;;;;;;;;;N;;;;;;;;;N;;;N;OM;;N;N;;;;;N;N;;;0;;;;;;;;;N;;1,00;;U;;;;;N;N;N;0
423;MAIONESE SIOLLE BLD 3KG;107;SIOL ALIMENTOS LTDA;17;CONDIMENTO E TEMPERO;1720;MAIONESE;;;172002;MAIONESE INSTITUCIONAL;;;L;OT;UNIDADE;PT;POTE;1,00;CX C/ 06UN;CX;CAIXA;6,00;3,20;3,20;21039019.;OUTRAS, MAIONESES;21039019;;13;14;13;7896248100472,00;37896248100473,00;7896248100472,00;4020027;5;423;MAIONESE SIOLLE BLD 3KG;;423;MAIONESE SIOLLE BLD 3KG;;;;;N;;;;;;;;;;;;;;;;1;DISTRIBUIDORA FREITAS LOPES LTDA;FL;;;;;N;;S;;;;;;N;;;;;;;;;;;;;15;FERNANDO FREIRE;453;AMF CONSULTA;453;15/12/1992;30/12/2022 08:18:45;07/05/2025 13:45:04;30/12/2022 08:18:45;10/04/2015;;S;S;N;;C;C;;N;;;1,00;0,50;0,50;0,50;P;0,00;;;6,50;0,00;;0,00;21;;S;0;;;N;N;N;R;0,00;0,00;0,00;0,00;0,00;0,00;0,00;0,00;0,00;0,00;;0,00;22,27;N;N;;S;N;;;N;;;;N;;;;;S;0,00;;;N;N;;;;;N;;;;N;N;;0,00;0,00;;0,00;;0,00;0,00;0,00;0,00;0,00;0,00;0,00;0,00;;;;;;N;;0,00;;;;;;;;;N;N;;N;;;;0,00;N;N;N;;;;;N;;;;;S;S;N;E;;PA;1;1;;1;;0,01;;19,77;;;N;0,00;;;;N;;;;N;;;;0,00;;;;;;;;;;;;;;;N;;;;;N;;;;;;;;;1,00;100,00;;1;;;;V;N;;;;N;;;;;;;;;N;;;;;;;;;N;;;N;OM;;N;N;;;;;N;N;;;0;;;;;;;;;N;;1,00;;U;;;1;;N;N;N;0
5466;SAND HAV FLASH SW RT ARE 35/6;81;MARQUES & MELO LTDA;144;BAZAR/DIVERS;1405;UTILIDADES DO LAR;173;HAVAIANAS;140507;UTILIDADES DIVERSAS;;;L;OT;PAR;PA;PAR;1,00;1X1;PA;PAR;1,00;0,10;0,10;64022000.;CALCADO COM PARTE SUPERIOR EM TIRAS OU CORREIAS, FIXADOS A SOLA POR PREGOS, TACHAS, PINOS E SEMELHANTES;64022000;;13;13;;5466,00;5466,00;;1217428;1;5465;SAND HAV FLASH SW RT ARE 33/34;;5466;SAND HAV FLASH SW RT ARE 35/6;;;;;N;;;;;;;;;;;;;;;;2;DISTRIBUIDORA FREITAS LOPES (LA BODEGA);FL;;;;;N;;S;;;;;;N;;;;;;;;;;;;;1701;LETICIA MARIA DA SILVA;103;ELAINE DO NASCIMENTO CABRAL SOUSA;103;15/12/1992;09/08/2023 13:59:35;31/01/2025 10:23:23;09/08/2023 13:59:35;30/05/2019;;S;N;N;;C;;;N;;;;0,50;0,50;0,50;P;0,00;;;11,98;0,00;;0,00;28;;N;0;;;N;N;N;R;0,00;0,00;0,00;0,00;0,00;0,00;0,00;0,00;0,00;0,00;;0,00;0,00;N;N;;S;N;;;N;;;;N;;;;;S;0,00;;;N;N;;;;;N;;;;N;N;;0,00;0,00;;0,00;;0,00;0,00;0,00;0,00;0,00;0,40;0,00;0,00;;;;;;N;;0,00;;;;;;;;;N;N;;N;;;;0,00;N;;N;;;;;N;;;;;N;S;N;E;;PA;1;1;;1;;;;;;;N;;;;;N;;;;N;;;;0,00;;;;;;;;;;;;;;;N;;;;;N;;;;;;;;;1,00;1,00;;1;;;;V;N;;;;N;;;;;;;;;;;;;;;;;;N;;;;OM;;N;N;;;;N;N;N;;;0;;;;;;;;;N;;1,00;;U;;;2;;N;N;N;0
424;MANT N S NAZARE C/ SAL KG;73;LATICINIOS VENEZA LTDA;26;PERECIVEL;2608;MANTEIGA;;;260801;MANTEIGA POTE;;;L;OT;KG;KG;KILOGRAMA;1,00;CX C/20KG;CX;CAIXA;20,00;0,00;0,00;04051000.;"MANTEIGA
	";04051000;;8;0;8;424,00;0,00;424,00;138-4;3;424;MANT N S NAZARE C/ SAL KG;;424;MANT N S NAZARE C/ SAL KG;;;;;N;;;;;;;;;;;;;;;;3;AMF ATACAREJO LTDA;FL;;;;;N;;S;;;;;;N;;;;;;;;;;;;;15;FERNANDO FREIRE;453;AMF CONSULTA;453;16/12/1992;03/03/2023 11:10:07;02/03/2025 14:53:01;03/03/2023 11:10:07;10/04/2015;;S;S;S;;C;B;;N;;;0,00;0,50;0,50;0,50;P;0,00;;;35,40;0,00;;0,00;21;;S;0;;;N;N;N;R;0,00;0,00;0,00;0,00;0,00;0,00;0,00;0,00;0,00;0,00;;0,00;0,00;N;N;;S;N;;;N;;;;N;;;;;S;0,00;;;N;N;;;;;N;;;;N;N;;0,00;0,00;;0,00;;0,00;0,00;0,00;0,00;0,00;0,00;0,00;0,00;;;;;;N;;0,00;;;;;;;;;N;N;;N;;;;0,00;N;N;N;;;;;N;;;;;S;S;N;E;;PA;1;1;;1;;0,01;;20,80;;;N;0,00;;;;N;;;;N;;;;0,00;;;;;;;;;;;;;;;N;;;;;N;;;;;;;;;1,00;100,00;;1;;;;V;N;;;;N;;;;;;;;;N;;;;;;;;;N;;;N;OM;;N;N;;;;;N;N;;;0;;;;;;;;;N;;1,00;;U;;;3;;N;N;N;0
425;MANT N S NAZARE C/SAL LT 500G;73;LATICINIOS VENEZA LTDA;26;PERECIVEL;2608;MANTEIGA;352;PERECIVEIS;260803;MANTEIGA LATA 500GR ACIMA;;;L;OT;1UNX500GR;UN;UNIDADE;1,00;CX C/ 12UN;CX;CAIXA;12,00;0,65;0,65;04051000.;"MANTEIGA
	";04051000;;13;13;13;7896448400082,00;7896448000820,00;7896448400082,00;175-9;1;425;MANT N S NAZARE C/SAL LT 500G;;425;MANT N S NAZARE C/SAL LT 500G;;;;;N;;;;;;;;;;;;;;;;;;FL;;;;;N;;S;;;;;;N;;;;;;;;;;;;;15;FERNANDO FREIRE;453;AMF CONSULTA;453;15/12/1992;27/09/2022 17:40:29;07/05/2025 13:45:04;27/09/2022 17:40:29;10/04/2015;;S;S;N;;C;;;N;;;1,00;0,50;0,50;0,50;P;0,00;;;20,15;0,00;;0,00;21;;S;0;;;N;N;N;R;0,00;0,00;0,00;0,00;0,00;0,00;0,00;0,00;0,00;0,00;;0,00;0,00;N;N;;S;N;;;N;;;;N;;;;;S;0,00;;;N;N;;;;;N;;;;N;N;;0,00;0,00;;0,00;;0,00;0,00;0,00;0,00;0,00;0,00;0,00;0,00;;;;;;N;;0,00;;;;;;;;;N;N;;N;;;;0,00;N;N;N;;;;;N;;;;;S;S;N;E;;PA;1;1;;1;;0,00;;7,02;;;N;0,00;;;;N;;;;N;;;;0,00;;;;;;;;;;;;;;;N;;;;;N;;;;;;;;;1,00;100,00;;1;;;;V;N;;;;N;;;;;;;;;N;;;;;;;;;N;;;N;OM;;N;N;;;;;N;N;;;0;;;;;;;;;N;;1,00;;U;;;;;N;N;N;0
426;MANT TOURINHO KG;115;TOURINHO ALIMENTOS LTDA;26;PERECIVEL;2608;MANTEIGA;75;TOURINHO;260804;MANTEIGA LATA 10KG;;;BC;OT;KG;KG;KILOGRAMA;1,00;CX C/ 20KG;CX;CAIXA;20,00;10,42;10,42;04051000.;"MANTEIGA
	";04051000;;8;0;8;426,00;0,00;426,00;426;0;426;MANT TOURINHO KG;;426;MANT TOURINHO KG;;;;;N;;;;;;;;;;;;;;;;1;DISTRIBUIDORA FREITAS LOPES LTDA;FL;;;;;N;;S;;;;;;N;;;;;;;;;;;;;15;FERNANDO FREIRE;336;COMPRADOR 14 - SILVANETH;333;15/12/1992;23/05/2022 15:08:24;07/05/2025 13:45:04;23/05/2022 15:08:24;10/04/2015;;S;S;N;;C;B;;N;;;1,00;0,50;0,50;0,50;P;0,00;;;16,65;0,00;;0,00;21;;S;0;;;N;N;N;R;0,00;0,00;0,00;0,00;0,00;0,00;0,00;0,00;0,00;0,00;;0,00;0,00;N;N;;S;N;;;N;;;;N;;;;;S;0,00;;;N;N;;;;;N;;;;N;N;;0,00;0,00;;0,00;;0,00;0,00;0,00;0,00;0,00;0,00;0,00;0,00;;;;;;N;;0,00;;;;;;;;;N;N;;N;;;;0,00;N;N;N;;;;;N;;;;;N;S;N;E;;PA;1;1;;1;;0,01;;21,10;;1,00;N;0,00;;;;N;;;;N;;;;0,00;;;;;;;;;;;;;;;N;;;;;N;;;;;;;;;1,00;100,00;;1;;;;V;N;;;;N;;;;;;;;;N;;;;;;;;;N;;;N;OM;;N;N;;;;;N;N;;;0;;;;;;;;;N;;1,00;;U;;;1;;N;N;N;0
427;MANT TOURINHO C/SAL PT 200G;115;TOURINHO ALIMENTOS LTDA;26;PERECIVEL;2608;MANTEIGA;352;PERECIVEIS;260802;MANTEIGA LATA 200GR;;;L;OT;1UNX200GR;UN;UNIDADE;1,00;CX C/ 24UN;CX;CAIXA;24,00;0,26;0,26;04051000.;"MANTEIGA
	";04051000;;13;14;13;7898133620553,00;0,00;7898133620553,00;201;8;427;MANT TOURINHO C/SAL PT 200G;;427;MANT TOURINHO C/SAL PT 200G;;;;;N;;;;;;;;;;;;;;;;;;  ;;;;;N;;S;;;;;;N;;;;;;;;;;;;;15;FERNANDO FREIRE;1275;BRUNO FREIRE DE SOUZA;453;;27/09/2022 17:50:41;30/10/2025 08:12:50;27/09/2022 17:50:41;10/04/2015;;S;N;N;;C;C;;N;;;1,00;0,50;0,50;0,50;P;0,00;;;13,16;0,00;;0,00;21;;S;0;;;N;N;N;R;17,17;0,00;0,00;0,00;0,00;0,00;0,00;0,00;0,00;0,00;;0,00;0,00;N;N;;S;N;;;N;;;;N;;;;;S;0,00;;;N;N;;;;;N;;;;N;N;;0,00;0,00;;0,00;;0,00;0,00;0,00;0,00;0,00;0,00;0,00;0,00;;;;;;N;;0,00;;;;;;;;;N;N;;N;;;;17,17;N;N;N;;;;;N;;;;;S;S;N;E;;PA;1;1;;1;;0,00;;6,07;;1,00;N;0,00;;;;N;;;;N;;;;0,00;;;;;;;;;;;;;;;N;;20;;;N;;;;;;;;;1,00;100,00;;1;;;;V;N;;;;N;;;;;;;;;N;;;;;;;;;N;;;N;OM;;N;N;;;;;N;N;;;0;;;;;;;;;N;;1,00;;U;;;2;;N;N;N;0
428;MANT TOURINHO C/SAL PT 500G;115;TOURINHO ALIMENTOS LTDA;26;PERECIVEL;2608;MANTEIGA;352;PERECIVEIS;260803;MANTEIGA LATA 500GR ACIMA;;;L;OT;1UNX500GR;UN;UNIDADE;1,00;CX C/ 12UN;CX;CAIXA;12,00;0,65;0,65;04051000.;"MANTEIGA
	";04051000;;13;13;13;7898133620560,00;7898133620102,00;7898133620560,00;428;6;428;MANT TOURINHO C/SAL PT 500G;;428;MANT TOURINHO C/SAL PT 500G;;;;;N;;;;;;;;;;;;;;;;2;DISTRIBUIDORA FREITAS LOPES (LA BODEGA);  ;;;;;N;;S;;;;;;N;;;;;;;;;;;;;15;FERNANDO FREIRE;1275;BRUNO FREIRE DE SOUZA;453;;27/09/2022 17:40:29;06/06/2025 14:59:51;27/09/2022 17:40:29;10/04/2015;;S;N;N;;C;C;;N;;;1,00;0,50;0,50;0,50;P;0,00;;;22,93;0,00;;0,00;21;;S;0;;;N;N;N;R;0,00;0,00;0,00;0,00;0,00;0,00;0,00;0,00;0,00;0,00;;0,00;0,00;N;N;;S;N;;;N;;;;N;;;;;S;0,00;;;N;N;;;;;N;;;;N;N;;0,00;0,00;;0,00;;0,00;0,00;0,00;0,00;0,00;0,00;0,00;0,00;;;;;;N;;0,00;;;;;;;;;N;N;;N;;;;0,00;N;N;N;;;;;N;;;;;S;S;N;E;;PA;1;1;;1;;0,00;;7,02;;1,00;N;0,00;;;;N;;;;N;;;;0,00;;;;;;;;;;;;;;;N;;20;;;N;;;;;;;;;1,00;100,00;;1;;;;V;N;;;;N;;;;;;;;;N;;;;;;;;;N;;;N;OM;;N;N;;;;;N;N;;;0;;;;;;;;;N;;1,00;;U;;;2;;N;N;N;0
5467;SAND HAV FLASH SW RT ARE 37/38;81;MARQUES & MELO LTDA;144;BAZAR/DIVERS;1405;UTILIDADES DO LAR;173;HAVAIANAS;140507;UTILIDADES DIVERSAS;;;L;OT;PAR;UN;UNIDADE;1,00;1X1;UN;UNIDADE;1,00;0,10;0,10;64022000.;CALCADO COM PARTE SUPERIOR EM TIRAS OU CORREIAS, FIXADOS A SOLA POR PREGOS, TACHAS, PINOS E SEMELHANTES;64022000;;13;13;13;7893249026008,00;5467,00;7893249026008,00;1217429;1;5465;SAND HAV FLASH SW RT ARE 33/34;;5465;SAND HAV FLASH SW RT ARE 33/34;;;;;N;;;;;;;;;;;;;;;;2;DISTRIBUIDORA FREITAS LOPES (LA BODEGA);FL;;;;;N;;S;;;;;;N;;;;;;;;;;;;;1701;LETICIA MARIA DA SILVA;453;AMF CONSULTA;453;22/10/2020 15:57:34;09/03/2023 16:20:39;31/01/2025 10:23:23;09/03/2023 16:20:39;30/05/2019;;S;N;N;;C;;;N;;;;0,50;0,50;0,50;P;0,00;;;11,98;0,00;;0,00;28;;N;0;;;N;N;N;R;0,00;0,00;0,00;0,00;0,00;0,00;0,00;0,00;0,00;0,00;;0,00;0,00;N;N;;S;N;;;N;;;;N;;;;;S;0,00;;;N;N;;;;;N;;;;N;N;;0,00;0,00;;0,00;;0,00;0,00;0,00;0,00;0,00;0,40;0,00;0,00;;;;;;N;;0,00;;;;;;;;;N;N;;N;;;;0,00;N;;N;;;;;N;;;;;N;S;N;E;;PA;1;1;;1;;;;;;;N;;;;;N;;;;N;;;;0,00;;;;;;;;;;;;;;;N;;;;;N;;;;;;;;;1,00;1,00;;1;;;;V;N;;;;N;;;;;;;;;;;;;;;;;;N;;;;OM;;N;N;;;;;N;N;;;0;;;;;;;;;N;;1,00;;U;;;2;;N;N;N;0
5468;SAND HAV FLASH SW RT COR 33/34;81;MARQUES & MELO LTDA;144;BAZAR/DIVERS;1405;UTILIDADES DO LAR;173;HAVAIANAS;140507;UTILIDADES DIVERSAS;;;L;OT;PAR;UN;UNIDADE;1,00;1X1;UN;UNIDADE;1,00;0,10;0,10;64022000.;CALCADO COM PARTE SUPERIOR EM TIRAS OU CORREIAS, FIXADOS A SOLA POR PREGOS, TACHAS, PINOS E SEMELHANTES;64022000;;13;13;13;7893249026039,00;5468,00;7893249026039,00;1217433;1;5465;SAND HAV FLASH SW RT ARE 33/34;;5465;SAND HAV FLASH SW RT ARE 33/34;;;;;N;;;;;;;;;;;;;;;;2;DISTRIBUIDORA FREITAS LOPES (LA BODEGA);FL;;;;;N;;S;;;;;;N;;;;;;;;;;;;;1701;LETICIA MARIA DA SILVA;453;AMF CONSULTA;453;22/10/2020 15:57:45;09/03/2023 16:21:27;31/01/2025 10:23:23;09/03/2023 16:21:27;30/05/2019;;S;N;N;;C;;;N;;;;0,50;0,50;0,50;P;0,00;;;11,94;0,00;;0,00;28;;N;0;;;N;N;N;R;0,00;0,00;0,00;0,00;0,00;0,00;0,00;0,00;0,00;0,00;;0,00;0,00;N;N;;S;N;;;N;;;;N;;;;;S;0,00;;;N;N;;;;;N;;;;N;N;;0,00;0,00;;0,00;;0,00;0,00;0,00;0,00;0,00;0,27;0,00;0,00;;;;;;N;;0,00;;;;;;;;;N;N;;N;;;;0,00;N;;N;;;;;N;;;;;N;S;N;E;;PA;1;1;;1;;;;;;;N;;;;;N;;;;N;;;;0,00;;;;;;;;;;;;;;;N;;;;;N;;;;;;;;;1,00;1,00;;1;;;;V;N;;;;N;;;;;;;;;;;;;;;;;;N;;;;OM;;N;N;;;;;N;N;;;0;;;;;;;;;N;;1,00;;U;;;2;;N;N;N;0
429;MARG ADORITA 250G;78;MDIAS BRANCO S A INDUSTRIA E COMERCIO DE ALIMENTOS;26;PERECIVEL;2607;MARGARINA;;;260701;MARGARINA POTE 250GR;;;MP;OT;POTE;UN;UNIDADE;1,00;CX C/ 24UN;CX;CAIXA;24,00;0,26;0,26;15171000.;"MARGARINA,EXCETO A MARGARINA LIQUIDA
";15171000;;13;14;13;7891152501216,00;27891152501210,00;7891152501216,00;429;4;429;MARG ADORITA 250G;;429;MARG ADORITA 250G;;;;;N;;;;;;;;;;;;;;;;;;FL;;;;;N;;S;;;;;;N;;;;;;;;;;;;;15;FERNANDO FREIRE;453;AMF CONSULTA;453;24/11/2017 17:48:15;02/01/2023 15:32:05;07/05/2025 13:45:04;02/01/2023 15:32:05;10/04/2015;;N;S;N;;C;B;;N;;;1,00;0,50;0,50;0,50;P;0,00;;;1,07;0,00;;0,00;21;;S;0;;;N;N;N;R;0,00;0,00;0,00;0,00;0,00;0,00;0,00;0,00;0,00;0,00;;0,00;0,00;N;N;;S;N;;;N;;;;N;;;;;S;0,00;;;N;N;;;;;S;;;;N;N;;0,00;0,00;;0,00;;0,00;0,00;0,00;0,00;0,00;0,00;0,00;0,00;;;;;;N;;0,00;;;;;;;;;N;N;;N;;;;0,00;N;N;N;;;;;N;;;;;S;S;N;E;;PA;1;1;;1;;0,00;;6,70;;;N;0,00;;;;N;;;;N;;;;;;;;;;;;;20/04/2017;;;;;;N;;;;;N;;;;;;;;;1,00;100,00;;1;;;;V;N;;;;N;;;;;;;;;N;;;;;;;;;N;;;N;OM;;N;N;;;;;N;N;;;0;;;;;;;;;N;;1,00;;U;;;;;N;N;N;0
430;MARG ADORITA 50%LIP BLD 15KG;78;MDIAS BRANCO S A INDUSTRIA E COMERCIO DE ALIMENTOS;26;PERECIVEL;2607;MARGARINA;;;260705;MARGARINA BALDE 15KG;;;L;OT;BALDE;BD;BANDEJA;1,00;1X1;BD;BANDEJA;1,00;15,55;15,55;15171000.;"MARGARINA,EXCETO A MARGARINA LIQUIDA
";15171000;;13;14;13;7891152501261,00;17891152501261,00;7891152501261,00;430;8;430;MARG ADORITA 50%LIP BLD 15KG;;430;MARG ADORITA 50%LIP BLD 15KG;;;;;N;;;;;;;;;;;;;;;;;;FL;;;;;N;;S;;;;;;N;;;;;;;;;;;;;15;FERNANDO FREIRE;453;AMF CONSULTA;453;15/12/1992;02/01/2023 15:31:01;07/05/2025 13:45:04;02/01/2023 15:31:01;10/04/2015;;S;S;N;;C;B;;N;;;1,00;0,50;0,50;0,50;P;0,00;;;55,26;0,00;;0,00;21;;S;0;;;N;N;N;R;0,00;0,00;0,00;0,00;0,00;0,00;0,00;0,00;0,00;0,00;;0,00;0,00;N;N;;S;N;;;N;;;;N;;;;;S;0,00;;;N;N;;;;;S;;;;N;N;;0,00;0,00;;0,00;;0,00;0,00;0,00;0,00;0,00;0,00;0,00;0,00;;;;;;N;;0,00;;;;;;;;;N;N;;N;;;;0,00;N;N;N;;;;;N;;;;;S;S;N;E;;PA;1;1;;1;;0,03;;15,55;;;N;0,00;;;;N;;;;N;;;;;;;;;;;;;;;;;;;N;;;;;N;;;;;;;;;1,00;100,00;;1;;;;V;N;;;;N;;;;;;;;;N;;;;;;;;;N;;;N;OM;;N;N;;;;;N;N;;;0;;;;;;;;;N;;1,00;;U;;;;;N;N;N;0
431;MARG ADORITA 500G;78;MDIAS BRANCO S A INDUSTRIA E COMERCIO DE ALIMENTOS;26;PERECIVEL;2607;MARGARINA;;;260702;MARGARINA POTE 500GR;;;L;OT;POTE;UN;UNIDADE;1,00;CX C/ 12UN;CX;CAIXA;12,00;0,51;0,51;15171000.;"MARGARINA,EXCETO A MARGARINA LIQUIDA
";15171000;;13;14;13;7891152501223,00;17891152501220,00;7891152501223,00;431;6;431;MARG ADORITA 500G;;431;MARG ADORITA 500G;;;;;N;;;;;;;;;;;;;;;;;;FL;;;;;N;;S;;;;;;N;;;;;;;;;;;;;15;FERNANDO FREIRE;453;AMF CONSULTA;453;15/12/1992;02/01/2023 15:32:07;07/05/2025 13:45:04;02/01/2023 15:32:07;10/04/2015;;S;S;N;;C;C;;N;;;1,00;0,50;0,50;0,50;P;0,00;;;1,99;0,00;;0,00;21;;S;0;;;N;N;N;R;0,00;0,00;0,00;0,00;0,00;0,00;0,00;0,00;0,00;0,00;;0,00;0,00;N;N;;S;N;;;N;;;;N;;;;;S;0,00;;;N;N;;;;;S;;;;N;N;;0,00;0,00;;0,00;;0,00;0,00;0,00;0,00;0,00;0,00;0,00;0,00;;;;;;N;;0,00;;;;;;;;;N;N;;N;;;;0,00;N;N;N;;;;;N;;;;;S;S;N;E;;PA;1;1;;1;;0,00;;6,48;;;N;0,00;;;;N;;;;N;;;;;;;;;;;;;03/04/2017;;;;;;N;;;;;N;;;;;;;;;1,00;100,00;;1;;;;V;N;;;;N;;;;;;;;;N;;;;;;;;;N;;;N;OM;;N;N;;;;;N;N;;;0;;;;;;;;;N;;1,00;;U;;;;;N;N;N;0
432;MARG MARGARETT 250G;138;VIGOR ALIMENTOS S/A - GO;26;PERECIVEL;2607;MARGARINA;;;260701;MARGARINA POTE 250GR;;;L;OT;POTE;UN;UNIDADE;1,00;CX C/ 24UN;CX;CAIXA;24,00;0,28;0,28;15171000.;"MARGARINA,EXCETO A MARGARINA LIQUIDA
";15171000;;13;14;13;7891999015198,00;17891999015195,00;7891999015198,00;432;4;432;MARG MARGARETT 250G;;432;MARG MARGARETT 250G;;;;;N;;;;;;;;;;;;;;;;;;FL;;;;;N;;S;;;;;;N;;;;;;;;;;;;;15;FERNANDO FREIRE;453;AMF CONSULTA;453;15/12/1992;02/01/2023 15:47:24;07/05/2025 13:45:04;02/01/2023 15:47:24;10/04/2015;;S;S;N;;C;A;;N;;;1,00;0,50;0,50;0,50;P;0,00;;;1,64;0,00;;0,00;21;;S;0;;;N;N;N;R;0,00;0,00;0,00;0,00;0,00;0,00;0,00;0,00;0,00;0,00;;0,00;0,00;N;N;;S;N;;;N;;;;N;;;;;S;0,00;;;N;N;;;;;S;;;;N;N;;0,00;0,00;;0,00;;0,00;0,00;0,00;0,00;0,00;0,00;0,00;0,00;;;;;;N;;0,00;;;;;;;;;N;N;;N;;;;0,00;N;N;N;;;;;N;;;;;S;S;N;E;;PA;1;1;;1;;0,00;;6,72;;1,00;N;0,00;;;;N;;;;N;;;;0,00;;;;;;;;;05/07/2017;;;;;;N;;;;;N;;;;;;;;;1,00;100,00;;1;;;;V;N;;;;N;;;;;;;;;N;;;;;;;;;N;;;N;OM;;N;N;;;;;N;N;;;0;;;;;;;;;N;;1,00;;U;;;;;N;N;N;0
433;MARG MARGARETT 500G;138;VIGOR ALIMENTOS S/A - GO;26;PERECIVEL;2607;MARGARINA;;;260702;MARGARINA POTE 500GR;;;L;OT;POTE;UN;UNIDADE;1,00;CX C/ 12UN;CX;CAIXA;12,00;0,54;0,54;15171000.;"MARGARINA,EXCETO A MARGARINA LIQUIDA
";15171000;;13;14;13;7891999015204,00;1789199901520,00;7891999015204,00;433;2;433;MARG MARGARETT 500G;;433;MARG MARGARETT 500G;;;;;N;;;;;;;;;;;;;;;;;;FL;;;;;N;;S;;;;;;N;;;;;;;;;;;;;15;FERNANDO FREIRE;453;AMF CONSULTA;453;15/12/1992;02/01/2023 15:47:20;07/05/2025 13:45:04;02/01/2023 15:47:20;10/04/2015;;S;S;N;;C;A;;N;;;1,00;0,50;0,50;0,50;P;0,00;;;3,28;0,00;;0,00;21;;S;0;;;N;N;N;R;0,00;0,00;0,00;0,00;0,00;0,00;0,00;0,00;0,00;0,00;;0,00;0,00;N;N;;S;N;;;N;;;;N;;;;;S;0,00;;;N;N;;;;;S;;;;N;N;;0,00;0,00;;0,00;;0,00;0,00;0,00;0,00;0,00;0,00;0,00;0,00;;;;;;N;;0,00;;;;;;;;;N;N;;N;;;;0,00;N;N;N;;;;;N;;;;;S;S;N;E;;PA;1;1;;1;;0,00;;6,47;;1,00;N;0,00;;;;N;;;;N;;;;0,00;;;;;;;;;;;;;;;N;;;;;N;;;;;;;;;1,00;100,00;;1;;;;V;N;;;;N;;;;;;;;;N;;;;;;;;;N;;;N;OM;;N;N;;;;;N;N;;;0;;;;;;;;;N;;1,00;;U;;;;;N;N;N;0
5471;SAND HAV FLASH SW RT PTO 33/34;81;MARQUES & MELO LTDA;144;BAZAR/DIVERS;1405;UTILIDADES DO LAR;173;HAVAIANAS;140507;UTILIDADES DIVERSAS;;;L;OT;PAR;UN;UNIDADE;1,00;1X1;UN;UNIDADE;1,00;0,10;0,10;64022000.;CALCADO COM PARTE SUPERIOR EM TIRAS OU CORREIAS, FIXADOS A SOLA POR PREGOS, TACHAS, PINOS E SEMELHANTES;64022000;;13;13;13;7893249025933,00;5471,00;7893249025933,00;1217422;1;5465;SAND HAV FLASH SW RT ARE 33/34;;5465;SAND HAV FLASH SW RT ARE 33/34;;;;;N;;;;;;;;;;;;;;;;2;DISTRIBUIDORA FREITAS LOPES (LA BODEGA);FL;;;;;N;;S;;;;;;N;;;;;;;;;;;;;1701;LETICIA MARIA DA SILVA;453;AMF CONSULTA;453;22/10/2020 15:58:00;09/03/2023 16:23:59;31/01/2025 10:23:23;09/03/2023 16:23:59;30/05/2019;;S;N;N;;C;;;N;;;;0,50;0,50;0,50;P;0,00;;;11,38;0,00;;0,00;28;;N;0;;;N;N;N;R;0,00;0,00;0,00;0,00;0,00;0,00;0,00;0,00;0,00;0,00;;0,00;0,00;N;N;;S;N;;;N;;;;N;;;;;S;0,00;;;N;N;;;;;N;;;;N;N;;0,00;0,00;;0,00;;0,00;0,00;0,00;0,00;0,00;0,00;0,00;0,00;;;;;;N;;0,00;;;;;;;;;N;N;;N;;;;0,00;N;;N;;;;;N;;;;;N;S;N;E;;PA;1;1;;1;;;;;;;N;;;;;N;;;;N;;;;0,00;;;;;;;;;;;;;;;N;;;;;N;;;;;;;;;1,00;1,00;;1;;;;V;N;;;;N;;;;;;;;;;;;;;;;;;N;;;;OM;;N;N;;;;;N;N;;;0;;;;;;;;;N;;1,00;;U;;;2;;N;N;N;0
5472;SAND HAV FLASH SW RT PTO 35/36;81;MARQUES & MELO LTDA;144;BAZAR/DIVERS;1405;UTILIDADES DO LAR;173;HAVAIANAS;140507;UTILIDADES DIVERSAS;;;L;OT;PAR;UN;UNIDADE;1,00;1X1;UN;UNIDADE;1,00;0,10;0,10;64022000.;CALCADO COM PARTE SUPERIOR EM TIRAS OU CORREIAS, FIXADOS A SOLA POR PREGOS, TACHAS, PINOS E SEMELHANTES;64022000;;13;13;13;7893249025940,00;5472,00;7893249025940,00;1217423;1;5465;SAND HAV FLASH SW RT ARE 33/34;;5465;SAND HAV FLASH SW RT ARE 33/34;;;;;N;;;;;;;;;;;;;;;;2;DISTRIBUIDORA FREITAS LOPES (LA BODEGA);FL;;;;;N;;S;;;;;;N;;;;;;;;;;;;;1701;LETICIA MARIA DA SILVA;453;AMF CONSULTA;453;22/10/2020 15:58:04;09/03/2023 16:25:03;31/01/2025 10:23:23;09/03/2023 16:25:03;30/05/2019;;S;N;N;;C;;;N;;;;0,50;0,50;0,50;P;0,00;;;12,32;0,00;;0,00;28;;N;0;;;N;N;N;R;0,00;0,00;0,00;0,00;0,00;0,00;0,00;0,00;0,00;0,00;;0,00;0,00;N;N;;S;N;;;N;;;;N;;;;;S;0,00;;;N;N;;;;;N;;;;N;N;;0,00;0,00;;0,00;;0,00;0,00;0,00;0,00;0,00;0,00;0,00;0,00;;;;;;N;;0,00;;;;;;;;;N;N;;N;;;;0,00;N;;N;;;;;N;;;;;N;S;N;E;;PA;1;1;;1;;;;;;;N;;;;;N;;;;N;;;;0,00;;;;;;;;;;;;;;;N;;;;;N;;;;;;;;;1,00;1,00;;1;;;;V;N;;;;N;;;;;;;;;;;;;;;;;;N;;;;OM;;N;N;;;;;N;N;;;0;;;;;;;;;N;;1,00;;U;;;2;;N;N;N;0
434;MARG MARGARETT 60%LIP BLD 15KG;138;VIGOR ALIMENTOS S/A - GO;26;PERECIVEL;2607;MARGARINA;;;260705;MARGARINA BALDE 15KG;;;L;OT;BALDE;BD;BANDEJA;1,00;1X1;BD;BANDEJA;1,00;15,50;15,50;15171000.;"MARGARINA,EXCETO A MARGARINA LIQUIDA
";15171000;;13;14;13;7896520102378,00;17896520102378,00;7896520102378,00;434;0;434;MARG MARGARETT 60%LIP BLD 15KG;;434;MARG MARGARETT 60%LIP BLD 15KG;;;;;N;;;;;;;;;;;;;;;;1;DISTRIBUIDORA FREITAS LOPES LTDA;FL;;;;;N;;S;;;;;;N;;;;;;;;;;;;;15;FERNANDO FREIRE;453;AMF CONSULTA;453;15/12/1992;02/01/2023 15:47:15;07/05/2025 13:45:04;02/01/2023 15:47:15;10/04/2015;;S;S;N;;C;A;;N;;;1,00;0,50;0,50;0,50;P;0,00;;;88,00;0,00;;0,00;21;;S;0;;;N;N;N;R;0,00;0,00;0,00;0,00;0,00;0,00;0,00;0,00;0,00;0,00;;0,00;0,00;N;N;;S;N;;;N;;;;N;;;;;S;0,00;;;N;N;;;;;S;;;;N;N;;0,00;0,00;;0,00;;0,00;0,00;0,00;0,00;0,00;0,00;0,00;0,00;;;;;;N;;0,00;;;;;;;;;N;N;;N;;;;0,00;N;N;N;;;;;N;;;;;S;S;N;E;;PA;1;1;;1;;0,03;;15,50;;1,00;N;0,00;;;;N;;;;N;;;;0,00;;;;;;;;;;;;;;;N;;;;;N;;;;;;;;;1,00;100,00;;1;;;;V;N;;;;N;;;;;;;;;N;;;;;;;;;N;;;N;OM;;N;N;;;;;N;N;;;0;;;;;;;;;N;;1,00;;U;;;1;;N;N;N;0
435;MARG MEDALHA DE OURO 80%LIP BLD 15KG;774;MATEUS SUPERMERCADO SA;26;PERECIVEL;2607;MARGARINA;;;260705;MARGARINA BALDE 15KG;;;L;OT;BALDE;BD;BANDEJA;1,00;1X1;BD;BANDEJA;1,00;15,58;15,58;15171000.;"MARGARINA,EXCETO A MARGARINA LIQUIDA
";15171000;;13;14;13;7891152500868,00;17891152500868,00;7891152500868,00;;9;435;MARG MEDALHA DE OURO 80%LIP BLD 15KG;;435;MARG MEDALHA DE OURO 80%LIP BLD 15KG;;;;;N;;;;;;;;;;;;;;;;1;DISTRIBUIDORA FREITAS LOPES LTDA;FL;;;;;N;;S;;;;;;N;;;;;;;;;;;;;15;FERNANDO FREIRE;453;AMF CONSULTA;453;15/12/1992;02/01/2023 15:47:11;07/05/2025 13:45:04;02/01/2023 15:47:11;10/04/2015;;S;S;N;;C;C;;N;;;1,00;0,50;0,50;0,50;P;0,00;;;165,00;0,00;;0,00;21;;S;0;;;N;N;N;R;0,00;0,00;0,00;0,00;0,00;0,00;0,00;0,00;0,00;0,00;;0,00;0,00;N;N;;S;N;;;N;;;;N;;;;;S;0,00;;;N;N;;;;;S;;;;N;N;;0,00;0,00;;0,00;;0,00;0,00;0,00;0,00;0,00;0,00;0,00;0,00;;;;;;N;;0,00;;;;;;;;;N;N;;N;;;;0,00;N;N;N;;;;;N;;;;;S;S;N;E;;PA;1;1;;1;;0,03;;15,58;;;N;0,00;;;;N;;;;N;;;;0,00;;;;;;;;;;;;;;;N;;;;;N;;;;;;;;;1,00;100,00;;1;;;;V;N;;;;N;;;;;;;;;N;;;;;;;;;N;;;N;OM;;N;N;;;;;N;N;;;0;;;;;;;;;N;;1,00;;U;;;1;;N;N;N;0
436;MARG PRIMOR 250G;175;COLINA DISTRIBUIDORA DE PRODUTOS ALIMENTICIOS EIRELI;26;PERECIVEL;2607;MARGARINA;11;PRIMOR;260701;MARGARINA POTE 250GR;;;L;OT;POTE;UN;UNIDADE;1,00;CX C/ 24UN;CX;CAIXA;24,00;0,25;0,28;15171000.;"MARGARINA,EXCETO A MARGARINA LIQUIDA
";15171000;;13;14;13;7894904271733,00;17894904271730,00;7894904271733,00;040093;7;436;MARG PRIMOR 250G;;436;MARG PRIMOR 250G;;;;;N;;;;;;;;;;;;;;;P:\BRUUUUUNO\436.JPG;;;  ;;;;;N;;S;;;1;FOOD;;N;;;;;;;;;;;;;15;FERNANDO FREIRE;1275;BRUNO FREIRE DE SOUZA;1275;;11/10/2024 14:50:43;07/11/2025 00:36:31;05/11/2025 10:38:00;10/04/2015;;S;S;N;;A;A;;N;;;1,00;0,50;0,50;0,50;P;0,00;;;2,49;0,00;;0,00;21;;S;0;;;N;N;N;R;0,00;0,00;0,00;0,00;0,00;0,00;0,00;0,00;0,00;0,00;;0,00;0,00;N;N;;S;N;;;N;;;;N;;;;;S;0,00;;;N;N;;;;;S;;;;N;N;;0,00;0,00;;0,00;;0,00;0,00;0,00;0,00;0,00;0,00;0,00;0,00;;;;;;N;;0,00;;;;;;;;;N;N;;N;;;;0,00;N;N;N;;;;;N;;;;;S;S;N;E;;PA;1;1;;1;;0,00;;6,77;;1,00;N;0,00;;;;N;;;;N;;S;;0,00;;;;;;;;;18/06/2017;;;;;;N;;20;;;N;;;;;;;;;1,00;100,00;;1;;;;V;N;;;;N;;;;;;;;;N;;;;;;;;;N;;;N;OM;;N;N;;;;N;N;N;;;0;;;;;;;;;N;;1,00;;U;;;;;N;N;N;0
437;MARG PRIMOR 500G;175;COLINA DISTRIBUIDORA DE PRODUTOS ALIMENTICIOS EIRELI;26;PERECIVEL;2607;MARGARINA;11;PRIMOR;260702;MARGARINA POTE 500GR;;;L;OT;POTE;UN;UNIDADE;1,00;CX C/ 12UN;CX;CAIXA;12,00;0,55;0,55;15171000.;"MARGARINA,EXCETO A MARGARINA LIQUIDA
";15171000;;13;14;13;7894904271726,00;17891080400596,00;7894904271726,00;040095;5;437;MARG PRIMOR 500G;;437;MARG PRIMOR 500G;;;;;N;;;;;;;;;;;;;;;P:\BRUUUUUNO\437.PNG;;;  ;;;;;N;;S;;;1;FOOD;;N;;;;;;;;;;;;;15;FERNANDO FREIRE;1275;BRUNO FREIRE DE SOUZA;1275;;28/02/2025 17:35:24;05/11/2025 10:39:15;05/11/2025 10:39:15;10/04/2015;;S;S;N;;A;A;;N;;;1,00;0,50;0,50;0,50;P;0,00;;;4,99;0,00;;0,00;21;;S;0;;;N;N;N;R;0,00;0,00;0,00;0,00;0,00;0,00;0,00;0,00;0,00;0,00;;0,00;0,00;N;N;;S;N;;;N;;;;N;;;;;S;0,00;;;N;N;;;;;S;;;;N;N;;0,00;0,00;;0,00;;0,00;0,00;0,00;0,00;0,00;0,00;0,00;0,00;;;;;;N;;0,00;;;;;;;;;N;N;;N;;;;0,00;N;N;N;;;;;N;;;;;S;S;N;E;;PA;1;1;;1;;0,00;;6,60;;1,00;N;0,00;;;;N;;;;N;;S;;0,00;;;;;;;;;15/07/2017;;;;;;N;;20;;;N;;;;;;;;;1,00;100,00;;1;;;;V;N;;;;N;;;;;;;;;N;;;;;;;;;N;;;N;OM;;N;N;;;;N;N;N;;;0;;;;;;;;;N;;1,00;;U;;;;;N;N;N;0
413;LEITE PO POLLY INT SCH 200G;24;CONFEPAR AGRO-INDUSTRIAL COOPERATIVA CENTRAL;25;MATINAL;2502;LEITE PO;;;250202;LEITE PO INTEGRAL SACHE 200GR ;;;L;OT;UNIDADE;UN;UNIDADE;1,00;FD C/ 50UN;FD;FARDO;50,00;0,22;0,22;04022110.;"LEITE INTEGRAL,EM PO,MATERIA GORDA>1.5%,CONCENTR.N/ADOC
	";04022110;;13;14;13;7896091610272,00;17896091610279,00;7896091610272,00;8101017;8;413;LEITE PO POLLY INT SCH 200G;;413;LEITE PO POLLY INT SCH 200G;;;;;N;;;;;;;;;;;;;;;;;;FL;;;;;N;;S;;;;;;N;;;;;;;;;;;;;15;FERNANDO FREIRE;453;AMF CONSULTA;453;24/12/2019;27/12/2022 16:17:39;07/05/2025 13:45:04;27/12/2022 16:17:39;10/04/2015;;S;S;N;;C;C;;N;;;1,00;0,50;0,50;0,50;P;0,00;;;3,05;0,00;;0,00;21;;S;0;;;N;N;N;R;0,00;0,00;0,00;0,00;0,00;0,00;0,00;0,00;0,00;0,00;;0,00;0,00;N;N;;S;N;;;N;;;;N;;;;;S;0,00;;;N;N;;;;;S;;;;N;N;;0,00;0,00;;0,00;;0,00;0,00;0,00;0,00;0,00;0,00;0,00;0,00;;;;;;N;;0,00;;;;;;;;;N;N;;N;;;;0,00;N;N;N;;;;;N;;;;;S;S;N;E;;PA;1;1;;1;;0,00;;11,00;;;N;0,00;;;;N;;;;N;;;;0,00;;;;;;;;;;;;;;;N;;;;;N;;;;;;;;;1,00;100,00;;1;;;;V;N;;;;N;;;;;;;;;N;;;;;;;;;N;;;N;OM;;N;N;;;;;N;N;;;0;;;;;;;;;N;;1,00;;U;;;;;N;N;N;0
5473;SAND HAV FLASH SW RT PTO 37/38;81;MARQUES & MELO LTDA;144;BAZAR/DIVERS;1405;UTILIDADES DO LAR;173;HAVAIANAS;140507;UTILIDADES DIVERSAS;;;L;OT;PAR;UN;UNIDADE;1,00;1X1;UN;UNIDADE;1,00;0,10;0,10;64022000.;CALCADO COM PARTE SUPERIOR EM TIRAS OU CORREIAS, FIXADOS A SOLA POR PREGOS, TACHAS, PINOS E SEMELHANTES;64022000;;13;13;13;7893249025957,00;5473,00;7893249025957,00;1217424;1;5465;SAND HAV FLASH SW RT ARE 33/34;;5465;SAND HAV FLASH SW RT ARE 33/34;;;;;N;;;;;;;;;;;;;;;;2;DISTRIBUIDORA FREITAS LOPES (LA BODEGA);FL;;;;;N;;S;;;;;;N;;;;;;;;;;;;;1701;LETICIA MARIA DA SILVA;453;AMF CONSULTA;453;22/10/2020 15:58:07;09/03/2023 16:26:27;31/01/2025 10:23:23;09/03/2023 16:26:27;30/05/2019;;S;N;N;;C;;;N;;;;0,50;0,50;0,50;P;0,00;;;11,94;0,00;;0,00;28;;N;0;;;N;N;N;R;0,00;0,00;0,00;0,00;0,00;0,00;0,00;0,00;0,00;0,00;;0,00;0,00;N;N;;S;N;;;N;;;;N;;;;;S;0,00;;;N;N;;;;;N;;;;N;N;;0,00;0,00;;0,00;;0,00;0,00;0,00;0,00;0,00;0,00;0,00;0,00;;;;;;N;;0,00;;;;;;;;;N;N;;N;;;;0,00;N;;N;;;;;N;;;;;N;S;N;E;;PA;1;1;;1;;;;;;;N;;;;;N;;;;N;;;;0,00;;;;;;;;;;;;;;;N;;;;;N;;;;;;;;;1,00;1,00;;1;;;;V;N;;;;N;;;;;;;;;;;;;;;;;;N;;;;OM;;N;N;;;;;N;N;;;0;;;;;;;;;N;;1,00;;U;;;2;;N;N;N;0
5474;SAND HAV K SLIM PRINCESS ICE BLUE 23/24;81;MARQUES & MELO LTDA;144;BAZAR/DIVERS;1405;UTILIDADES DO LAR;173;HAVAIANAS;140507;UTILIDADES DIVERSAS;;;L;OT;PAR;UN;UNIDADE;1,00;1X1;UN;UNIDADE;1,00;0,10;0,10;64022000.;CALCADO COM PARTE SUPERIOR EM TIRAS OU CORREIAS, FIXADOS A SOLA POR PREGOS, TACHAS, PINOS E SEMELHANTES;64022000;;13;14;13;7890541220950,00;5474,00;7890541220950,00;1215493;0;5029;SAND HAV K. SLIM PR.RS/PIR 27/28;;5029;SAND HAV K. SLIM PR.RS/PIR 27/28;;;;;N;;;;;;;;;;;;;;;;2;DISTRIBUIDORA FREITAS LOPES (LA BODEGA);FL;;;;;N;;S;;;;;;N;;;;;;;;;;;;;1701;LETICIA MARIA DA SILVA;453;AMF CONSULTA;453;22/10/2020 16:02:20;09/03/2023 17:49:44;31/01/2025 10:23:23;09/03/2023 17:49:44;30/05/2019;;S;N;N;;C;;;N;;;;0,50;0,50;0,50;P;0,00;;;17,95;0,00;;0,00;28;;N;0;;;N;N;N;R;0,00;0,00;0,00;0,00;0,00;0,00;0,00;0,00;0,00;0,00;;0,00;0,00;N;N;;S;N;;;N;;;;N;;;;;S;0,00;;;N;N;;;;;N;;;;N;N;;0,00;0,00;;0,00;;0,00;0,00;0,00;0,00;0,00;0,00;0,00;0,00;;;;;;N;;0,00;;;;;;;;;N;N;;N;;;;0,00;N;;N;;;;;N;;;;;N;S;N;E;;PA;1;1;;1;;;;;;;N;;;;;N;;;;N;;;;0,00;;;;;;;;;;;;;;;N;;;;;N;;;;;;;;;1,00;1,00;;1;;;;V;N;;;;N;;;;;;;;;;;;;;;;;;N;;;;OM;;N;N;;;;;N;N;;;0;;;;;;;;;N;;1,00;;U;;;2;;N;N;N;0
414;MAC ESPAG HILEIA SEM 500G;152;HILEIA IND DE PRODUTOS ALIMENTICIOS S/A;24;MASSA;2405;MACARRAO ESPAGUETE;344;MASSAS;240503;MACARRAO ESPAGUETE SEMOLA;;;L;OT;1UNX1UN;UN;UNIDADE;1,00;FD C/ 20UN;FD;FARDO;20,00;0,50;0,51;19021900.;"OUTRAS MASSAS ALIMENTICIAS,NAO COZIDAS,NAO RECHEAD.ETC.
";19021900;;13;14;13;7896382500176,00;17896382500173,00;7896382500176,00;16020001;6;414;MAC ESPAG HILEIA SEM 500G;;414;MAC ESPAG HILEIA SEM 500G;;;;;N;;;;;;;;;;;;;;;P:\BRUUUUUNO\414.PNG;;;  ;;;;;N;;S;;;1;FOOD;;N;;;;;;;;;;;;;15;FERNANDO FREIRE;217;COMPRADOR - CRISTIANO;217;;23/05/2025;29/09/2025 15:52:49;11/06/2025 11:08:23;10/04/2015;;S;S;N;;A;A;;N;;;1,00;0,50;0,50;0,50;P;0,00;;;2,62;0,00;;0,00;21;;S;0;;;N;N;N;R;0,00;0,00;0,00;0,00;0,00;0,00;0,00;0,00;0,00;0,00;;0,00;0,00;N;N;;S;N;;;N;;;;N;;;;;S;0,00;;;N;N;;;;;N;;;;N;N;;0,00;0,00;;0,00;;0,00;0,00;0,00;0,00;0,00;0,00;0,00;0,00;;;;;;N;;0,00;;;;;;;;;N;N;;N;;;;0,00;N;N;N;;;;;N;;;;;S;S;N;E;360;PA;1;1;;1;;0,00;;10,18;;1,00;N;0,00;;;;N;;;;N;;;;0,00;;;;;;;;;26/11/2017;;;;100,00;60,00;N;;20;;;N;;;;;;;;;1,00;100,00;;1;;;;V;N;216;;;N;;;;;;;;;N;;;;;;;;;N;;;N;OM;;N;N;;;;N;N;N;;;0;;;;;;;;;N;;1,00;;U;;;;;N;N;N;0
415;MAC ESPAG PAPAGUARA SEM 500G;55;INDUSTRIA E COMERCIO DE ALIMENTOS BRASIL LTDA;24;MASSA;2405;MACARRAO ESPAGUETE;344;MASSAS;240503;MACARRAO ESPAGUETE SEMOLA;;;L;OT;PACOTE;UN;UNIDADE;1,00;FD C/ 10UN;FD;FARDO;10,00;0,53;0,53;19021900.;"OUTRAS MASSAS ALIMENTICIAS,NAO COZIDAS,NAO RECHEAD.ETC.
";19021900;;13;14;13;7896219102863,00;17896219102863,00;7896219102863,00;415;4;415;MAC ESPAG PAPAGUARA SEM 500G;;415;MAC ESPAG PAPAGUARA SEM 500G;;;;;N;;;;;;;;;;;;;;;;;;FL;;;;;N;;N;;;;;;N;;;;;;;;;;;;;15;FERNANDO FREIRE;453;AMF CONSULTA;453;15/12/1992;29/12/2022 12:19:13;07/05/2025 13:45:04;29/12/2022 12:19:13;10/04/2015;;S;S;N;;C;;;N;;;1,00;0,50;0,50;0,50;P;0,00;;;0,00;0,00;;0,00;21;;N;0;;;N;N;N;R;0,00;0,00;0,00;0,00;0,00;0,00;0,00;0,00;0,00;0,00;;0,00;0,00;N;N;;S;N;;;N;;;;N;;;;;S;0,00;;;N;N;;;;;N;;;;N;N;;0,00;0,00;;0,00;;0,00;0,00;0,00;0,00;0,00;0,00;0,00;0,00;;;;;;N;;0,00;;;;;;;;;N;N;;N;;;;;N;N;N;;;;;N;;;;;N;S;N;E;;PA;1;1;;1;;0,00;;5,28;;;N;0,00;;;;N;;;;N;;;;;;;;;;;;;;;;;;;N;;;;;N;;;;;;;;;1,00;100,00;;1;;;;V;N;;;;N;;;;;;;;;N;;;;;;;;;N;;;N;OM;;N;N;;;;;N;N;;;0;;;;;;;;;N;;1,00;;U;;;;;N;N;N;0
416;MAC ESPAG PRINCESA DO PARA SEM 400G;1;DISTRIBUIDORA FREITAS LOPES LTDA;24;MASSA;2405;MACARRAO ESPAGUETE;344;MASSAS;240503;MACARRAO ESPAGUETE SEMOLA;1;MARCA PROPRIA CAMPANHA;L;OT;PACOTE;UN;UNIDADE;1,00;FD C/ 10UN;FD;FARDO;10,00;0,41;0,41;19021900.;"OUTRAS MASSAS ALIMENTICIAS,NAO COZIDAS,NAO RECHEAD.ETC.
";19021900;;13;14;13;7897962901390,00;17897962901397,00;7897962901390,00;416;2;416;MAC ESPAG PRINCESA DO PARA SEM 400G;;416;MAC ESPAG PRINCESA DO PARA SEM 400G;;;;;N;;;;;;;;;;;;;;;P:\BRUUUUUNO\416 ..JPG;;;  ;;;;;N;;S;;;1;FOOD;;N;;;;;;;;;;;;;15;FERNANDO FREIRE;177;ROSANE DUARTE DOS SANTOS;1275;;06/02/2024 10:05:31;18/11/2025 09:09:10;28/10/2025 10:16:35;10/04/2015;;S;S;N;;A;A;;N;;;1,00;0,50;0,50;0,50;P;0,00;;;1,90;0,00;;0,00;21;;S;0;;;N;N;N;R;0,00;0,00;0,00;0,00;0,00;0,00;0,00;0,00;0,00;0,00;;0,00;0,00;N;N;;S;N;;;N;;;;N;;;;;S;0,00;;;N;N;;;;;N;;;;N;N;;0,00;0,00;;0,00;;0,00;0,00;0,00;0,00;0,00;0,00;0,00;0,00;;;;;;N;;0,00;;;;;;;;;N;N;;N;;;;0,00;N;N;N;;;;;N;;;;;N;S;N;E;;PA;1;1;;1;;0,00;;5,10;;1,00;N;0,00;;;;N;;;;N;;;;0,00;;;;;;;;;06/02/2018;;;;;;N;;20;;;N;;;;;;;;;1,00;100,00;;1;;;;V;N;;;;N;;;;;;;;;N;;;;;;;;;N;;;N;OM;;N;N;;;;N;N;N;;;0;;;;;;;;;N;;1,00;;U;;;;;N;N;N;0
417;MAC ESPAG RICOSA SEM 500G;93;OCRIM S/A PRODUTOS ALIMENTICIOS;24;MASSA;2405;MACARRAO ESPAGUETE;344;MASSAS;240503;MACARRAO ESPAGUETE SEMOLA;;;L;OT;PACOTE;UN;UNIDADE;1,00;FD C/ 20UN;FD;FARDO;20,00;0,52;0,52;19021900.;"OUTRAS MASSAS ALIMENTICIAS,NAO COZIDAS,NAO RECHEAD.ETC.
";19021900;;13;14;13;7896593400715,00;27896593400719,00;7896593400715,00;00400512;0;417;MAC ESPAG RICOSA SEM 500G;;417;MAC ESPAG RICOSA SEM 500G;;;;;N;;;;;;;;;;;;;;;;;;FL;;;;;N;;S;;;1;FOOD;;N;;;;;;;;;;;;;15;FERNANDO FREIRE;1275;BRUNO FREIRE DE SOUZA;1275;;25/04/2024 10:56:42;07/05/2025 13:45:04;25/04/2024 10:56:28;10/04/2015;;S;N;N;;C;B;;N;;;1,00;0,50;0,50;0,50;P;0,00;;;3,09;0,00;;0,00;21;;S;0;;;N;N;N;R;0,00;0,00;0,00;0,00;0,00;0,00;0,00;0,00;0,00;0,00;;0,00;0,00;N;N;;S;N;;;N;;;;N;;;;;S;0,00;;;N;N;;;;;N;;;;N;N;;0,00;0,00;;0,00;;0,00;0,00;0,00;0,00;0,00;0,00;0,00;0,00;;;;;;N;;0,00;;;;;;;;;N;N;;N;;;;0,00;N;N;N;;;;;N;;;;;N;S;N;E;;PA;1;1;;1;;0,00;;10,33;;1,00;N;0,00;;;;N;;;;N;;;;0,00;;;;;;;;;;;;;;;N;;;;;N;;;;;;;;;1,00;100,00;;1;;;;V;N;;;;N;;;;;;;;;N;;;;;;;;;N;;;N;OM;;N;N;;;;N;N;N;;;0;;;;;;;;;N;;1,00;;U;;;;;N;N;N;0
418;MAC INST HILEIA CARNE 85G;152;HILEIA IND DE PRODUTOS ALIMENTICIOS S/A;24;MASSA;2406;MACARRAO INSTANTANEO;344;MASSAS;240603;MACARRAO INSTANTANEO CARNE;;;L;OT;PACOTE;UN;UNIDADE;1,00;CX C/ 50UN;CX;CAIXA;50,00;0,10;0,10;19023000.;"OUTRAS MASSAS ALIMENTICIAS
";19023000;;13;14;13;7896382500589,00;17896382500586,00;7896382500589,00;14010001;9;419;MAC INST HILEIA GALINHA CAIPIRA 85G;;419;MAC INST HILEIA GALINHA CAIPIRA 85G;;;;;N;;;;;;;;;;;;;;;P:\BRUUUUUNO\418.PNG;;;  ;;;;;N;;S;;;;;;N;;;;;;;;;;;;;15;FERNANDO FREIRE;217;COMPRADOR - CRISTIANO;103;;10/12/2024 17:04:27;14/10/2025 14:43:46;15/09/2025 10:22:03;10/04/2015;;S;S;N;;A;B;;N;;;1,00;0,50;0,50;0,50;P;0,00;;;0,95;0,00;;0,00;21;;S;0;;;N;N;N;R;0,00;0,00;0,00;0,00;0,00;0,00;0,00;0,00;0,00;0,00;;0,00;0,00;N;N;;S;N;;;N;;;;N;;;;;S;0,00;;;N;N;;;;;N;;;;N;N;;0,00;0,00;;0,00;;0,00;0,00;0,00;0,00;0,00;0,00;0,00;0,00;;;;;;N;;0,00;;;;;;;;;N;N;;N;;;;0,00;N;N;N;;;;;N;;;;;S;S;N;E;240;PA;1;1;;1;;0,00;;5,04;;1,00;N;0,00;;;;N;;;;N;;S;;0,00;;;;;;;;;;;;;100,00;60,00;N;;20;;;N;;;;;;;;;1,00;100,00;;1;;;;V;N;144;;;N;;;;;;;;;N;;;;;;;;;N;;;N;OM;;N;N;;;;N;N;N;;;0;;;;;;;;;N;;1,00;;U;;;;;N;N;N;0
5479;SAND HAV POWER MAR/BCO 39/40;81;MARQUES & MELO LTDA;144;BAZAR/DIVERS;1405;UTILIDADES DO LAR;173;HAVAIANAS;140507;UTILIDADES DIVERSAS;;;L;OT;PAR;PA;PAR;1,00;1X1;PA;PAR;1,00;0,10;0,10;64022000.;CALCADO COM PARTE SUPERIOR EM TIRAS OU CORREIAS, FIXADOS A SOLA POR PREGOS, TACHAS, PINOS E SEMELHANTES;64022000;;13;14;13;7891224833948,00;5479,00;7891224833948,00;;0;5479;SAND HAV POWER MAR/BCO 39/40;;5945;SAND HAV COLOR PRETA 43/4;;;;;N;;;;;;;;;;;;;;;;2;DISTRIBUIDORA FREITAS LOPES (LA BODEGA);FL;;;;;N;;S;;;;;;N;;;;;;;;;;;;;1701;LETICIA MARIA DA SILVA;103;ELAINE DO NASCIMENTO CABRAL SOUSA;103;15/12/1992;09/08/2023 13:59:31;31/01/2025 10:23:23;09/08/2023 13:59:31;30/05/2019;;S;N;N;;C;;;N;;;;0,50;0,50;0,50;P;0,00;;;29,10;0,00;;0,00;28;;N;0;;;N;N;N;R;0,00;0,00;0,00;0,00;0,00;0,00;0,00;0,00;0,00;0,00;;0,00;0,00;N;N;;S;N;;;N;;;;N;;;;;S;0,00;;;N;N;;;;;N;;;;N;N;;0,00;0,00;;0,00;;0,00;0,00;0,00;0,00;0,00;0,00;0,00;0,00;;;;;;N;;0,00;;;;;;;;;N;N;;N;;;;0,00;N;;N;;;;;N;;;;;N;S;N;E;;PA;1;1;;1;;;;;;;N;;;;;N;;;;N;;;;0,00;;;;;;;;;;;;;;;N;;;;;N;;;;;;;;;1,00;1,00;;1;;;;V;N;;;;N;;;;;;;;;;;;;;;;;;N;;;;OM;;N;N;;;;N;N;N;;;0;;;;;;;;;N;;1,00;;U;;;2;;N;N;N;0
5480;SAND HAV POWER MAR/BCO 41/42;81;MARQUES & MELO LTDA;144;BAZAR/DIVERS;1405;UTILIDADES DO LAR;173;HAVAIANAS;140507;UTILIDADES DIVERSAS;;;L;OT;PAR;PA;PAR;1,00;1X1;PA;PAR;1,00;0,10;0,10;64022000.;CALCADO COM PARTE SUPERIOR EM TIRAS OU CORREIAS, FIXADOS A SOLA POR PREGOS, TACHAS, PINOS E SEMELHANTES;64022000;;13;14;13;7891224833955,00;5480,00;7891224833955,00;1214136;0;5479;SAND HAV POWER MAR/BCO 39/40;;5945;SAND HAV COLOR PRETA 43/4;;;;;N;;;;;;;;;;;;;;;;2;DISTRIBUIDORA FREITAS LOPES (LA BODEGA);FL;;;;;N;;S;;;;;;N;;;;;;;;;;;;;1701;LETICIA MARIA DA SILVA;103;ELAINE DO NASCIMENTO CABRAL SOUSA;103;15/12/1992;09/08/2023 13:59:26;31/01/2025 10:23:23;09/08/2023 13:59:26;30/05/2019;;S;N;N;;C;;;N;;;;0,50;0,50;0,50;P;0,00;;;29,10;0,00;;0,00;28;;N;0;;;N;N;N;R;0,00;0,00;0,00;0,00;0,00;0,00;0,00;0,00;0,00;0,00;;0,00;0,00;N;N;;S;N;;;N;;;;N;;;;;S;0,00;;;N;N;;;;;N;;;;N;N;;0,00;0,00;;0,00;;0,00;0,00;0,00;0,00;0,00;0,00;0,00;0,00;;;;;;N;;0,00;;;;;;;;;N;N;;N;;;;0,00;N;;N;;;;;N;;;;;N;S;N;E;;PA;1;1;;1;;;;;;;N;;;;;N;;;;N;;;;0,00;;;;;;;;;;;;;;;N;;;;;N;;;;;;;;;1,00;1,00;;1;;;;V;N;;;;N;;;;;;;;;;;;;;;;;;N;;;;OM;;N;N;;;;N;N;N;;;0;;;;;;;;;N;;1,00;;U;;;2;;N;N;N;0
419;MAC INST HILEIA GALINHA CAIPIRA 85G;152;HILEIA IND DE PRODUTOS ALIMENTICIOS S/A;24;MASSA;2406;MACARRAO INSTANTANEO;344;MASSAS;240602;MACARRAO INSTANTANEO GALIHA CAIPIRA;;;L;OT;PACOTE;UN;UNIDADE;1,00;CX C/ 50UN;CX;CAIXA;50,00;0,10;0,10;19023000.;"OUTRAS MASSAS ALIMENTICIAS
";19023000;;13;13;13;7896382500572,00;7896382501319,00;7896382500572,00;14010003;7;419;MAC INST HILEIA GALINHA CAIPIRA 85G;;419;MAC INST HILEIA GALINHA CAIPIRA 85G;;;;;N;;;;;;;;;;;;;;;P:\BRUUUUUNO\419.PNG;;;  ;;;;;N;;S;;;;;;N;;;;;;;;;;;;;15;FERNANDO FREIRE;217;COMPRADOR - CRISTIANO;217;;10/12/2024 17:04:42;25/11/2025 20:47:34;25/11/2025 20:47:34;10/04/2015;;S;S;N;;A;A;;N;;;1,00;0,50;0,50;0,50;P;0,00;;;0,95;0,00;;0,00;21;;S;0;;;N;N;N;R;0,00;0,00;0,00;0,00;0,00;0,00;0,00;0,00;0,00;0,00;;0,00;0,00;N;N;;S;N;;;N;;;;N;;;;;S;0,00;;;N;N;;;;;N;;;;N;N;;0,00;0,00;;0,00;;0,00;0,00;0,00;0,00;0,00;0,00;0,00;0,00;;;;;;N;;0,00;;;;;;;;;N;N;;N;;;;0,00;N;N;N;;;;;N;;;;;S;S;N;E;240;PA;1;1;;1;;0,00;;5,04;;1,00;N;0,00;;;;N;;;;N;;S;;0,00;;;;;;;;;;;;;100,00;60,00;N;;20;;;N;;;;;;;;;1,00;100,00;;1;;;;V;N;144;;;N;;;;;;;;;N;;;;;;;;;N;;;N;OM;;N;N;;;;N;N;N;;;0;;;;;;;;;N;;1,00;;U;;;;;N;N;N;0
420;MAIONESE QUERO SCH 200G;81;MARQUES & MELO LTDA;17;CONDIMENTO E TEMPERO;1720;MAIONESE;215;QUERO;172001;MAIONESE;;;L;OT;UNIDADE;UN;UNIDADE;1,00;CX C/ 24UN;CX;CAIXA;24,00;0,21;0,21;21039011.;"MOLHOS PREPARADOS,DE MAIONESE
";21039011;;13;14;13;7896102509434,00;57896102509439,00;7896102509434,00;78961025094300;0;420;MAIONESE QUERO SCH 200G;;420;MAIONESE QUERO SCH 200G;;;;;N;;;;;;;;;;;;;;;P:\BRUUUUUNO\420.PNG;;;  ;;;;;N;;S;;;1;FOOD;;N;;;;;;;;;;;;;15;FERNANDO FREIRE;217;COMPRADOR - CRISTIANO;1275;;21/02/2024;02/11/2025 14:31:49;17/03/2025 17:40:51;10/04/2015;;S;S;N;;B;C;;N;;;1,00;0,50;0,50;0,50;P;0,00;;;2,04;0,00;;0,00;21;;S;0;;;N;N;N;R;0,00;0,00;0,00;0,00;0,00;0,00;0,00;0,00;0,00;0,00;;0,00;0,00;N;N;;S;N;;;N;;;;N;;;;;S;0,00;;;N;N;;;;;N;;;;N;N;;0,00;0,00;;0,00;;0,00;0,00;0,00;0,00;0,00;0,00;0,00;0,00;;;;;;N;;0,00;;;;;;;;;N;N;;N;;;;0,00;N;N;N;;;;;N;;;;;S;S;N;E;;PA;1;1;;1;;0,00;;5,08;;1,00;N;0,00;;;;N;;;;N;;;;0,00;;;;;;;;;01/04/2017;;;;;;N;;20;;;N;;;;;;;;;1,00;100,00;;1;;;;V;N;;;;N;;;;;;;;;N;;;;;;;;;N;;;N;OM;;N;N;;;;;N;N;;;0;;;;;;;;;N;;1,00;;U;;;;;N;N;N;0
377;ZZ;176;DIST BELEM DE ALIMENTOS LTDA;1;MIGRACAO;1;MIGRACAO;;;1;MIGRACAO;;;L;OT;1;UN;UNIDADE;1,00;1;CX;CAIXA;1,00;0,35;0,35;38089119.;"QQ.OUT.RODENTICIDA
";38089119;;0;0;0;0,00;0,00;0,00;;8;377;ZZ;;377;ZZ;;;;;N;;;;;;;;;;;;;;;;;;FL;;;;;N;;S;;;;;;N;;;;;;;;;;;;;15;FERNANDO FREIRE;453;AMF CONSULTA;453;07/03/2023 11:12:19;07/03/2023 11:12:19;02/03/2025 14:53:01;07/03/2023 11:12:15;11/04/2015;;S;S;N;;C;C;;N;;;1,00;0,50;0,50;0,50;P;0,00;;;0,00;0,00;;0,00;21;;S;0;;;N;N;N;R;0,00;0,00;0,00;0,00;0,00;0,00;0,00;0,00;0,00;0,00;;0,00;0,00;N;N;;S;N;;;N;;;;N;;;;;S;0,00;;;N;N;;;;;N;;;;N;N;;0,00;0,00;;0,00;;0,00;0,00;0,00;0,00;0,00;0,00;0,00;0,00;;;;;;N;;0,00;;;;;;;;;N;N;;N;;;;;N;N;N;;;;;N;;;;;S;S;N;E;;PA;1;1;;1;;0,00;;4,19;;;N;0,00;;;;N;;;;N;;;;;;;;;;;;;;;;;;;N;;;;;N;;;;;;;;;1,00;100,00;;1;;;;V;N;;;;N;;;;;;;;;N;;;;;;;;;N;;;N;OM;;N;N;;;;;N;N;;;0;;;;;;;;;N;;1,00;;U;;;;;N;N;N;0
378;INSET AER BAYGON ACAO TOTAL 360ML;110;SUPERGIRO DISTRIBUIDORA BELEM LTDA;14;BAZAR;1406;CONTROLE DE PRAGAS;;;140603;INSETICIDAS AEROSOL;;;L;OT;UNIDADE;UN;UNIDADE;1,00;CX C/ 12UN;CX;CAIXA;12,00;0,31;0,31;38089119.;"QQ.OUT.RODENTICIDA
";38089119;;13;14;13;7894650003787,00;17894650009960,00;7894650003787,00;10100;6;378;INSET AER BAYGON ACAO TOTAL 360ML;;378;INSET AER BAYGON ACAO TOTAL 360ML;;;;;N;;;;;;;;;;;;;;;P:\BRUUUUUNO\378.PNG;;;  ;;;;;N;;S;;;;;;N;;;;;;;;;;;;;15;FERNANDO FREIRE;217;COMPRADOR - CRISTIANO;1275;;06/11/2024 14:12:45;05/11/2025 16:39:48;06/11/2024 14:12:45;11/04/2015;;S;S;N;;A;B;;N;;;1,00;0,50;0,50;0,50;P;0,00;;;15,11;0,00;;0,00;21;;S;0;;;N;N;N;R;0,00;0,00;0,00;0,00;0,00;0,00;0,00;0,00;0,00;0,00;;0,00;0,00;N;N;;S;N;;;N;;;;N;;;;;S;0,00;;;N;N;;;;;N;;;;N;N;;0,00;0,00;;0,00;;0,00;0,00;0,00;0,00;0,00;0,00;0,00;0,00;;;;;;N;;0,00;;;;;;;;;N;N;;N;;;;0,00;N;N;N;;;;;N;;;;;S;S;N;E;;PA;1;1;;1;;0,00;;3,70;;1,00;N;0,00;;;;N;;;;N;;S;;0,00;;;;;;;;;;;;;;;N;;20;;;N;;;;;;;;;1,00;100,00;;1;;;;V;N;;;;N;;;;;;;;;N;;;;;;;;;N;;;N;OM;;N;N;;;;N;N;N;;;0;;;;;;;;;N;;1,00;;U;;;;;N;N;N;0
379;INSET AER BAYGON ACAO TOTAL EUCALI 300ML;110;SUPERGIRO DISTRIBUIDORA BELEM LTDA;14;BAZAR;1406;CONTROLE DE PRAGAS;;;140603;INSETICIDAS AEROSOL;;;L;OT;UNIDADE;UN;UNIDADE;1,00;CX C/ 12UN;CX;CAIXA;12,00;0,35;0,35;38089119.;"QQ.OUT.RODENTICIDA
";38089119;;13;14;13;7894650004234,00;17894650004234,00;7894650004234,00;379;4;379;INSET AER BAYGON ACAO TOTAL EUCALI 300ML;;379;INSET AER BAYGON ACAO TOTAL EUCALI 300ML;;;;;N;;;;;;;;;;;;;;;;;;FL;;;;;N;;S;;;;;;N;;;;;;;;;;;;;15;FERNANDO FREIRE;453;AMF CONSULTA;453;05/05/2017 11:04:17;27/12/2022 15:14:08;02/03/2025 14:53:01;27/12/2022 15:14:08;11/04/2015;;S;S;N;;C;C;;N;;;1,00;0,50;0,50;0,50;P;0,00;;;0,00;0,00;;0,00;21;;S;0;;;N;N;N;R;0,00;0,00;0,00;0,00;0,00;0,00;0,00;0,00;0,00;0,00;;0,00;0,00;N;N;;S;N;;;N;;;;N;;;;;S;0,00;;;N;N;;;;;N;;;;N;N;;0,00;0,00;;0,00;;0,00;0,00;0,00;0,00;0,00;0,00;0,00;0,00;;;;;;N;;0,00;;;;;;;;;N;N;;N;;;;;N;N;N;;;;;N;;;;;S;S;N;E;;PA;1;1;;1;;0,00;;4,19;;;N;0,00;;;;N;;;;N;;;;;;;;;;;;;;;;;;;N;;;;;N;;;;;;;;;1,00;100,00;;1;;;;V;N;;;;N;;;;;;;;;N;;;;;;;;;N;;;N;OM;;N;N;;;;;N;N;;;0;;;;;;;;;N;;1,00;;U;;;;;N;N;N;0
5475;SAND HAV K SLIM PRINCESS ICE BLUE 25/26;81;MARQUES & MELO LTDA;144;BAZAR/DIVERS;1405;UTILIDADES DO LAR;173;HAVAIANAS;140507;UTILIDADES DIVERSAS;;;L;OT;PAR;UN;UNIDADE;1,00;1X1;UN;UNIDADE;1,00;0,10;0,10;64022000.;CALCADO COM PARTE SUPERIOR EM TIRAS OU CORREIAS, FIXADOS A SOLA POR PREGOS, TACHAS, PINOS E SEMELHANTES;64022000;;13;14;13;7890541220967,00;5475,00;7890541220967,00;1215494;0;5029;SAND HAV K. SLIM PR.RS/PIR 27/28;;5029;SAND HAV K. SLIM PR.RS/PIR 27/28;;;;;N;;;;;;;;;;;;;;;;2;DISTRIBUIDORA FREITAS LOPES (LA BODEGA);FL;;;;;N;;S;;;;;;N;;;;;;;;;;;;;1701;LETICIA MARIA DA SILVA;453;AMF CONSULTA;453;22/10/2020 16:02:23;09/03/2023 17:51:04;31/01/2025 10:23:23;09/03/2023 17:51:04;30/05/2019;;S;N;N;;C;;;N;;;;0,50;0,50;0,50;P;0,00;;;17,95;0,00;;0,00;28;;N;0;;;N;N;N;R;0,00;0,00;0,00;0,00;0,00;0,00;0,00;0,00;0,00;0,00;;0,00;0,00;N;N;;S;N;;;N;;;;N;;;;;S;0,00;;;N;N;;;;;N;;;;N;N;;0,00;0,00;;0,00;;0,00;0,00;0,00;0,00;0,00;0,00;0,00;0,00;;;;;;N;;0,00;;;;;;;;;N;N;;N;;;;0,00;N;;N;;;;;N;;;;;N;S;N;E;;PA;1;1;;1;;;;;;;N;;;;;N;;;;N;;;;0,00;;;;;;;;;;;;;;;N;;;;;N;;;;;;;;;1,00;1,00;;1;;;;V;N;;;;N;;;;;;;;;;;;;;;;;;N;;;;OM;;N;N;;;;;N;N;;;0;;;;;;;;;N;;1,00;;U;;;2;;N;N;N;0
5476;SAND HAV K SLIM PRINCESS ICE BLUE 27/28;81;MARQUES & MELO LTDA;144;BAZAR/DIVERS;1405;UTILIDADES DO LAR;173;HAVAIANAS;140507;UTILIDADES DIVERSAS;;;L;OT;PAR;UN;UNIDADE;1,00;1X1;UN;UNIDADE;1,00;0,10;0,10;64022000.;CALCADO COM PARTE SUPERIOR EM TIRAS OU CORREIAS, FIXADOS A SOLA POR PREGOS, TACHAS, PINOS E SEMELHANTES;64022000;;13;14;13;7890541220974,00;5476,00;7890541220974,00;1215495;0;5029;SAND HAV K. SLIM PR.RS/PIR 27/28;;5029;SAND HAV K. SLIM PR.RS/PIR 27/28;;;;;N;;;;;;;;;;;;;;;;2;DISTRIBUIDORA FREITAS LOPES (LA BODEGA);FL;;;;;N;;S;;;;;;N;;;;;;;;;;;;;1701;LETICIA MARIA DA SILVA;453;AMF CONSULTA;453;22/10/2020 16:02:27;09/03/2023 17:57:21;31/01/2025 10:23:23;09/03/2023 17:57:21;30/05/2019;;S;N;N;;C;;;N;;;;0,50;0,50;0,50;P;0,00;;;17,95;0,00;;0,00;28;;N;0;;;N;N;N;R;0,00;0,00;0,00;0,00;0,00;0,00;0,00;0,00;0,00;0,00;;0,00;0,00;N;N;;S;N;;;N;;;;N;;;;;S;0,00;;;N;N;;;;;N;;;;N;N;;0,00;0,00;;0,00;;0,00;0,00;0,00;0,00;0,00;0,00;0,00;0,00;;;;;;N;;0,00;;;;;;;;;N;N;;N;;;;0,00;N;;N;;;;;N;;;;;N;S;N;E;;PA;1;1;;1;;;;;;;N;;;;;N;;;;N;;;;0,00;;;;;;;;;;;;;;;N;;;;;N;;;;;;;;;1,00;1,00;;1;;;;V;N;;;;N;;;;;;;;;;;;;;;;;;N;;;;OM;;N;N;;;;;N;N;;;0;;;;;;;;;N;;1,00;;U;;;2;;N;N;N;0
380;INSET AER BAYGON MULT INSET B AGUA 285ML;110;SUPERGIRO DISTRIBUIDORA BELEM LTDA;14;BAZAR;1406;CONTROLE DE PRAGAS;;;140603;INSETICIDAS AEROSOL;;;L;OT;UNIDADE;UN;UNIDADE;1,00;CX C/ 12UN;CX;CAIXA;12,00;0,33;0,33;38089119.;"QQ.OUT.RODENTICIDA
";38089119;;13;14;13;7894650079171,00;17894650079178,00;7894650079171,00;10103;8;378;INSET AER BAYGON ACAO TOTAL 360ML;;378;INSET AER BAYGON ACAO TOTAL 360ML;;;;;N;;;;;;;;;;;;;;;P:\BRUUUUUNO\380.PNG;;;  ;;;;;N;;S;;;;;;N;;;;;;;;;;;;;15;FERNANDO FREIRE;217;COMPRADOR - CRISTIANO;1275;;06/11/2024 14:13:22;05/11/2025 16:39:48;06/11/2024 14:13:22;11/04/2015;;S;S;N;;B;B;;N;;;1,00;0,50;0,50;0,50;P;0,00;;;15,11;0,00;;0,00;21;;S;0;;;N;N;N;R;0,00;0,00;0,00;0,00;0,00;0,00;0,00;0,00;0,00;0,00;;0,00;0,00;N;N;;S;N;;;N;;;;N;;;;;S;0,00;;;N;N;;;;;N;;;;N;N;;0,00;0,00;;0,00;;0,00;0,00;0,00;0,00;0,00;0,00;0,00;0,00;;;;;;N;;0,00;;;;;;;;;N;N;;N;;;;0,00;N;N;N;;;;;N;;;;;S;S;N;E;;PA;1;1;;1;;0,00;;4,00;;1,00;N;0,00;;;;N;;;;N;;S;;0,00;;;;;;;;;01/08/2018;;;;;;N;;20;;;N;;;;;;;;;1,00;100,00;;1;;;;V;N;;;;N;;;;;;;;;N;;;;;;;;;N;;;N;OM;;N;N;;;;N;N;N;;;0;;;;;;;;;N;;1,00;;U;;;;;N;N;N;0
381;LA DE ACO ASSOLAN 60G C/8;2084;TALIAN COMERCIO DE COSMETICO LTDA;23;LIMPEZA;2302;LIMPEZA DE COZINHA;;;230214;LA ACO POPULAR;;;L;OT;PCT;PC;PACOTE;1,00;FD C/ 140UN;FD;FARDO;140,00;0,07;0,07;73231000.;"PALHAS,ESPONJAS,ETC.DE FERRO/ACO,P/LIMPEZA/POLIMENTO
";73231000;;13;14;13;7896090122707,00;17896090122704,00;7896090122707,00;28.1404;6;381;LA DE ACO ASSOLAN 60G C/8;;381;LA DE ACO ASSOLAN 60G C/8;;;;;N;;;;;;;;;;;;;;;;;;  ;;;; ;N;;S;;;;;;N;;;;;;;;;;;;;15;FERNANDO FREIRE;265;GILBERTO PINHEIRO GUIMARAES;453;;27/12/2022 15:14:08;06/06/2025 14:59:51;27/12/2022 15:14:08;01/05/2015;;S;S;N;;B;A;;N;;;1,00;0,50;0,50;0,50;P;0,00;;;1,29;0,00;;0,00;21;;S;0;;;N;N;N;R;5,00;0,00;0,00;0,00;0,00;0,00;0,00;0,00;0,00;0,00;;0,00;0,00;N;N;;S;N;;;N;;;;N;;;;;S;0,00;;;N;N;;;;;N;;;;N;N;;0,00;0,00;;0,00;;0,00;0,00;0,00;0,00;0,00;0,00;0,00;0,00;;;;;;N;;0,00;;;;;;;;;N;N;;N;;;;5,00;N;N;N;;;;;N;;;;;S;S;N;E;1080;PA;1;1;1,00;2;;0,00;;9,28;;1,00;N;0,00;;;;N;;;;N;;;;0,00;;;;;;;;;01/06/2019;;;;100,00;85,00;N;;20;;;N;1,00;;;;;;;;1,00;1,00;;1;1;;;V;N;918;;;N;;;;;;;;;N;;;;;;;;;N;;;N;OM;;N;N;;;;;N;N;;;0;;;;;;;;;N;;1,00;;U;;;;;N;N;N;0
382;LAMINA WILKINSON C/20X3;110;SUPERGIRO DISTRIBUIDORA BELEM LTDA;144;BAZAR/DIVERS;1405;UTILIDADES DO LAR;;;140506;UTILIDADES CUTELARIA;;;L;OT;CT C/ 20UN;CT;CARTELA;1,00;CX C/ 24CT;CX;CAIXA;24,00;0,17;0,17;82122010.;"NAVALHAS DE BARBEAR, DE METAIS COMUNS.		";82122010;;13;14;13;7891051015210,00;47891051015218,00;7891051015210,00;382;4;382;LAMINA WILKINSON C/20X3;;382;LAMINA WILKINSON C/20X3;;;;;N;;;;;;;;;;;;;;;P:\BRUUUUUNO\382.PNG;;;  ;;;; ;N;;S;;;;;;N;;;;;;;;;;;;;15;FERNANDO FREIRE;217;COMPRADOR - CRISTIANO;1275;;23/10/2024 11:40:52;23/11/2025 10:32:55;07/03/2025 14:27:13;10/04/2015;;S;S;N;;A;C;;N;;;1,00;0,50;0,50;0,50;P;0,00;;;24,00;0,00;;0,00;21;;S;0;;;N;N;N;R;0,00;0,00;0,00;0,00;0,00;0,00;0,00;0,00;0,00;0,00;;0,00;0,00;N;N;;S;N;;;N;;;;N;;;;;S;0,00;;;N;N;;;;;N;;;;N;N;;0,00;0,00;;0,00;;0,00;0,00;0,00;0,00;0,00;0,00;0,00;0,00;;;;;;N;;0,00;;;;;;;;;N;N;;N;;;;0,00;N;N;N;;;;;N;;;;;S;S;N;E;;PA;1;1;;1;CX;0,00;;1,97;;1,00;N;0,00;;;;N;;;;N;;S;;0,00;;;;;;;;;;;;;;;N;;20;;;N;;;;;;;;;1,00;100,00;;1;;;;V;N;;;;N;;;;;;;;;N;;;;;;;;;N;;;N;OM;;N;N;;;;N;N;N;;;0;;;;;;;;;N;;1,00;;U;;;;;N;N;N;0
383;LAMPADA RAYOVAC LUZ BRANC 15W 127V;175;COLINA DISTRIBUIDORA DE PRODUTOS ALIMENTICIOS EIRELI;14;BAZAR;1404;LAMPADA;;;140405;LAMPADAS INCANDESCENTE;;;L;OT;UNIDADE;UN;UNIDADE;1,00;CX C/ 05UN;CX;CAIXA;5,00;0,04;0,04;85393111.;FLUORESCENTES, DE CATODO QUENTE;85393111;;13;14;13;783094060128,00;783094060128,00;783094060128,00;32922;2;383;LAMPADA RAYOVAC LUZ BRANC 15W 127V;;383;LAMPADA RAYOVAC LUZ BRANC 15W 127V;;;;;N;;;;;;;;;;;;;;;;;;FL;;;;;N;;S;;;;;;N;;;;;;;;;;;;;15;FERNANDO FREIRE;453;AMF CONSULTA;453;15/12/1992;27/12/2022 15:03:42;05/03/2024 12:05:54;27/12/2022 15:03:42;10/04/2015;;S;N;N;;C;;;N;;;1,00;0,50;0,50;0,50;P;0,00;;;6,64;0,00;;0,00;21;;N;0;;;N;N;N;R;0,00;0,00;0,00;0,00;0,00;0,00;0,00;0,00;0,00;0,00;;0,00;0,00;N;N;;S;N;;;N;;;;N;;;;;S;0,00;;;N;N;;;;;N;;;;N;N;;0,00;0,00;;0,00;;0,00;0,00;0,00;0,00;0,00;0,00;0,00;0,00;;;;;;N;;0,00;;;;;;;;;N;N;;N;;;;0,00;N;N;N;;;;;N;;;;;N;S;N;E;;PA;1;1;;1;;;;;;;N;0,00;;;;N;;;;N;;;;0,00;;;;;;;;;;;;;;;N;;;;;N;;;;;;;;;1,00;100,00;;1;;;;V;N;;;;N;;;;;;;;;N;;;;;;;;;N;;;N;OM;;N;N;;;;;N;N;;;0;;;;;;;;;N;;1,00;;U;;;2;;N;N;N;0
384;LAMPADA RAYOVAC LUZ BRANC 20W 127V;175;COLINA DISTRIBUIDORA DE PRODUTOS ALIMENTICIOS EIRELI;14;BAZAR;1404;LAMPADA;;;140405;LAMPADAS INCANDESCENTE;;;L;OT;UNIDADE;UN;UNIDADE;1,00;CX C/ 05UN;CX;CAIXA;5,00;0,04;0,04;85393111.;FLUORESCENTES, DE CATODO QUENTE;85393111;;13;14;13;783094060166,00;783094060166,00;783094060166,00;32798;0;384;LAMPADA RAYOVAC LUZ BRANC 20W 127V;;384;LAMPADA RAYOVAC LUZ BRANC 20W 127V;;;;;N;;;;;;;;;;;;;;;;;;FL;;;;;N;;S;;;;;;N;;;;;;;;;;;;;15;FERNANDO FREIRE;453;AMF CONSULTA;453;15/12/1992;27/12/2022 15:03:42;05/03/2024 12:05:54;27/12/2022 15:03:42;10/04/2015;;S;N;N;;C;;;N;;;1,00;0,50;0,50;0,50;P;0,00;;;7,70;0,00;;0,00;21;;N;0;;;N;N;N;R;0,00;0,00;0,00;0,00;0,00;0,00;0,00;0,00;0,00;0,00;;0,00;0,00;N;N;;S;N;;;N;;;;N;;;;;S;0,00;;;N;N;;;;;N;;;;N;N;;0,00;0,00;;0,00;;0,00;0,00;0,00;0,00;0,00;0,00;0,00;0,00;;;;;;N;;0,00;;;;;;;;;N;N;;N;;;;0,00;N;N;N;;;;;N;;;;;N;S;N;E;;PA;1;1;;1;;;;;;;N;0,00;;;;N;;;;N;;;;0,00;;;;;;;;;;;;;;;N;;;;;N;;;;;;;;;1,00;100,00;;1;;;;V;N;;;;N;;;;;;;;;N;;;;;;;;;N;;;N;OM;;N;N;;;;;N;N;;;0;;;;;;;;;N;;1,00;;U;;;2;;N;N;N;0
5477;SAND HAV K SLIM PRINCESS ICE BLUE 29/30;81;MARQUES & MELO LTDA;144;BAZAR/DIVERS;1405;UTILIDADES DO LAR;173;HAVAIANAS;140507;UTILIDADES DIVERSAS;;;L;OT;PAR;UN;UNIDADE;1,00;1X1;UN;UNIDADE;1,00;0,10;0,10;64022000.;CALCADO COM PARTE SUPERIOR EM TIRAS OU CORREIAS, FIXADOS A SOLA POR PREGOS, TACHAS, PINOS E SEMELHANTES;64022000;;13;14;13;7890541220981,00;5477,00;7890541220981,00;1215496;0;5029;SAND HAV K. SLIM PR.RS/PIR 27/28;;5029;SAND HAV K. SLIM PR.RS/PIR 27/28;;;;;N;;;;;;;;;;;;;;;;2;DISTRIBUIDORA FREITAS LOPES (LA BODEGA);FL;;;;;N;;S;;;;;;N;;;;;;;;;;;;;1701;LETICIA MARIA DA SILVA;453;AMF CONSULTA;453;22/10/2020 16:02:30;09/03/2023 18:03:32;31/01/2025 10:23:23;09/03/2023 18:03:32;30/05/2019;;S;N;N;;C;;;N;;;;0,50;0,50;0,50;P;0,00;;;17,95;0,00;;0,00;28;;N;0;;;N;N;N;R;0,00;0,00;0,00;0,00;0,00;0,00;0,00;0,00;0,00;0,00;;0,00;0,00;N;N;;S;N;;;N;;;;N;;;;;S;0,00;;;N;N;;;;;N;;;;N;N;;0,00;0,00;;0,00;;0,00;0,00;0,00;0,00;0,00;0,00;0,00;0,00;;;;;;N;;0,00;;;;;;;;;N;N;;N;;;;0,00;N;;N;;;;;N;;;;;N;S;N;E;;PA;1;1;;1;;;;;;;N;;;;;N;;;;N;;;;0,00;;;;;;;;;;;;;;;N;;;;;N;;;;;;;;;1,00;1,00;;1;;;;V;N;;;;N;;;;;;;;;;;;;;;;;;N;;;;OM;;N;N;;;;;N;N;;;0;;;;;;;;;N;;1,00;;U;;;2;;N;N;N;0
5478;SAND HAV KIDS SLIM PR ICE BL 31/2;81;MARQUES & MELO LTDA;144;BAZAR/DIVERS;1405;UTILIDADES DO LAR;173;HAVAIANAS;140507;UTILIDADES DIVERSAS;;;L;OT;PAR;PA;PAR;1,00;1X1;PA;PAR;1,00;0,10;0,10;64022000.;CALCADO COM PARTE SUPERIOR EM TIRAS OU CORREIAS, FIXADOS A SOLA POR PREGOS, TACHAS, PINOS E SEMELHANTES;64022000;;13;14;13;7890541220998,00;5478,00;7890541220998,00;1215497;0;5029;SAND HAV K. SLIM PR.RS/PIR 27/28;;5478;SAND HAV KIDS SLIM PR ICE BL 31/2;;;;;N;;;;;;;;;;;;;;;;2;DISTRIBUIDORA FREITAS LOPES (LA BODEGA);FL;;;;;N;;S;;;;;;N;;;;;;;;;;;;;1701;LETICIA MARIA DA SILVA;103;ELAINE DO NASCIMENTO CABRAL SOUSA;103;15/12/1992;09/08/2023 13:59:21;31/01/2025 10:23:23;09/08/2023 13:59:21;30/05/2019;;S;N;N;;C;;;N;;;;0,50;0,50;0,50;P;0,00;;;16,47;0,00;;0,00;28;;N;0;;;N;N;N;R;0,00;0,00;0,00;0,00;0,00;0,00;0,00;0,00;0,00;0,00;;0,00;0,00;N;N;;S;N;;;N;;;;N;;;;;S;0,00;;;N;N;;;;;N;;;;N;N;;0,00;0,00;;0,00;;0,00;0,00;0,00;0,00;0,00;0,07;0,00;0,00;;;;;;N;;0,00;;;;;;;;;N;N;;N;;;;0,00;N;;N;;;;;N;;;;;N;S;N;E;;PA;1;1;;1;;;;;;;N;;;;;N;;;;N;;;;0,00;;;;;;;;;;;;;;;N;;;;;N;;;;;;;;;1,00;1,00;;1;;;;V;N;;;;N;;;;;;;;;;;;;;;;;;N;;;;OM;;N;N;;;;N;N;N;;;0;;;;;;;;;N;;1,00;;U;;;2;;N;N;N;0
385;LAMPADA PHILIPS INC 60V C/10;175;COLINA DISTRIBUIDORA DE PRODUTOS ALIMENTICIOS EIRELI;14;BAZAR;1404;LAMPADA;;;140405;LAMPADAS INCANDESCENTE;;;L;OT;UNIDADE;PC;PACOTE;1,00;CX C/ 10PC;CX;CAIXA;10,00;0,04;0,04;85393100.;LAMPADAS FLUORESCENTES, DE CATODO QUENTE.;85393100;;13;14;13;7894400002725,00;17894400002725,00;7894400002725,00;385;9;385;LAMPADA PHILIPS INC 60V C/10;;385;LAMPADA PHILIPS INC 60V C/10;;;;;N;;;;;;;;;;;;;;;;;;FL;;;; ;N;;N;;;;;;N;;;;;;;;;;;;;15;FERNANDO FREIRE;453;AMF CONSULTA;453;15/12/1992;27/12/2022 15:03:41;05/03/2024 12:05:54;27/12/2022 15:03:41;10/04/2015;;S;S;N;;C;;;N;;;1,00;0,50;0,50;0,50;P;0,00;;;1,07;0,00;;0,00;21;;N;0;;;N;N;N;R;0,00;0,00;0,00;0,00;0,00;0,00;0,00;0,00;0,00;0,00;;0,00;0,00;N;N;;S;N;;;N;;;;N;;;;;S;0,00;;;N;N;;;;;N;;;;N;N;;0,00;0,00;;0,00;;0,00;0,00;0,00;0,00;0,00;0,00;0,00;0,00;;;;;;N;;0,00;;;;;;;;;N;N;;N;;;;0,00;N;N;N;;;;;N;;;;;N;S;N;E;;PA;1;1;;1;;;;;;;N;0,00;;;;N;;;;N;;;;;;;;;;;;;;;;;;;N;;;;;N;;;;;;;;;1,00;100,00;;1;;;;V;N;;;;N;;;;;;;;;N;;;;;;;;;N;;;N;OM;;N;N;;;;;N;N;;;0;;;;;;;;;N;;1,00;;U;;;;;N;N;N;0
386;LEITE COCO SOCOCO TRAD 200ML;2116;SOCOCO S A IND ALIM;19;DOCERIA;1907;LEITE DE COCO;;;190701;LEITE COCO PEQ;;;L;OT;UNIDADE;UN;UNIDADE;1,00;CX C/ 24UN;CX;CAIXA;24,00;0,33;0,33;20098100.;SUCO (SUMO) DE QUALQUER OUTRA FRUTA OU PRODUTO HORTICOLA;20098100;;13;14;13;7896004400075,00;17896004400072,00;7896004400075,00;386;7;386;LEITE COCO SOCOCO TRAD 200ML;;386;LEITE COCO SOCOCO TRAD 200ML;;;;;N;;;;;;;;;;;;;;;;;;FL;;;;;N;;S;;;;;;N;;;;;;;;;;;;;15;FERNANDO FREIRE;453;AMF CONSULTA;453;16/12/1992;27/12/2022 15:28:22;07/05/2025 13:45:04;27/12/2022 15:28:22;10/04/2015;;S;S;N;;C;C;;N;;;1,00;0,50;0,50;0,50;P;0,00;;;3,64;0,00;;0,00;21;;S;0;;;N;N;N;R;0,00;0,00;0,00;0,00;0,00;0,00;0,00;0,00;0,00;0,00;;0,00;0,00;N;N;;S;N;;;N;;;;N;;;;;S;0,00;;;N;N;;;;;N;;;;N;N;;0,00;0,00;;0,00;;0,00;0,00;0,00;0,00;0,00;0,00;0,00;0,00;;;;;;N;;0,00;;;;;;;;;N;N;;N;;;;0,00;N;N;N;;;;;N;;;;;S;S;N;E;;PA;1;1;;1;;0,00;;7,90;;;N;0,00;;;;N;;;;N;;;;0,00;;;;;;;;;29/03/2018;;;;;;N;;;;;N;;;;;;;;;1,00;100,00;;1;;;;V;N;;;;N;;;;;;;;;N;;;;;;;;;N;;;N;OM;;N;N;;;;;N;N;;;0;;;;;;;;;N;;1,00;;U;;;2;;N;N;N;0
387;LEITE COCO SOCOCO TRAD 500ML;2116;SOCOCO S A IND ALIM;19;DOCERIA;1907;LEITE DE COCO;;;190701;LEITE COCO PEQ;;;L;OT;UNIDADE;UN;UNIDADE;1,00;CX C/ 12UN;CX;CAIXA;12,00;0,74;0,74;20098990.;OUTROS SUCOS(SUMO) D/QQ.OUTRA FRUTA, PROD. HORTICULA ;20098990;;13;14;13;7896004400082,00;37896004400083,00;7896004400082,00;387;5;387;LEITE COCO SOCOCO TRAD 500ML;;387;LEITE COCO SOCOCO TRAD 500ML;;;;;N;;;;;;;;;;;;;;;;;;FL;;;;;N;;S;;;;;;N;;;;;;;;;;;;;15;FERNANDO FREIRE;453;AMF CONSULTA;453;15/12/1992;27/12/2022 15:28:22;02/03/2025 14:53:01;27/12/2022 15:28:22;10/04/2015;;S;S;N;;C;C;;N;;;1,00;0,50;0,50;0,50;P;0,00;;;10,08;0,00;;0,00;21;;S;0;;;N;N;N;R;0,00;0,00;0,00;0,00;0,00;0,00;0,00;0,00;0,00;0,00;;0,00;0,00;N;N;;S;N;;;N;;;;N;;;;;S;0,00;;;N;N;;;;;N;;;;N;N;;0,00;0,00;;0,00;;0,00;0,00;0,00;0,00;0,00;0,00;0,00;0,00;;;;;;N;;0,00;;;;;;;;;N;N;;N;;;;0,00;N;N;N;;;;;N;;;;;S;S;N;E;;PA;1;1;;1;;0,00;;8,90;;1,00;N;0,00;;;;N;;;;N;;;;0,00;;;;;;;;;;;;;;;N;;;;;N;;;;;;;;;1,00;100,00;;1;;;;V;N;;;;N;;;;;;;;;N;;;;;;;;;N;;;N;OM;;N;N;;;;;N;N;;;0;;;;;;;;;N;;1,00;;U;;;;;N;N;N;0
388;LEITE COCO TAMBAU 200ML;111;TAMBAU INDUSTRIA ALIMENTICIA LTDA;19;DOCERIA;1906;DOCES ESPECIAIS;;;190601;DOCES ESPECIAIS DIVERSOS;;;L;OT;UNIDADE;UN;UNIDADE;1,00;CX C/ 24UN;CX;CAIXA;24,00;0,33;0,33;20098100.;SUCO (SUMO) DE QUALQUER OUTRA FRUTA OU PRODUTO HORTICOLA;20098100;;13;14;13;7896945400738,00;17896945400735,00;7896945400738,00;0302001;3;388;LEITE COCO TAMBAU 200ML;;388;LEITE COCO TAMBAU 200ML;;;;;N;;;;;;;;;;;;;;;;;;FL;;;;;N;;S;;;;;;N;;;;;;;;;;;;;15;FERNANDO FREIRE;453;AMF CONSULTA;453;15/12/1992;27/12/2022 15:28:22;02/03/2025 14:53:01;27/12/2022 15:28:22;10/04/2015;;S;S;N;;C;C;;N;;;1,00;0,50;0,50;0,50;P;0,00;;;1,68;0,00;;0,00;21;;S;0;;;N;N;N;R;10,00;0,00;0,00;0,00;0,00;0,00;0,00;0,00;0,00;0,00;;0,00;0,00;N;N;;S;N;;;N;;;;N;;;;;S;0,00;;;N;N;;;;;N;;;;N;N;;0,00;0,00;;0,00;;0,00;0,00;0,00;0,00;0,00;0,00;0,00;0,00;;;;;;N;;0,00;;;;;;;;;N;N;;N;;;;10,00;N;N;N;;;;;N;;;;;S;S;N;E;720;PA;1;1;;1;;0,00;;7,87;;;N;0,00;;;;N;;;;N;;;;;;;;;;;;;;;;;100,00;60,00;N;;;;;N;;;;;;;;;1,00;100,00;;1;;;;V;N;576;;;N;;;;;;;;;N;;;;;;;;;N;;;N;OM;;N;N;;;;;N;N;;;0;;;;;;;;;N;;1,00;;U;;;;;N;N;N;0
389;LEITE COCO TAMBAU 500ML;111;TAMBAU INDUSTRIA ALIMENTICIA LTDA;19;DOCERIA;1906;DOCES ESPECIAIS;;;190601;DOCES ESPECIAIS DIVERSOS;;;L;OT;UNIDADE;UN;UNIDADE;1,00;CX C/ 12UN;CX;CAIXA;12,00;0,73;0,73;20098100.;SUCO (SUMO) DE QUALQUER OUTRA FRUTA OU PRODUTO HORTICOLA;20098100;;13;14;13;7896945402039,00;17896945402036,00;7896945402039,00;0302002;1;389;LEITE COCO TAMBAU 500ML;;389;LEITE COCO TAMBAU 500ML;;;;;N;;;;;;;;;;;;;;;;;;FL;;;;;N;;S;;;;;;N;;;;;;;;;;;;;15;FERNANDO FREIRE;453;AMF CONSULTA;453;15/12/1992;27/12/2022 15:28:43;02/03/2025 14:53:01;27/12/2022 15:28:43;10/04/2015;;S;S;N;;C;C;;N;;;1,00;0,50;0,50;0,50;P;0,00;;;3,52;0,00;;0,00;21;;S;0;;;N;N;N;R;10,00;0,00;0,00;0,00;0,00;0,00;0,00;0,00;0,00;0,00;;0,00;0,00;N;N;;S;N;;;N;;;;N;;;;;S;0,00;;;N;N;;;;;N;;;;N;N;;0,00;0,00;;0,00;;0,00;0,00;0,00;0,00;0,00;0,00;0,00;0,00;;;;;;N;;0,00;;;;;;;;;N;N;;N;;;;10,00;N;N;N;;;;;N;;;;;S;S;N;E;720;PA;1;1;;1;;0,00;;8,76;;1,00;N;0,00;;;;N;;;;N;;;;;;;;;;;;;;;;;100,00;60,00;N;;;;;N;;;;;;;;;1,00;100,00;;1;;;;V;N;576;;;N;;;;;;;;;N;;;;;;;;;N;;;N;OM;;N;N;;;;;N;N;;;0;;;;;;;;;N;;1,00;;U;;;;;N;N;N;0
5375;SAND HAV NV TRIA GL AREIA 35/36;81;MARQUES & MELO LTDA;144;BAZAR/DIVERS;1405;UTILIDADES DO LAR;173;HAVAIANAS;140507;UTILIDADES DIVERSAS;;;L;OT;PAR;UN;UNIDADE;1,00;1X1;UN;UNIDADE;1,00;0,10;0,10;64022000.;CALCADO COM PARTE SUPERIOR EM TIRAS OU CORREIAS, FIXADOS A SOLA POR PREGOS, TACHAS, PINOS E SEMELHANTES;64022000;;13;14;;5375,00;5375,00;;1216505;0;5375;SAND HAV NV TRIA GL AREIA 35/36;;5375;SAND HAV NV TRIA GL AREIA 35/36;;;;;N;;;;;;;;;;;;;;;;2;DISTRIBUIDORA FREITAS LOPES (LA BODEGA);FL;;;;;N;;S;;;;;;N;;;;;;;;;;;;;1701;LETICIA MARIA DA SILVA;453;AMF CONSULTA;453;22/10/2020 16:07:27;19/12/2022 17:13:57;31/01/2025 10:23:23;19/12/2022 17:13:57;29/04/2019;;S;N;N;;C;;;N;;;;0,50;0,50;0,50;P;0,00;;;13,10;0,00;;0,00;28;;N;0;;;N;N;N;R;0,00;0,00;0,00;0,00;0,00;0,00;0,00;0,00;0,00;0,00;;0,00;0,00;N;N;;S;N;;;N;;;;N;;;;;S;0,00;;;N;N;;;;;N;;;;N;N;;0,00;0,00;;0,00;;0,00;0,00;0,00;0,00;0,00;0,00;0,00;0,00;;;;;;N;;0,00;;;;;;;;;N;N;;N;;;;0,00;N;;N;;;;;N;;;;;N;S;N;E;;PA;1;1;;1;;;;;;;N;;;;;N;;;;N;;;;0,00;;;;;;;;;;;;;;;N;;;;;N;;;;;;;;;1,00;1,00;;1;;;;V;N;;;;N;;;;;;;;;;;;;;;;;;N;;;;OM;;N;N;;;;;N;N;;;0;;;;;;;;;N;;1,00;;U;;;2;;N;N;N;0
5458;CHARQUE LITORAL PA J BEEF 5KG;1327;PIRAMBU COMERCIO DE CARNES LTDA;26;PERECIVEL;2601;CHARQUE;;;260101;CHARQUE PECA 5KG;;;L;OT;5KG;PC;PACOTE;1,00;CX C/ 06PC;CX;CAIXA;6,00;5,24;5,24;02102000.;CARNES BOVINAS,SALGADAS,SECAS OU DEFUMS.;02102000;;13;14;13;7898044486026,00;4005458001018,00;7898044486026,00;8;3;5458;CHARQUE LITORAL PA J BEEF 5KG;;5458;CHARQUE LITORAL PA J BEEF 5KG;;;;;N;;;;;;;;;;;;;;;;;;FL;;;;;N;;S;;;;;;N;;;;;;;;;;;;;1701;LETICIA MARIA DA SILVA;453;AMF CONSULTA;453;27/07/2019;17/08/2022 16:58:01;07/05/2025 13:45:04;17/08/2022 16:58:01;30/05/2019;;S;S;N;;C;A;;N;;;1,00;0,50;0,50;0,50;P;0,00;;;67,50;0,00;;0,00;21;;S;0;;;N;N;N;R;0,00;0,00;0,00;0,00;0,00;0,00;0,00;0,00;0,00;0,00;;0,00;0,00;N;N;;S;N;;;N;;;;N;;;;;S;0,00;;;N;N;;;;;N;;;;N;N;;0,00;0,00;;0,00;;0,00;0,00;0,00;0,00;0,00;0,00;0,00;0,00;;;;;;N;;0,00;;;;;;;;;N;N;;N;;;;0,00;N;N;N;;;;;N;;;;;S;S;N;E;;PA;1;1;;1;;0,01;;31,46;;;N;0,00;;;;N;;;;N;;;;0,00;;;;;;;;;;;;;;;N;;;;;N;;;;;;;;;1,00;100,00;;1;;;;V;N;;;;N;;;;;;;;;N;;;;;;;;;N;;;N;OM;;N;N;;;;;N;N;;;0;;;;;;;;;N;;1,00;;U;;;;;N;N;N;0
